date,country,arrivals,arrivals_male,arrivals_female
2020-01-01,ALL,2923053,1598823,1324230
2020-02-01,ALL,1997322,1186644,810678
2020-03-01,ALL,1065039,638642,426397
2020-04-01,ALL,15077,14086,991
2020-05-01,ALL,14282,13195,1087
2020-06-01,ALL,14400,13103,1297
2020-07-01,ALL,20345,17607,2738
2020-08-01,ALL,22229,19152,3077
2020-09-01,ALL,22642,19814,2828
2020-10-01,ALL,22749,20108,2641
2020-11-01,ALL,24973,22337,2636
2020-12-01,ALL,29897,27721,2176
2021-01-01,ALL,35867,33715,2152
2021-02-01,ALL,33309,31254,2055
2021-03-01,ALL,42434,38999,3435
2021-04-01,ALL,37880,34692,3188
2021-05-01,ALL,35434,33309,2125
2021-06-01,ALL,29607,28412,1195
2021-07-01,ALL,31331,29497,1834
2021-08-01,ALL,31658,29346,2312
2021-09-01,ALL,35017,32647,2370
2021-10-01,ALL,38564,34973,3591
2021-11-01,ALL,42323,37529,4794
2021-12-01,ALL,77135,60339,16796
2022-01-01,ALL,76559,60079,16480
2022-02-01,ALL,68753,55801,12952
2022-03-01,ALL,92455,72545,19910
2022-04-01,ALL,604690,382594,222096
2022-05-01,ALL,1037181,633842,403339
2022-06-01,ALL,1389092,813559,575533
2022-07-01,ALL,1699890,986785,713105
2022-08-01,ALL,1808373,1059751,748622
2022-09-01,ALL,1900183,1095258,804925
2022-10-01,ALL,2022369,1156405,865964
2022-11-01,ALL,2048419,1177765,870654
2022-12-01,ALL,2400548,1306834,1093714
2023-01-01,ALL,2234972,1254853,980119
2023-02-01,ALL,2047306,1187808,859498
2023-03-01,ALL,2388103,1355674,1032429
2023-04-01,ALL,2282367,1259274,1023093
2023-05-01,ALL,2416296,1375694,1040602
2023-06-01,ALL,2399593,1318503,1081090
2023-07-01,ALL,2829817,1550303,1279514
2023-08-01,ALL,2701427,1511318,1190109
2023-09-01,ALL,2718469,1514846,1203623
2023-10-01,ALL,2656279,1479097,1177182
2023-11-01,ALL,2663169,1473022,1190147
2023-12-01,ALL,3177506,1694180,1483326
2024-01-01,ALL,2573413,1400702,1172711
2024-02-01,ALL,2792284,1506816,1285468
2024-03-01,ALL,3253261,1737534,1515727
2024-04-01,ALL,2934252,1595109,1339143
2024-05-01,ALL,3198870,1772729,1426141
2024-06-01,ALL,3519432,1855032,1664400
2024-07-01,ALL,3528343,1862087,1666256
2024-08-01,ALL,3770832,1992771,1778061
2024-09-01,ALL,3228672,1746937,1481735
2024-10-01,ALL,3099807,1679534,1420273
2020-01-01,ABW,0,0,0
2020-02-01,ABW,0,0,0
2020-03-01,ABW,0,0,0
2020-04-01,ABW,0,0,0
2020-05-01,ABW,0,0,0
2020-06-01,ABW,0,0,0
2020-07-01,ABW,0,0,0
2020-08-01,ABW,0,0,0
2020-09-01,ABW,0,0,0
2020-10-01,ABW,0,0,0
2020-11-01,ABW,0,0,0
2020-12-01,ABW,0,0,0
2021-01-01,ABW,0,0,0
2021-02-01,ABW,0,0,0
2021-03-01,ABW,0,0,0
2021-04-01,ABW,0,0,0
2021-05-01,ABW,0,0,0
2021-06-01,ABW,0,0,0
2021-07-01,ABW,0,0,0
2021-08-01,ABW,0,0,0
2021-09-01,ABW,0,0,0
2021-10-01,ABW,0,0,0
2021-11-01,ABW,0,0,0
2021-12-01,ABW,0,0,0
2022-01-01,ABW,0,0,0
2022-02-01,ABW,0,0,0
2022-03-01,ABW,0,0,0
2022-04-01,ABW,1,0,1
2022-05-01,ABW,0,0,0
2022-06-01,ABW,1,0,1
2022-07-01,ABW,0,0,0
2022-08-01,ABW,0,0,0
2022-09-01,ABW,0,0,0
2022-10-01,ABW,0,0,0
2022-11-01,ABW,0,0,0
2022-12-01,ABW,0,0,0
2023-01-01,ABW,0,0,0
2023-02-01,ABW,0,0,0
2023-03-01,ABW,0,0,0
2023-04-01,ABW,0,0,0
2023-05-01,ABW,0,0,0
2023-06-01,ABW,0,0,0
2023-07-01,ABW,0,0,0
2023-08-01,ABW,0,0,0
2023-09-01,ABW,0,0,0
2023-10-01,ABW,0,0,0
2023-11-01,ABW,0,0,0
2023-12-01,ABW,0,0,0
2024-01-01,ABW,0,0,0
2024-02-01,ABW,0,0,0
2024-03-01,ABW,0,0,0
2024-04-01,ABW,0,0,0
2024-05-01,ABW,0,0,0
2024-06-01,ABW,0,0,0
2024-07-01,ABW,0,0,0
2024-08-01,ABW,0,0,0
2024-09-01,ABW,0,0,0
2024-10-01,ABW,0,0,0
2020-01-01,AFG,183,162,21
2020-02-01,AFG,254,191,63
2020-03-01,AFG,87,71,16
2020-04-01,AFG,0,0,0
2020-05-01,AFG,1,1,0
2020-06-01,AFG,1,1,0
2020-07-01,AFG,6,3,3
2020-08-01,AFG,2,2,0
2020-09-01,AFG,12,7,5
2020-10-01,AFG,12,7,5
2020-11-01,AFG,4,4,0
2020-12-01,AFG,2,2,0
2021-01-01,AFG,15,10,5
2021-02-01,AFG,17,15,2
2021-03-01,AFG,36,29,7
2021-04-01,AFG,30,26,4
2021-05-01,AFG,26,18,8
2021-06-01,AFG,6,3,3
2021-07-01,AFG,10,7,3
2021-08-01,AFG,15,12,3
2021-09-01,AFG,8,4,4
2021-10-01,AFG,16,11,5
2021-11-01,AFG,57,36,21
2021-12-01,AFG,68,44,24
2022-01-01,AFG,65,52,13
2022-02-01,AFG,76,53,23
2022-03-01,AFG,94,64,30
2022-04-01,AFG,103,78,25
2022-05-01,AFG,127,94,33
2022-06-01,AFG,102,73,29
2022-07-01,AFG,63,44,19
2022-08-01,AFG,74,50,24
2022-09-01,AFG,51,45,6
2022-10-01,AFG,48,31,17
2022-11-01,AFG,27,21,6
2022-12-01,AFG,35,29,6
2023-01-01,AFG,60,49,11
2023-02-01,AFG,40,36,4
2023-03-01,AFG,30,26,4
2023-04-01,AFG,35,27,8
2023-05-01,AFG,54,38,16
2023-06-01,AFG,44,34,10
2023-07-01,AFG,71,42,29
2023-08-01,AFG,94,63,31
2023-09-01,AFG,66,54,12
2023-10-01,AFG,73,57,16
2023-11-01,AFG,44,34,10
2023-12-01,AFG,73,54,19
2024-01-01,AFG,74,62,12
2024-02-01,AFG,54,38,16
2024-03-01,AFG,47,42,5
2024-04-01,AFG,77,56,21
2024-05-01,AFG,45,29,16
2024-06-01,AFG,36,27,9
2024-07-01,AFG,50,33,17
2024-08-01,AFG,37,29,8
2024-09-01,AFG,81,62,19
2024-10-01,AFG,80,49,31
2020-01-01,AGO,9,6,3
2020-02-01,AGO,8,6,2
2020-03-01,AGO,1,0,1
2020-04-01,AGO,0,0,0
2020-05-01,AGO,0,0,0
2020-06-01,AGO,0,0,0
2020-07-01,AGO,0,0,0
2020-08-01,AGO,0,0,0
2020-09-01,AGO,0,0,0
2020-10-01,AGO,0,0,0
2020-11-01,AGO,0,0,0
2020-12-01,AGO,0,0,0
2021-01-01,AGO,0,0,0
2021-02-01,AGO,0,0,0
2021-03-01,AGO,0,0,0
2021-04-01,AGO,0,0,0
2021-05-01,AGO,0,0,0
2021-06-01,AGO,0,0,0
2021-07-01,AGO,0,0,0
2021-08-01,AGO,4,3,1
2021-09-01,AGO,0,0,0
2021-10-01,AGO,0,0,0
2021-11-01,AGO,0,0,0
2021-12-01,AGO,0,0,0
2022-01-01,AGO,4,3,1
2022-02-01,AGO,0,0,0
2022-03-01,AGO,0,0,0
2022-04-01,AGO,3,2,1
2022-05-01,AGO,2,2,0
2022-06-01,AGO,0,0,0
2022-07-01,AGO,1,0,1
2022-08-01,AGO,0,0,0
2022-09-01,AGO,12,5,7
2022-10-01,AGO,6,5,1
2022-11-01,AGO,4,4,0
2022-12-01,AGO,3,3,0
2023-01-01,AGO,1,1,0
2023-02-01,AGO,5,4,1
2023-03-01,AGO,22,20,2
2023-04-01,AGO,2,0,2
2023-05-01,AGO,6,5,1
2023-06-01,AGO,12,8,4
2023-07-01,AGO,8,8,0
2023-08-01,AGO,4,3,1
2023-09-01,AGO,7,3,4
2023-10-01,AGO,5,4,1
2023-11-01,AGO,3,3,0
2023-12-01,AGO,3,1,2
2024-01-01,AGO,10,7,3
2024-02-01,AGO,1,1,0
2024-03-01,AGO,10,4,6
2024-04-01,AGO,2,1,1
2024-05-01,AGO,2,2,0
2024-06-01,AGO,9,7,2
2024-07-01,AGO,3,2,1
2024-08-01,AGO,10,4,6
2024-09-01,AGO,21,13,8
2024-10-01,AGO,11,9,2
2020-01-01,AIA,0,0,0
2020-02-01,AIA,0,0,0
2020-03-01,AIA,0,0,0
2020-04-01,AIA,0,0,0
2020-05-01,AIA,0,0,0
2020-06-01,AIA,0,0,0
2020-07-01,AIA,0,0,0
2020-08-01,AIA,0,0,0
2020-09-01,AIA,0,0,0
2020-10-01,AIA,0,0,0
2020-11-01,AIA,0,0,0
2020-12-01,AIA,0,0,0
2021-01-01,AIA,0,0,0
2021-02-01,AIA,0,0,0
2021-03-01,AIA,0,0,0
2021-04-01,AIA,0,0,0
2021-05-01,AIA,0,0,0
2021-06-01,AIA,0,0,0
2021-07-01,AIA,0,0,0
2021-08-01,AIA,0,0,0
2021-09-01,AIA,0,0,0
2021-10-01,AIA,0,0,0
2021-11-01,AIA,0,0,0
2021-12-01,AIA,0,0,0
2022-01-01,AIA,0,0,0
2022-02-01,AIA,0,0,0
2022-03-01,AIA,0,0,0
2022-04-01,AIA,0,0,0
2022-05-01,AIA,0,0,0
2022-06-01,AIA,0,0,0
2022-07-01,AIA,0,0,0
2022-08-01,AIA,0,0,0
2022-09-01,AIA,0,0,0
2022-10-01,AIA,0,0,0
2022-11-01,AIA,1,1,0
2022-12-01,AIA,0,0,0
2023-01-01,AIA,0,0,0
2023-02-01,AIA,0,0,0
2023-03-01,AIA,0,0,0
2023-04-01,AIA,0,0,0
2023-05-01,AIA,0,0,0
2023-06-01,AIA,0,0,0
2023-07-01,AIA,0,0,0
2023-08-01,AIA,0,0,0
2023-09-01,AIA,0,0,0
2023-10-01,AIA,0,0,0
2023-11-01,AIA,1,1,0
2023-12-01,AIA,0,0,0
2024-01-01,AIA,0,0,0
2024-02-01,AIA,0,0,0
2024-03-01,AIA,1,0,1
2024-04-01,AIA,0,0,0
2024-05-01,AIA,0,0,0
2024-06-01,AIA,1,1,0
2024-07-01,AIA,1,0,1
2024-08-01,AIA,1,0,1
2024-09-01,AIA,0,0,0
2024-10-01,AIA,0,0,0
2020-01-01,ALB,109,56,53
2020-02-01,ALB,57,30,27
2020-03-01,ALB,27,17,10
2020-04-01,ALB,0,0,0
2020-05-01,ALB,0,0,0
2020-06-01,ALB,0,0,0
2020-07-01,ALB,0,0,0
2020-08-01,ALB,0,0,0
2020-09-01,ALB,0,0,0
2020-10-01,ALB,3,2,1
2020-11-01,ALB,0,0,0
2020-12-01,ALB,1,1,0
2021-01-01,ALB,1,1,0
2021-02-01,ALB,0,0,0
2021-03-01,ALB,0,0,0
2021-04-01,ALB,4,3,1
2021-05-01,ALB,1,0,1
2021-06-01,ALB,1,0,1
2021-07-01,ALB,0,0,0
2021-08-01,ALB,0,0,0
2021-09-01,ALB,2,1,1
2021-10-01,ALB,1,1,0
2021-11-01,ALB,0,0,0
2021-12-01,ALB,5,4,1
2022-01-01,ALB,5,4,1
2022-02-01,ALB,3,2,1
2022-03-01,ALB,3,2,1
2022-04-01,ALB,19,11,8
2022-05-01,ALB,20,15,5
2022-06-01,ALB,13,8,5
2022-07-01,ALB,33,20,13
2022-08-01,ALB,54,35,19
2022-09-01,ALB,42,21,21
2022-10-01,ALB,64,47,17
2022-11-01,ALB,41,27,14
2022-12-01,ALB,53,32,21
2023-01-01,ALB,55,34,21
2023-02-01,ALB,37,26,11
2023-03-01,ALB,51,35,16
2023-04-01,ALB,45,35,10
2023-05-01,ALB,47,34,13
2023-06-01,ALB,26,20,6
2023-07-01,ALB,47,30,17
2023-08-01,ALB,68,42,26
2023-09-01,ALB,60,37,23
2023-10-01,ALB,62,38,24
2023-11-01,ALB,55,38,17
2023-12-01,ALB,74,53,21
2024-01-01,ALB,73,47,26
2024-02-01,ALB,46,29,17
2024-03-01,ALB,102,49,53
2024-04-01,ALB,51,28,23
2024-05-01,ALB,42,25,17
2024-06-01,ALB,46,28,18
2024-07-01,ALB,59,37,22
2024-08-01,ALB,79,41,38
2024-09-01,ALB,107,57,50
2024-10-01,ALB,167,87,80
2020-01-01,AND,5,3,2
2020-02-01,AND,9,5,4
2020-03-01,AND,1,1,0
2020-04-01,AND,0,0,0
2020-05-01,AND,0,0,0
2020-06-01,AND,0,0,0
2020-07-01,AND,0,0,0
2020-08-01,AND,0,0,0
2020-09-01,AND,0,0,0
2020-10-01,AND,0,0,0
2020-11-01,AND,0,0,0
2020-12-01,AND,0,0,0
2021-01-01,AND,0,0,0
2021-02-01,AND,0,0,0
2021-03-01,AND,0,0,0
2021-04-01,AND,0,0,0
2021-05-01,AND,0,0,0
2021-06-01,AND,0,0,0
2021-07-01,AND,0,0,0
2021-08-01,AND,0,0,0
2021-09-01,AND,0,0,0
2021-10-01,AND,0,0,0
2021-11-01,AND,0,0,0
2021-12-01,AND,0,0,0
2022-01-01,AND,0,0,0
2022-02-01,AND,0,0,0
2022-03-01,AND,0,0,0
2022-04-01,AND,2,2,0
2022-05-01,AND,2,1,1
2022-06-01,AND,3,1,2
2022-07-01,AND,5,2,3
2022-08-01,AND,5,2,3
2022-09-01,AND,9,5,4
2022-10-01,AND,6,3,3
2022-11-01,AND,4,1,3
2022-12-01,AND,0,0,0
2023-01-01,AND,3,1,2
2023-02-01,AND,5,3,2
2023-03-01,AND,0,0,0
2023-04-01,AND,4,2,2
2023-05-01,AND,3,2,1
2023-06-01,AND,1,1,0
2023-07-01,AND,7,3,4
2023-08-01,AND,17,8,9
2023-09-01,AND,8,4,4
2023-10-01,AND,15,11,4
2023-11-01,AND,9,4,5
2023-12-01,AND,16,8,8
2024-01-01,AND,1,1,0
2024-02-01,AND,6,2,4
2024-03-01,AND,14,8,6
2024-04-01,AND,5,3,2
2024-05-01,AND,15,13,2
2024-06-01,AND,14,10,4
2024-07-01,AND,30,14,16
2024-08-01,AND,16,9,7
2024-09-01,AND,17,12,5
2024-10-01,AND,15,11,4
2020-01-01,ANT,0,0,0
2020-02-01,ANT,0,0,0
2020-03-01,ANT,0,0,0
2020-04-01,ANT,0,0,0
2020-05-01,ANT,0,0,0
2020-06-01,ANT,0,0,0
2020-07-01,ANT,0,0,0
2020-08-01,ANT,0,0,0
2020-09-01,ANT,0,0,0
2020-10-01,ANT,0,0,0
2020-11-01,ANT,0,0,0
2020-12-01,ANT,0,0,0
2021-01-01,ANT,0,0,0
2021-02-01,ANT,0,0,0
2021-03-01,ANT,0,0,0
2021-04-01,ANT,0,0,0
2021-05-01,ANT,0,0,0
2021-06-01,ANT,0,0,0
2021-07-01,ANT,1,0,1
2021-08-01,ANT,0,0,0
2021-09-01,ANT,0,0,0
2021-10-01,ANT,0,0,0
2021-11-01,ANT,0,0,0
2021-12-01,ANT,0,0,0
2022-01-01,ANT,0,0,0
2022-02-01,ANT,0,0,0
2022-03-01,ANT,0,0,0
2022-04-01,ANT,0,0,0
2022-05-01,ANT,0,0,0
2022-06-01,ANT,0,0,0
2022-07-01,ANT,0,0,0
2022-08-01,ANT,0,0,0
2022-09-01,ANT,0,0,0
2022-10-01,ANT,0,0,0
2022-11-01,ANT,0,0,0
2022-12-01,ANT,0,0,0
2023-01-01,ANT,0,0,0
2023-02-01,ANT,0,0,0
2023-03-01,ANT,0,0,0
2023-04-01,ANT,0,0,0
2023-05-01,ANT,0,0,0
2023-06-01,ANT,0,0,0
2023-07-01,ANT,0,0,0
2023-08-01,ANT,0,0,0
2023-09-01,ANT,0,0,0
2023-10-01,ANT,0,0,0
2023-11-01,ANT,0,0,0
2023-12-01,ANT,0,0,0
2024-01-01,ANT,1,0,1
2024-02-01,ANT,0,0,0
2024-03-01,ANT,0,0,0
2024-04-01,ANT,0,0,0
2024-05-01,ANT,0,0,0
2024-06-01,ANT,0,0,0
2024-07-01,ANT,1,1,0
2024-08-01,ANT,0,0,0
2024-09-01,ANT,0,0,0
2024-10-01,ANT,0,0,0
2020-01-01,ARE,401,272,129
2020-02-01,ARE,252,181,71
2020-03-01,ARE,64,53,11
2020-04-01,ARE,2,2,0
2020-05-01,ARE,0,0,0
2020-06-01,ARE,2,2,0
2020-07-01,ARE,5,1,4
2020-08-01,ARE,8,5,3
2020-09-01,ARE,1,0,1
2020-10-01,ARE,6,4,2
2020-11-01,ARE,0,0,0
2020-12-01,ARE,10,5,5
2021-01-01,ARE,8,7,1
2021-02-01,ARE,2,1,1
2021-03-01,ARE,4,4,0
2021-04-01,ARE,5,4,1
2021-05-01,ARE,11,6,5
2021-06-01,ARE,1,0,1
2021-07-01,ARE,1,1,0
2021-08-01,ARE,1,1,0
2021-09-01,ARE,45,44,1
2021-10-01,ARE,2,2,0
2021-11-01,ARE,2,1,1
2021-12-01,ARE,21,15,6
2022-01-01,ARE,10,7,3
2022-02-01,ARE,6,5,1
2022-03-01,ARE,34,19,15
2022-04-01,ARE,65,38,27
2022-05-01,ARE,230,158,72
2022-06-01,ARE,195,132,63
2022-07-01,ARE,711,371,340
2022-08-01,ARE,645,339,306
2022-09-01,ARE,234,175,59
2022-10-01,ARE,356,259,97
2022-11-01,ARE,404,278,126
2022-12-01,ARE,734,377,357
2023-01-01,ARE,286,177,109
2023-02-01,ARE,286,197,89
2023-03-01,ARE,241,174,67
2023-04-01,ARE,210,126,84
2023-05-01,ARE,606,453,153
2023-06-01,ARE,766,421,345
2023-07-01,ARE,2215,1098,1117
2023-08-01,ARE,1518,791,727
2023-09-01,ARE,379,253,126
2023-10-01,ARE,427,262,165
2023-11-01,ARE,385,245,140
2023-12-01,ARE,1156,603,553
2024-01-01,ARE,366,244,122
2024-02-01,ARE,392,247,145
2024-03-01,ARE,176,110,66
2024-04-01,ARE,528,303,225
2024-05-01,ARE,320,201,119
2024-06-01,ARE,726,410,316
2024-07-01,ARE,1734,843,891
2024-08-01,ARE,1292,705,587
2024-09-01,ARE,320,209,111
2024-10-01,ARE,358,234,124
2020-01-01,ARG,1467,762,705
2020-02-01,ARG,824,444,380
2020-03-01,ARG,511,270,241
2020-04-01,ARG,0,0,0
2020-05-01,ARG,0,0,0
2020-06-01,ARG,0,0,0
2020-07-01,ARG,4,2,2
2020-08-01,ARG,2,0,2
2020-09-01,ARG,1,1,0
2020-10-01,ARG,1,0,1
2020-11-01,ARG,3,3,0
2020-12-01,ARG,10,5,5
2021-01-01,ARG,13,4,9
2021-02-01,ARG,4,4,0
2021-03-01,ARG,8,6,2
2021-04-01,ARG,2,1,1
2021-05-01,ARG,6,6,0
2021-06-01,ARG,7,4,3
2021-07-01,ARG,10,8,2
2021-08-01,ARG,19,13,6
2021-09-01,ARG,4,1,3
2021-10-01,ARG,12,7,5
2021-11-01,ARG,1,0,1
2021-12-01,ARG,11,5,6
2022-01-01,ARG,42,24,18
2022-02-01,ARG,19,13,6
2022-03-01,ARG,25,15,10
2022-04-01,ARG,100,72,28
2022-05-01,ARG,172,105,67
2022-06-01,ARG,184,109,75
2022-07-01,ARG,282,164,118
2022-08-01,ARG,259,144,115
2022-09-01,ARG,296,171,125
2022-10-01,ARG,381,211,170
2022-11-01,ARG,361,220,141
2022-12-01,ARG,311,164,147
2023-01-01,ARG,710,379,331
2023-02-01,ARG,456,263,193
2023-03-01,ARG,536,292,244
2023-04-01,ARG,523,270,253
2023-05-01,ARG,457,246,211
2023-06-01,ARG,313,180,133
2023-07-01,ARG,503,266,237
2023-08-01,ARG,484,256,228
2023-09-01,ARG,484,270,214
2023-10-01,ARG,512,295,217
2023-11-01,ARG,556,312,244
2023-12-01,ARG,628,316,312
2024-01-01,ARG,1211,586,625
2024-02-01,ARG,782,399,383
2024-03-01,ARG,767,405,362
2024-04-01,ARG,657,323,334
2024-05-01,ARG,571,307,264
2024-06-01,ARG,549,292,257
2024-07-01,ARG,534,266,268
2024-08-01,ARG,552,297,255
2024-09-01,ARG,494,272,222
2024-10-01,ARG,513,263,250
2020-01-01,ARM,91,27,64
2020-02-01,ARM,69,38,31
2020-03-01,ARM,24,12,12
2020-04-01,ARM,0,0,0
2020-05-01,ARM,0,0,0
2020-06-01,ARM,0,0,0
2020-07-01,ARM,0,0,0
2020-08-01,ARM,0,0,0
2020-09-01,ARM,0,0,0
2020-10-01,ARM,0,0,0
2020-11-01,ARM,0,0,0
2020-12-01,ARM,0,0,0
2021-01-01,ARM,0,0,0
2021-02-01,ARM,1,0,1
2021-03-01,ARM,1,0,1
2021-04-01,ARM,1,1,0
2021-05-01,ARM,1,0,1
2021-06-01,ARM,0,0,0
2021-07-01,ARM,3,2,1
2021-08-01,ARM,0,0,0
2021-09-01,ARM,0,0,0
2021-10-01,ARM,0,0,0
2021-11-01,ARM,0,0,0
2021-12-01,ARM,1,0,1
2022-01-01,ARM,6,2,4
2022-02-01,ARM,1,0,1
2022-03-01,ARM,2,0,2
2022-04-01,ARM,10,3,7
2022-05-01,ARM,11,4,7
2022-06-01,ARM,17,5,12
2022-07-01,ARM,32,17,15
2022-08-01,ARM,22,12,10
2022-09-01,ARM,36,20,16
2022-10-01,ARM,34,21,13
2022-11-01,ARM,32,12,20
2022-12-01,ARM,55,26,29
2023-01-01,ARM,56,27,29
2023-02-01,ARM,45,20,25
2023-03-01,ARM,131,53,78
2023-04-01,ARM,50,34,16
2023-05-01,ARM,72,35,37
2023-06-01,ARM,112,37,75
2023-07-01,ARM,135,52,83
2023-08-01,ARM,54,27,27
2023-09-01,ARM,60,35,25
2023-10-01,ARM,282,87,195
2023-11-01,ARM,39,23,16
2023-12-01,ARM,63,30,33
2024-01-01,ARM,119,57,62
2024-02-01,ARM,176,65,111
2024-03-01,ARM,67,23,44
2024-04-01,ARM,109,34,75
2024-05-01,ARM,68,37,31
2024-06-01,ARM,70,37,33
2024-07-01,ARM,56,21,35
2024-08-01,ARM,97,45,52
2024-09-01,ARM,80,34,46
2024-10-01,ARM,68,39,29
2020-01-01,ATA,0,0,0
2020-02-01,ATA,1,0,1
2020-03-01,ATA,0,0,0
2020-04-01,ATA,0,0,0
2020-05-01,ATA,0,0,0
2020-06-01,ATA,0,0,0
2020-07-01,ATA,0,0,0
2020-08-01,ATA,0,0,0
2020-09-01,ATA,0,0,0
2020-10-01,ATA,0,0,0
2020-11-01,ATA,0,0,0
2020-12-01,ATA,0,0,0
2021-01-01,ATA,0,0,0
2021-02-01,ATA,0,0,0
2021-03-01,ATA,0,0,0
2021-04-01,ATA,0,0,0
2021-05-01,ATA,0,0,0
2021-06-01,ATA,0,0,0
2021-07-01,ATA,0,0,0
2021-08-01,ATA,0,0,0
2021-09-01,ATA,0,0,0
2021-10-01,ATA,0,0,0
2021-11-01,ATA,0,0,0
2021-12-01,ATA,0,0,0
2022-01-01,ATA,0,0,0
2022-02-01,ATA,0,0,0
2022-03-01,ATA,0,0,0
2022-04-01,ATA,1,0,1
2022-05-01,ATA,1,1,0
2022-06-01,ATA,0,0,0
2022-07-01,ATA,0,0,0
2022-08-01,ATA,0,0,0
2022-09-01,ATA,0,0,0
2022-10-01,ATA,0,0,0
2022-11-01,ATA,0,0,0
2022-12-01,ATA,0,0,0
2023-01-01,ATA,0,0,0
2023-02-01,ATA,0,0,0
2023-03-01,ATA,0,0,0
2023-04-01,ATA,0,0,0
2023-05-01,ATA,0,0,0
2023-06-01,ATA,0,0,0
2023-07-01,ATA,0,0,0
2023-08-01,ATA,0,0,0
2023-09-01,ATA,0,0,0
2023-10-01,ATA,0,0,0
2023-11-01,ATA,0,0,0
2023-12-01,ATA,2,1,1
2024-01-01,ATA,0,0,0
2024-02-01,ATA,0,0,0
2024-03-01,ATA,1,1,0
2024-04-01,ATA,0,0,0
2024-05-01,ATA,0,0,0
2024-06-01,ATA,0,0,0
2024-07-01,ATA,0,0,0
2024-08-01,ATA,0,0,0
2024-09-01,ATA,0,0,0
2024-10-01,ATA,0,0,0
2020-01-01,ATG,28,15,13
2020-02-01,ATG,13,8,5
2020-03-01,ATG,7,6,1
2020-04-01,ATG,0,0,0
2020-05-01,ATG,0,0,0
2020-06-01,ATG,0,0,0
2020-07-01,ATG,0,0,0
2020-08-01,ATG,0,0,0
2020-09-01,ATG,0,0,0
2020-10-01,ATG,1,1,0
2020-11-01,ATG,0,0,0
2020-12-01,ATG,0,0,0
2021-01-01,ATG,0,0,0
2021-02-01,ATG,0,0,0
2021-03-01,ATG,0,0,0
2021-04-01,ATG,0,0,0
2021-05-01,ATG,0,0,0
2021-06-01,ATG,0,0,0
2021-07-01,ATG,0,0,0
2021-08-01,ATG,0,0,0
2021-09-01,ATG,0,0,0
2021-10-01,ATG,0,0,0
2021-11-01,ATG,1,0,1
2021-12-01,ATG,1,1,0
2022-01-01,ATG,0,0,0
2022-02-01,ATG,5,2,3
2022-03-01,ATG,6,4,2
2022-04-01,ATG,7,5,2
2022-05-01,ATG,5,5,0
2022-06-01,ATG,15,10,5
2022-07-01,ATG,9,6,3
2022-08-01,ATG,20,13,7
2022-09-01,ATG,17,10,7
2022-10-01,ATG,31,18,13
2022-11-01,ATG,9,9,0
2022-12-01,ATG,16,7,9
2023-01-01,ATG,22,12,10
2023-02-01,ATG,15,11,4
2023-03-01,ATG,30,18,12
2023-04-01,ATG,19,14,5
2023-05-01,ATG,14,12,2
2023-06-01,ATG,18,14,4
2023-07-01,ATG,33,27,6
2023-08-01,ATG,38,21,17
2023-09-01,ATG,25,15,10
2023-10-01,ATG,14,12,2
2023-11-01,ATG,18,13,5
2023-12-01,ATG,30,17,13
2024-01-01,ATG,18,10,8
2024-02-01,ATG,25,16,9
2024-03-01,ATG,12,6,6
2024-04-01,ATG,14,8,6
2024-05-01,ATG,20,17,3
2024-06-01,ATG,22,10,12
2024-07-01,ATG,25,16,9
2024-08-01,ATG,13,11,2
2024-09-01,ATG,32,20,12
2024-10-01,ATG,18,13,5
2020-01-01,AUS,51998,28936,23062
2020-02-01,AUS,22818,14122,8696
2020-03-01,AUS,9409,5810,3599
2020-04-01,AUS,9,8,1
2020-05-01,AUS,42,35,7
2020-06-01,AUS,41,26,15
2020-07-01,AUS,172,121,51
2020-08-01,AUS,125,83,42
2020-09-01,AUS,135,102,33
2020-10-01,AUS,101,66,35
2020-11-01,AUS,175,133,42
2020-12-01,AUS,123,81,42
2021-01-01,AUS,152,99,53
2021-02-01,AUS,87,55,32
2021-03-01,AUS,94,75,19
2021-04-01,AUS,113,75,38
2021-05-01,AUS,78,56,22
2021-06-01,AUS,55,42,13
2021-07-01,AUS,99,55,44
2021-08-01,AUS,147,78,69
2021-09-01,AUS,101,67,34
2021-10-01,AUS,125,85,40
2021-11-01,AUS,221,141,80
2021-12-01,AUS,628,406,222
2022-01-01,AUS,973,612,361
2022-02-01,AUS,570,374,196
2022-03-01,AUS,834,553,281
2022-04-01,AUS,7148,4308,2840
2022-05-01,AUS,9469,6077,3392
2022-06-01,AUS,13292,7968,5324
2022-07-01,AUS,18810,11000,7810
2022-08-01,AUS,16843,10140,6703
2022-09-01,AUS,21744,12753,8991
2022-10-01,AUS,24169,14460,9709
2022-11-01,AUS,25521,14900,10621
2022-12-01,AUS,40002,21973,18029
2023-01-01,AUS,43421,23741,19680
2023-02-01,AUS,23413,13849,9564
2023-03-01,AUS,26635,15622,11013
2023-04-01,AUS,33383,18656,14727
2023-05-01,AUS,25757,14882,10875
2023-06-01,AUS,26137,14775,11362
2023-07-01,AUS,39291,22104,17187
2023-08-01,AUS,28940,17042,11898
2023-09-01,AUS,38952,22092,16860
2023-10-01,AUS,33023,19016,14007
2023-11-01,AUS,35471,20739,14732
2023-12-01,AUS,54673,30236,24437
2024-01-01,AUS,50374,27815,22559
2024-02-01,AUS,30128,17585,12543
2024-03-01,AUS,34288,19616,14672
2024-04-01,AUS,32868,18715,14153
2024-05-01,AUS,26870,15870,11000
2024-06-01,AUS,39022,21846,17176
2024-07-01,AUS,40858,22745,18113
2024-08-01,AUS,31212,18127,13085
2024-09-01,AUS,36842,21127,15715
2024-10-01,AUS,35063,20700,14363
2020-01-01,AUT,1480,960,520
2020-02-01,AUT,1629,979,650
2020-03-01,AUT,609,379,230
2020-04-01,AUT,1,1,0
2020-05-01,AUT,0,0,0
2020-06-01,AUT,0,0,0
2020-07-01,AUT,13,9,4
2020-08-01,AUT,16,10,6
2020-09-01,AUT,11,8,3
2020-10-01,AUT,8,6,2
2020-11-01,AUT,4,4,0
2020-12-01,AUT,5,5,0
2021-01-01,AUT,19,14,5
2021-02-01,AUT,13,13,0
2021-03-01,AUT,7,7,0
2021-04-01,AUT,17,13,4
2021-05-01,AUT,11,10,1
2021-06-01,AUT,8,8,0
2021-07-01,AUT,12,8,4
2021-08-01,AUT,29,19,10
2021-09-01,AUT,33,28,5
2021-10-01,AUT,26,22,4
2021-11-01,AUT,31,23,8
2021-12-01,AUT,21,15,6
2022-01-01,AUT,66,54,12
2022-02-01,AUT,46,39,7
2022-03-01,AUT,84,76,8
2022-04-01,AUT,334,231,103
2022-05-01,AUT,438,310,128
2022-06-01,AUT,444,307,137
2022-07-01,AUT,939,590,349
2022-08-01,AUT,986,611,375
2022-09-01,AUT,833,540,293
2022-10-01,AUT,825,582,243
2022-11-01,AUT,984,645,339
2022-12-01,AUT,1047,635,412
2023-01-01,AUT,1230,739,491
2023-02-01,AUT,1380,814,566
2023-03-01,AUT,1115,715,400
2023-04-01,AUT,978,593,385
2023-05-01,AUT,1070,671,399
2023-06-01,AUT,613,413,200
2023-07-01,AUT,1391,793,598
2023-08-01,AUT,1567,948,619
2023-09-01,AUT,1130,689,441
2023-10-01,AUT,1067,675,392
2023-11-01,AUT,1339,914,425
2023-12-01,AUT,1478,867,611
2024-01-01,AUT,1649,1017,632
2024-02-01,AUT,2166,1272,894
2024-03-01,AUT,1607,956,651
2024-04-01,AUT,1162,708,454
2024-05-01,AUT,1097,693,404
2024-06-01,AUT,797,530,267
2024-07-01,AUT,1524,877,647
2024-08-01,AUT,1654,954,700
2024-09-01,AUT,1039,637,402
2024-10-01,AUT,1006,634,372
2020-01-01,AZE,183,107,76
2020-02-01,AZE,100,60,40
2020-03-01,AZE,28,20,8
2020-04-01,AZE,0,0,0
2020-05-01,AZE,1,1,0
2020-06-01,AZE,0,0,0
2020-07-01,AZE,1,1,0
2020-08-01,AZE,0,0,0
2020-09-01,AZE,2,1,1
2020-10-01,AZE,4,2,2
2020-11-01,AZE,2,2,0
2020-12-01,AZE,1,1,0
2021-01-01,AZE,1,1,0
2021-02-01,AZE,0,0,0
2021-03-01,AZE,4,2,2
2021-04-01,AZE,1,1,0
2021-05-01,AZE,4,3,1
2021-06-01,AZE,1,1,0
2021-07-01,AZE,5,3,2
2021-08-01,AZE,11,5,6
2021-09-01,AZE,2,1,1
2021-10-01,AZE,6,2,4
2021-11-01,AZE,7,6,1
2021-12-01,AZE,1,1,0
2022-01-01,AZE,14,9,5
2022-02-01,AZE,3,3,0
2022-03-01,AZE,12,10,2
2022-04-01,AZE,21,16,5
2022-05-01,AZE,33,20,13
2022-06-01,AZE,42,27,15
2022-07-01,AZE,60,36,24
2022-08-01,AZE,114,54,60
2022-09-01,AZE,68,31,37
2022-10-01,AZE,83,53,30
2022-11-01,AZE,77,47,30
2022-12-01,AZE,118,66,52
2023-01-01,AZE,86,48,38
2023-02-01,AZE,77,48,29
2023-03-01,AZE,243,115,128
2023-04-01,AZE,82,41,41
2023-05-01,AZE,127,77,50
2023-06-01,AZE,98,69,29
2023-07-01,AZE,166,92,74
2023-08-01,AZE,139,74,65
2023-09-01,AZE,157,95,62
2023-10-01,AZE,136,72,64
2023-11-01,AZE,165,91,74
2023-12-01,AZE,236,116,120
2024-01-01,AZE,204,118,86
2024-02-01,AZE,141,78,63
2024-03-01,AZE,397,179,218
2024-04-01,AZE,165,101,64
2024-05-01,AZE,81,41,40
2024-06-01,AZE,221,107,114
2024-07-01,AZE,272,136,136
2024-08-01,AZE,301,155,146
2024-09-01,AZE,210,136,74
2024-10-01,AZE,186,112,74
2020-01-01,BDI,2,2,0
2020-02-01,BDI,1,0,1
2020-03-01,BDI,1,1,0
2020-04-01,BDI,0,0,0
2020-05-01,BDI,0,0,0
2020-06-01,BDI,0,0,0
2020-07-01,BDI,0,0,0
2020-08-01,BDI,0,0,0
2020-09-01,BDI,0,0,0
2020-10-01,BDI,0,0,0
2020-11-01,BDI,0,0,0
2020-12-01,BDI,0,0,0
2021-01-01,BDI,0,0,0
2021-02-01,BDI,0,0,0
2021-03-01,BDI,1,1,0
2021-04-01,BDI,3,1,2
2021-05-01,BDI,5,2,3
2021-06-01,BDI,0,0,0
2021-07-01,BDI,1,0,1
2021-08-01,BDI,2,1,1
2021-09-01,BDI,0,0,0
2021-10-01,BDI,0,0,0
2021-11-01,BDI,0,0,0
2021-12-01,BDI,0,0,0
2022-01-01,BDI,2,2,0
2022-02-01,BDI,1,1,0
2022-03-01,BDI,0,0,0
2022-04-01,BDI,6,3,3
2022-05-01,BDI,0,0,0
2022-06-01,BDI,0,0,0
2022-07-01,BDI,2,1,1
2022-08-01,BDI,4,2,2
2022-09-01,BDI,2,1,1
2022-10-01,BDI,7,5,2
2022-11-01,BDI,6,4,2
2022-12-01,BDI,1,0,1
2023-01-01,BDI,10,5,5
2023-02-01,BDI,3,2,1
2023-03-01,BDI,4,1,3
2023-04-01,BDI,5,3,2
2023-05-01,BDI,2,1,1
2023-06-01,BDI,8,3,5
2023-07-01,BDI,3,2,1
2023-08-01,BDI,3,1,2
2023-09-01,BDI,32,9,23
2023-10-01,BDI,1,0,1
2023-11-01,BDI,3,1,2
2023-12-01,BDI,8,4,4
2024-01-01,BDI,10,9,1
2024-02-01,BDI,4,0,4
2024-03-01,BDI,5,5,0
2024-04-01,BDI,4,2,2
2024-05-01,BDI,3,3,0
2024-06-01,BDI,2,1,1
2024-07-01,BDI,14,9,5
2024-08-01,BDI,4,1,3
2024-09-01,BDI,7,5,2
2024-10-01,BDI,7,5,2
2020-01-01,BEL,1779,1153,626
2020-02-01,BEL,1760,1148,612
2020-03-01,BEL,854,553,301
2020-04-01,BEL,7,6,1
2020-05-01,BEL,1,0,1
2020-06-01,BEL,0,0,0
2020-07-01,BEL,12,10,2
2020-08-01,BEL,9,9,0
2020-09-01,BEL,21,17,4
2020-10-01,BEL,21,14,7
2020-11-01,BEL,13,11,2
2020-12-01,BEL,14,9,5
2021-01-01,BEL,21,14,7
2021-02-01,BEL,13,9,4
2021-03-01,BEL,22,20,2
2021-04-01,BEL,10,7,3
2021-05-01,BEL,7,4,3
2021-06-01,BEL,5,3,2
2021-07-01,BEL,17,13,4
2021-08-01,BEL,20,12,8
2021-09-01,BEL,28,14,14
2021-10-01,BEL,22,16,6
2021-11-01,BEL,25,21,4
2021-12-01,BEL,60,50,10
2022-01-01,BEL,65,43,22
2022-02-01,BEL,53,38,15
2022-03-01,BEL,85,60,25
2022-04-01,BEL,327,223,104
2022-05-01,BEL,545,395,150
2022-06-01,BEL,673,465,208
2022-07-01,BEL,1547,879,668
2022-08-01,BEL,1376,802,574
2022-09-01,BEL,1295,798,497
2022-10-01,BEL,1198,758,440
2022-11-01,BEL,1057,717,340
2022-12-01,BEL,925,606,319
2023-01-01,BEL,1130,730,400
2023-02-01,BEL,1475,928,547
2023-03-01,BEL,1427,906,521
2023-04-01,BEL,1441,870,571
2023-05-01,BEL,1454,880,574
2023-06-01,BEL,1182,720,462
2023-07-01,BEL,3365,1825,1540
2023-08-01,BEL,2337,1268,1069
2023-09-01,BEL,2208,1227,981
2023-10-01,BEL,1693,1046,647
2023-11-01,BEL,1667,1108,559
2023-12-01,BEL,1641,1024,617
2024-01-01,BEL,2060,1202,858
2024-02-01,BEL,2129,1281,848
2024-03-01,BEL,2179,1293,886
2024-04-01,BEL,1953,1146,807
2024-05-01,BEL,1990,1148,842
2024-06-01,BEL,2361,1361,1000
2024-07-01,BEL,4717,2472,2245
2024-08-01,BEL,3317,1760,1557
2024-09-01,BEL,2738,1481,1257
2024-10-01,BEL,2101,1221,880
2020-01-01,BEN,7,6,1
2020-02-01,BEN,7,3,4
2020-03-01,BEN,1,1,0
2020-04-01,BEN,0,0,0
2020-05-01,BEN,0,0,0
2020-06-01,BEN,0,0,0
2020-07-01,BEN,0,0,0
2020-08-01,BEN,0,0,0
2020-09-01,BEN,0,0,0
2020-10-01,BEN,0,0,0
2020-11-01,BEN,0,0,0
2020-12-01,BEN,1,0,1
2021-01-01,BEN,0,0,0
2021-02-01,BEN,0,0,0
2021-03-01,BEN,0,0,0
2021-04-01,BEN,1,1,0
2021-05-01,BEN,0,0,0
2021-06-01,BEN,0,0,0
2021-07-01,BEN,0,0,0
2021-08-01,BEN,0,0,0
2021-09-01,BEN,0,0,0
2021-10-01,BEN,0,0,0
2021-11-01,BEN,0,0,0
2021-12-01,BEN,1,1,0
2022-01-01,BEN,1,1,0
2022-02-01,BEN,1,1,0
2022-03-01,BEN,1,0,1
2022-04-01,BEN,1,1,0
2022-05-01,BEN,0,0,0
2022-06-01,BEN,1,1,0
2022-07-01,BEN,6,5,1
2022-08-01,BEN,6,5,1
2022-09-01,BEN,9,6,3
2022-10-01,BEN,19,15,4
2022-11-01,BEN,8,5,3
2022-12-01,BEN,11,7,4
2023-01-01,BEN,10,6,4
2023-02-01,BEN,7,6,1
2023-03-01,BEN,11,9,2
2023-04-01,BEN,11,5,6
2023-05-01,BEN,12,9,3
2023-06-01,BEN,10,8,2
2023-07-01,BEN,23,16,7
2023-08-01,BEN,8,7,1
2023-09-01,BEN,25,19,6
2023-10-01,BEN,11,9,2
2023-11-01,BEN,15,12,3
2023-12-01,BEN,16,8,8
2024-01-01,BEN,15,12,3
2024-02-01,BEN,10,9,1
2024-03-01,BEN,16,10,6
2024-04-01,BEN,12,6,6
2024-05-01,BEN,17,12,5
2024-06-01,BEN,8,6,2
2024-07-01,BEN,10,8,2
2024-08-01,BEN,35,22,13
2024-09-01,BEN,16,15,1
2024-10-01,BEN,15,8,7
2020-01-01,BFA,5,5,0
2020-02-01,BFA,7,7,0
2020-03-01,BFA,1,1,0
2020-04-01,BFA,0,0,0
2020-05-01,BFA,0,0,0
2020-06-01,BFA,0,0,0
2020-07-01,BFA,0,0,0
2020-08-01,BFA,0,0,0
2020-09-01,BFA,0,0,0
2020-10-01,BFA,0,0,0
2020-11-01,BFA,0,0,0
2020-12-01,BFA,0,0,0
2021-01-01,BFA,0,0,0
2021-02-01,BFA,0,0,0
2021-03-01,BFA,0,0,0
2021-04-01,BFA,0,0,0
2021-05-01,BFA,0,0,0
2021-06-01,BFA,0,0,0
2021-07-01,BFA,0,0,0
2021-08-01,BFA,0,0,0
2021-09-01,BFA,1,0,1
2021-10-01,BFA,0,0,0
2021-11-01,BFA,1,1,0
2021-12-01,BFA,0,0,0
2022-01-01,BFA,2,2,0
2022-02-01,BFA,0,0,0
2022-03-01,BFA,1,1,0
2022-04-01,BFA,0,0,0
2022-05-01,BFA,1,0,1
2022-06-01,BFA,2,1,1
2022-07-01,BFA,4,4,0
2022-08-01,BFA,1,1,0
2022-09-01,BFA,11,10,1
2022-10-01,BFA,15,10,5
2022-11-01,BFA,2,2,0
2022-12-01,BFA,3,3,0
2023-01-01,BFA,7,6,1
2023-02-01,BFA,4,4,0
2023-03-01,BFA,5,5,0
2023-04-01,BFA,1,1,0
2023-05-01,BFA,14,13,1
2023-06-01,BFA,1,1,0
2023-07-01,BFA,7,7,0
2023-08-01,BFA,8,7,1
2023-09-01,BFA,27,23,4
2023-10-01,BFA,7,6,1
2023-11-01,BFA,5,3,2
2023-12-01,BFA,6,6,0
2024-01-01,BFA,9,8,1
2024-02-01,BFA,9,6,3
2024-03-01,BFA,1,0,1
2024-04-01,BFA,6,5,1
2024-05-01,BFA,5,5,0
2024-06-01,BFA,30,27,3
2024-07-01,BFA,7,5,2
2024-08-01,BFA,4,3,1
2024-09-01,BFA,32,29,3
2024-10-01,BFA,3,3,0
2020-01-01,BGD,26955,23168,3787
2020-02-01,BGD,19668,17360,2308
2020-03-01,BGD,10369,9572,797
2020-04-01,BGD,2,2,0
2020-05-01,BGD,10,9,1
2020-06-01,BGD,39,32,7
2020-07-01,BGD,108,72,36
2020-08-01,BGD,176,137,39
2020-09-01,BGD,151,108,43
2020-10-01,BGD,63,59,4
2020-11-01,BGD,69,59,10
2020-12-01,BGD,60,46,14
2021-01-01,BGD,106,101,5
2021-02-01,BGD,147,105,42
2021-03-01,BGD,307,216,91
2021-04-01,BGD,271,241,30
2021-05-01,BGD,100,80,20
2021-06-01,BGD,3,1,2
2021-07-01,BGD,10,8,2
2021-08-01,BGD,16,10,6
2021-09-01,BGD,34,25,9
2021-10-01,BGD,217,155,62
2021-11-01,BGD,1098,950,148
2021-12-01,BGD,5752,5375,377
2022-01-01,BGD,5393,5006,387
2022-02-01,BGD,5715,5361,354
2022-03-01,BGD,8955,8590,365
2022-04-01,BGD,9123,8498,625
2022-05-01,BGD,13343,12214,1129
2022-06-01,BGD,14915,13774,1141
2022-07-01,BGD,18164,15856,2308
2022-08-01,BGD,26179,23849,2330
2022-09-01,BGD,27085,25154,1931
2022-10-01,BGD,33524,31507,2017
2022-11-01,BGD,36928,35379,1549
2022-12-01,BGD,39820,37510,2310
2023-01-01,BGD,51838,49373,2465
2023-02-01,BGD,59350,57353,1997
2023-03-01,BGD,62977,60931,2046
2023-04-01,BGD,43311,41144,2167
2023-05-01,BGD,48550,46883,1667
2023-06-01,BGD,51768,49777,1991
2023-07-01,BGD,61537,58100,3437
2023-08-01,BGD,75514,72520,2994
2023-09-01,BGD,56346,53837,2509
2023-10-01,BGD,43290,40905,2385
2023-11-01,BGD,38951,36751,2200
2023-12-01,BGD,42113,38816,3297
2024-01-01,BGD,41412,38026,3386
2024-02-01,BGD,31793,29164,2629
2024-03-01,BGD,26625,24490,2135
2024-04-01,BGD,28449,25240,3209
2024-05-01,BGD,67316,65204,2112
2024-06-01,BGD,29387,25185,4202
2024-07-01,BGD,21871,19109,2762
2024-08-01,BGD,28502,25259,3243
2024-09-01,BGD,28271,24743,3528
2024-10-01,BGD,30385,25751,4634
2020-01-01,BGR,645,339,306
2020-02-01,BGR,487,284,203
2020-03-01,BGR,186,117,69
2020-04-01,BGR,0,0,0
2020-05-01,BGR,0,0,0
2020-06-01,BGR,0,0,0
2020-07-01,BGR,25,25,0
2020-08-01,BGR,3,3,0
2020-09-01,BGR,20,19,1
2020-10-01,BGR,17,16,1
2020-11-01,BGR,9,8,1
2020-12-01,BGR,5,5,0
2021-01-01,BGR,17,15,2
2021-02-01,BGR,18,18,0
2021-03-01,BGR,13,12,1
2021-04-01,BGR,10,9,1
2021-05-01,BGR,17,17,0
2021-06-01,BGR,8,8,0
2021-07-01,BGR,2,2,0
2021-08-01,BGR,14,13,1
2021-09-01,BGR,9,7,2
2021-10-01,BGR,18,15,3
2021-11-01,BGR,15,14,1
2021-12-01,BGR,6,5,1
2022-01-01,BGR,18,16,2
2022-02-01,BGR,17,14,3
2022-03-01,BGR,35,31,4
2022-04-01,BGR,76,51,25
2022-05-01,BGR,101,61,40
2022-06-01,BGR,125,67,58
2022-07-01,BGR,119,68,51
2022-08-01,BGR,199,112,87
2022-09-01,BGR,157,91,66
2022-10-01,BGR,209,133,76
2022-11-01,BGR,231,132,99
2022-12-01,BGR,272,150,122
2023-01-01,BGR,288,173,115
2023-02-01,BGR,341,191,150
2023-03-01,BGR,351,178,173
2023-04-01,BGR,334,179,155
2023-05-01,BGR,253,144,109
2023-06-01,BGR,153,81,72
2023-07-01,BGR,177,95,82
2023-08-01,BGR,249,136,113
2023-09-01,BGR,277,163,114
2023-10-01,BGR,222,122,100
2023-11-01,BGR,473,232,241
2023-12-01,BGR,512,277,235
2024-01-01,BGR,678,359,319
2024-02-01,BGR,600,292,308
2024-03-01,BGR,589,312,277
2024-04-01,BGR,409,219,190
2024-05-01,BGR,317,167,150
2024-06-01,BGR,230,133,97
2024-07-01,BGR,282,165,117
2024-08-01,BGR,273,153,120
2024-09-01,BGR,259,143,116
2024-10-01,BGR,293,174,119
2020-01-01,BHR,471,272,199
2020-02-01,BHR,94,61,33
2020-03-01,BHR,20,16,4
2020-04-01,BHR,0,0,0
2020-05-01,BHR,0,0,0
2020-06-01,BHR,0,0,0
2020-07-01,BHR,0,0,0
2020-08-01,BHR,1,1,0
2020-09-01,BHR,3,1,2
2020-10-01,BHR,2,1,1
2020-11-01,BHR,2,2,0
2020-12-01,BHR,2,1,1
2021-01-01,BHR,0,0,0
2021-02-01,BHR,1,1,0
2021-03-01,BHR,5,2,3
2021-04-01,BHR,1,0,1
2021-05-01,BHR,2,1,1
2021-06-01,BHR,1,1,0
2021-07-01,BHR,1,1,0
2021-08-01,BHR,0,0,0
2021-09-01,BHR,0,0,0
2021-10-01,BHR,7,5,2
2021-11-01,BHR,4,2,2
2021-12-01,BHR,5,4,1
2022-01-01,BHR,8,7,1
2022-02-01,BHR,4,4,0
2022-03-01,BHR,6,4,2
2022-04-01,BHR,17,13,4
2022-05-01,BHR,87,51,36
2022-06-01,BHR,229,144,85
2022-07-01,BHR,231,109,122
2022-08-01,BHR,283,130,153
2022-09-01,BHR,126,83,43
2022-10-01,BHR,143,90,53
2022-11-01,BHR,96,61,35
2022-12-01,BHR,119,67,52
2023-01-01,BHR,239,142,97
2023-02-01,BHR,118,66,52
2023-03-01,BHR,74,48,26
2023-04-01,BHR,60,38,22
2023-05-01,BHR,126,71,55
2023-06-01,BHR,275,150,125
2023-07-01,BHR,576,280,296
2023-08-01,BHR,608,299,309
2023-09-01,BHR,191,106,85
2023-10-01,BHR,198,139,59
2023-11-01,BHR,149,91,58
2023-12-01,BHR,166,90,76
2024-01-01,BHR,265,140,125
2024-02-01,BHR,153,86,67
2024-03-01,BHR,37,24,13
2024-04-01,BHR,108,63,45
2024-05-01,BHR,107,81,26
2024-06-01,BHR,493,239,254
2024-07-01,BHR,514,260,254
2024-08-01,BHR,485,238,247
2024-09-01,BHR,160,89,71
2024-10-01,BHR,211,133,78
2020-01-01,BHS,7,3,4
2020-02-01,BHS,5,4,1
2020-03-01,BHS,2,1,1
2020-04-01,BHS,0,0,0
2020-05-01,BHS,0,0,0
2020-06-01,BHS,0,0,0
2020-07-01,BHS,0,0,0
2020-08-01,BHS,0,0,0
2020-09-01,BHS,0,0,0
2020-10-01,BHS,0,0,0
2020-11-01,BHS,0,0,0
2020-12-01,BHS,0,0,0
2021-01-01,BHS,0,0,0
2021-02-01,BHS,0,0,0
2021-03-01,BHS,0,0,0
2021-04-01,BHS,0,0,0
2021-05-01,BHS,0,0,0
2021-06-01,BHS,0,0,0
2021-07-01,BHS,0,0,0
2021-08-01,BHS,0,0,0
2021-09-01,BHS,0,0,0
2021-10-01,BHS,0,0,0
2021-11-01,BHS,0,0,0
2021-12-01,BHS,0,0,0
2022-01-01,BHS,0,0,0
2022-02-01,BHS,0,0,0
2022-03-01,BHS,1,1,0
2022-04-01,BHS,2,0,2
2022-05-01,BHS,3,1,2
2022-06-01,BHS,4,2,2
2022-07-01,BHS,6,2,4
2022-08-01,BHS,13,5,8
2022-09-01,BHS,3,3,0
2022-10-01,BHS,8,4,4
2022-11-01,BHS,6,0,6
2022-12-01,BHS,4,2,2
2023-01-01,BHS,22,10,12
2023-02-01,BHS,8,4,4
2023-03-01,BHS,17,10,7
2023-04-01,BHS,4,2,2
2023-05-01,BHS,10,7,3
2023-06-01,BHS,9,5,4
2023-07-01,BHS,7,5,2
2023-08-01,BHS,3,1,2
2023-09-01,BHS,6,3,3
2023-10-01,BHS,9,4,5
2023-11-01,BHS,2,1,1
2023-12-01,BHS,22,14,8
2024-01-01,BHS,8,4,4
2024-02-01,BHS,11,4,7
2024-03-01,BHS,11,7,4
2024-04-01,BHS,13,7,6
2024-05-01,BHS,10,5,5
2024-06-01,BHS,4,2,2
2024-07-01,BHS,8,3,5
2024-08-01,BHS,20,12,8
2024-09-01,BHS,10,6,4
2024-10-01,BHS,14,4,10
2020-01-01,BIH,109,59,50
2020-02-01,BIH,82,44,38
2020-03-01,BIH,29,21,8
2020-04-01,BIH,1,1,0
2020-05-01,BIH,0,0,0
2020-06-01,BIH,0,0,0
2020-07-01,BIH,1,1,0
2020-08-01,BIH,2,1,1
2020-09-01,BIH,1,0,1
2020-10-01,BIH,10,6,4
2020-11-01,BIH,3,2,1
2020-12-01,BIH,1,1,0
2021-01-01,BIH,10,7,3
2021-02-01,BIH,1,0,1
2021-03-01,BIH,2,0,2
2021-04-01,BIH,3,2,1
2021-05-01,BIH,2,1,1
2021-06-01,BIH,2,1,1
2021-07-01,BIH,1,1,0
2021-08-01,BIH,12,6,6
2021-09-01,BIH,4,2,2
2021-10-01,BIH,7,4,3
2021-11-01,BIH,2,1,1
2021-12-01,BIH,10,5,5
2022-01-01,BIH,6,5,1
2022-02-01,BIH,11,10,1
2022-03-01,BIH,19,9,10
2022-04-01,BIH,24,13,11
2022-05-01,BIH,28,19,9
2022-06-01,BIH,35,22,13
2022-07-01,BIH,42,26,16
2022-08-01,BIH,69,41,28
2022-09-01,BIH,40,23,17
2022-10-01,BIH,55,33,22
2022-11-01,BIH,37,22,15
2022-12-01,BIH,41,28,13
2023-01-01,BIH,78,45,33
2023-02-01,BIH,69,41,28
2023-03-01,BIH,73,37,36
2023-04-01,BIH,59,33,26
2023-05-01,BIH,63,38,25
2023-06-01,BIH,40,27,13
2023-07-01,BIH,60,30,30
2023-08-01,BIH,52,33,19
2023-09-01,BIH,105,75,30
2023-10-01,BIH,51,30,21
2023-11-01,BIH,75,43,32
2023-12-01,BIH,79,42,37
2024-01-01,BIH,142,83,59
2024-02-01,BIH,90,59,31
2024-03-01,BIH,59,37,22
2024-04-01,BIH,71,41,30
2024-05-01,BIH,99,50,49
2024-06-01,BIH,74,47,27
2024-07-01,BIH,90,58,32
2024-08-01,BIH,119,69,50
2024-09-01,BIH,112,62,50
2024-10-01,BIH,95,58,37
2020-01-01,BLR,515,235,280
2020-02-01,BLR,504,235,269
2020-03-01,BLR,235,107,128
2020-04-01,BLR,0,0,0
2020-05-01,BLR,0,0,0
2020-06-01,BLR,0,0,0
2020-07-01,BLR,1,1,0
2020-08-01,BLR,1,1,0
2020-09-01,BLR,0,0,0
2020-10-01,BLR,1,0,1
2020-11-01,BLR,2,0,2
2020-12-01,BLR,0,0,0
2021-01-01,BLR,2,1,1
2021-02-01,BLR,0,0,0
2021-03-01,BLR,0,0,0
2021-04-01,BLR,1,1,0
2021-05-01,BLR,1,1,0
2021-06-01,BLR,0,0,0
2021-07-01,BLR,1,1,0
2021-08-01,BLR,0,0,0
2021-09-01,BLR,2,1,1
2021-10-01,BLR,3,1,2
2021-11-01,BLR,0,0,0
2021-12-01,BLR,2,2,0
2022-01-01,BLR,3,3,0
2022-02-01,BLR,6,4,2
2022-03-01,BLR,14,8,6
2022-04-01,BLR,53,26,27
2022-05-01,BLR,79,40,39
2022-06-01,BLR,85,38,47
2022-07-01,BLR,89,44,45
2022-08-01,BLR,116,56,60
2022-09-01,BLR,133,55,78
2022-10-01,BLR,241,112,129
2022-11-01,BLR,256,120,136
2022-12-01,BLR,285,138,147
2023-01-01,BLR,556,256,300
2023-02-01,BLR,513,253,260
2023-03-01,BLR,589,282,307
2023-04-01,BLR,580,284,296
2023-05-01,BLR,391,190,201
2023-06-01,BLR,230,90,140
2023-07-01,BLR,341,163,178
2023-08-01,BLR,282,127,155
2023-09-01,BLR,344,176,168
2023-10-01,BLR,378,173,205
2023-11-01,BLR,468,200,268
2023-12-01,BLR,444,204,240
2024-01-01,BLR,630,296,334
2024-02-01,BLR,700,333,367
2024-03-01,BLR,758,356,402
2024-04-01,BLR,543,240,303
2024-05-01,BLR,389,181,208
2024-06-01,BLR,371,159,212
2024-07-01,BLR,324,144,180
2024-08-01,BLR,332,152,180
2024-09-01,BLR,296,139,157
2024-10-01,BLR,344,159,185
2020-01-01,BLZ,10,5,5
2020-02-01,BLZ,7,4,3
2020-03-01,BLZ,2,2,0
2020-04-01,BLZ,0,0,0
2020-05-01,BLZ,0,0,0
2020-06-01,BLZ,0,0,0
2020-07-01,BLZ,0,0,0
2020-08-01,BLZ,0,0,0
2020-09-01,BLZ,0,0,0
2020-10-01,BLZ,1,0,1
2020-11-01,BLZ,1,1,0
2020-12-01,BLZ,0,0,0
2021-01-01,BLZ,1,1,0
2021-02-01,BLZ,0,0,0
2021-03-01,BLZ,0,0,0
2021-04-01,BLZ,0,0,0
2021-05-01,BLZ,0,0,0
2021-06-01,BLZ,0,0,0
2021-07-01,BLZ,0,0,0
2021-08-01,BLZ,4,1,3
2021-09-01,BLZ,0,0,0
2021-10-01,BLZ,0,0,0
2021-11-01,BLZ,1,0,1
2021-12-01,BLZ,0,0,0
2022-01-01,BLZ,0,0,0
2022-02-01,BLZ,0,0,0
2022-03-01,BLZ,0,0,0
2022-04-01,BLZ,2,1,1
2022-05-01,BLZ,1,1,0
2022-06-01,BLZ,1,0,1
2022-07-01,BLZ,7,2,5
2022-08-01,BLZ,7,5,2
2022-09-01,BLZ,8,5,3
2022-10-01,BLZ,5,2,3
2022-11-01,BLZ,8,3,5
2022-12-01,BLZ,12,5,7
2023-01-01,BLZ,21,10,11
2023-02-01,BLZ,12,7,5
2023-03-01,BLZ,9,4,5
2023-04-01,BLZ,12,7,5
2023-05-01,BLZ,9,2,7
2023-06-01,BLZ,2,2,0
2023-07-01,BLZ,18,11,7
2023-08-01,BLZ,15,8,7
2023-09-01,BLZ,9,3,6
2023-10-01,BLZ,1,1,0
2023-11-01,BLZ,11,5,6
2023-12-01,BLZ,21,13,8
2024-01-01,BLZ,13,9,4
2024-02-01,BLZ,14,5,9
2024-03-01,BLZ,11,6,5
2024-04-01,BLZ,6,4,2
2024-05-01,BLZ,6,3,3
2024-06-01,BLZ,9,8,1
2024-07-01,BLZ,15,7,8
2024-08-01,BLZ,23,15,8
2024-09-01,BLZ,15,13,2
2024-10-01,BLZ,15,9,6
2020-01-01,BMU,0,0,0
2020-02-01,BMU,0,0,0
2020-03-01,BMU,0,0,0
2020-04-01,BMU,0,0,0
2020-05-01,BMU,0,0,0
2020-06-01,BMU,0,0,0
2020-07-01,BMU,0,0,0
2020-08-01,BMU,0,0,0
2020-09-01,BMU,0,0,0
2020-10-01,BMU,0,0,0
2020-11-01,BMU,0,0,0
2020-12-01,BMU,0,0,0
2021-01-01,BMU,0,0,0
2021-02-01,BMU,0,0,0
2021-03-01,BMU,0,0,0
2021-04-01,BMU,0,0,0
2021-05-01,BMU,0,0,0
2021-06-01,BMU,0,0,0
2021-07-01,BMU,0,0,0
2021-08-01,BMU,0,0,0
2021-09-01,BMU,0,0,0
2021-10-01,BMU,0,0,0
2021-11-01,BMU,0,0,0
2021-12-01,BMU,0,0,0
2022-01-01,BMU,0,0,0
2022-02-01,BMU,0,0,0
2022-03-01,BMU,0,0,0
2022-04-01,BMU,0,0,0
2022-05-01,BMU,0,0,0
2022-06-01,BMU,0,0,0
2022-07-01,BMU,0,0,0
2022-08-01,BMU,0,0,0
2022-09-01,BMU,0,0,0
2022-10-01,BMU,0,0,0
2022-11-01,BMU,0,0,0
2022-12-01,BMU,0,0,0
2023-01-01,BMU,0,0,0
2023-02-01,BMU,0,0,0
2023-03-01,BMU,0,0,0
2023-04-01,BMU,0,0,0
2023-05-01,BMU,0,0,0
2023-06-01,BMU,0,0,0
2023-07-01,BMU,0,0,0
2023-08-01,BMU,1,0,1
2023-09-01,BMU,0,0,0
2023-10-01,BMU,0,0,0
2023-11-01,BMU,0,0,0
2023-12-01,BMU,0,0,0
2024-01-01,BMU,0,0,0
2024-02-01,BMU,0,0,0
2024-03-01,BMU,0,0,0
2024-04-01,BMU,3,0,3
2024-05-01,BMU,0,0,0
2024-06-01,BMU,0,0,0
2024-07-01,BMU,0,0,0
2024-08-01,BMU,0,0,0
2024-09-01,BMU,1,0,1
2024-10-01,BMU,0,0,0
2020-01-01,BOL,38,17,21
2020-02-01,BOL,22,12,10
2020-03-01,BOL,12,7,5
2020-04-01,BOL,0,0,0
2020-05-01,BOL,0,0,0
2020-06-01,BOL,0,0,0
2020-07-01,BOL,0,0,0
2020-08-01,BOL,0,0,0
2020-09-01,BOL,2,1,1
2020-10-01,BOL,0,0,0
2020-11-01,BOL,0,0,0
2020-12-01,BOL,0,0,0
2021-01-01,BOL,0,0,0
2021-02-01,BOL,0,0,0
2021-03-01,BOL,0,0,0
2021-04-01,BOL,0,0,0
2021-05-01,BOL,0,0,0
2021-06-01,BOL,0,0,0
2021-07-01,BOL,1,0,1
2021-08-01,BOL,0,0,0
2021-09-01,BOL,0,0,0
2021-10-01,BOL,1,1,0
2021-11-01,BOL,0,0,0
2021-12-01,BOL,0,0,0
2022-01-01,BOL,0,0,0
2022-02-01,BOL,1,1,0
2022-03-01,BOL,1,1,0
2022-04-01,BOL,2,1,1
2022-05-01,BOL,25,16,9
2022-06-01,BOL,10,6,4
2022-07-01,BOL,12,8,4
2022-08-01,BOL,19,10,9
2022-09-01,BOL,29,12,17
2022-10-01,BOL,24,14,10
2022-11-01,BOL,32,18,14
2022-12-01,BOL,21,16,5
2023-01-01,BOL,49,30,19
2023-02-01,BOL,16,7,9
2023-03-01,BOL,16,11,5
2023-04-01,BOL,28,17,11
2023-05-01,BOL,41,28,13
2023-06-01,BOL,9,3,6
2023-07-01,BOL,51,30,21
2023-08-01,BOL,40,19,21
2023-09-01,BOL,21,11,10
2023-10-01,BOL,279,140,139
2023-11-01,BOL,44,32,12
2023-12-01,BOL,29,14,15
2024-01-01,BOL,48,29,19
2024-02-01,BOL,17,10,7
2024-03-01,BOL,20,13,7
2024-04-01,BOL,31,15,16
2024-05-01,BOL,27,13,14
2024-06-01,BOL,32,12,20
2024-07-01,BOL,27,15,12
2024-08-01,BOL,122,52,70
2024-09-01,BOL,34,21,13
2024-10-01,BOL,28,19,9
2020-01-01,BRA,2005,1110,895
2020-02-01,BRA,1405,786,619
2020-03-01,BRA,664,365,299
2020-04-01,BRA,0,0,0
2020-05-01,BRA,12,12,0
2020-06-01,BRA,2,2,0
2020-07-01,BRA,16,13,3
2020-08-01,BRA,7,4,3
2020-09-01,BRA,5,5,0
2020-10-01,BRA,10,8,2
2020-11-01,BRA,5,4,1
2020-12-01,BRA,13,9,4
2021-01-01,BRA,35,25,10
2021-02-01,BRA,42,32,10
2021-03-01,BRA,18,12,6
2021-04-01,BRA,27,13,14
2021-05-01,BRA,20,19,1
2021-06-01,BRA,15,12,3
2021-07-01,BRA,21,13,8
2021-08-01,BRA,20,13,7
2021-09-01,BRA,11,5,6
2021-10-01,BRA,29,19,10
2021-11-01,BRA,32,22,10
2021-12-01,BRA,34,18,16
2022-01-01,BRA,131,77,54
2022-02-01,BRA,63,43,20
2022-03-01,BRA,66,42,24
2022-04-01,BRA,361,202,159
2022-05-01,BRA,570,320,250
2022-06-01,BRA,507,324,183
2022-07-01,BRA,769,429,340
2022-08-01,BRA,890,487,403
2022-09-01,BRA,873,533,340
2022-10-01,BRA,961,563,398
2022-11-01,BRA,866,481,385
2022-12-01,BRA,917,521,396
2023-01-01,BRA,1255,685,570
2023-02-01,BRA,968,552,416
2023-03-01,BRA,1170,691,479
2023-04-01,BRA,1309,706,603
2023-05-01,BRA,1131,659,472
2023-06-01,BRA,815,459,356
2023-07-01,BRA,1268,698,570
2023-08-01,BRA,1304,741,563
2023-09-01,BRA,1339,807,532
2023-10-01,BRA,1378,829,549
2023-11-01,BRA,1481,863,618
2023-12-01,BRA,1721,904,817
2024-01-01,BRA,1915,987,928
2024-02-01,BRA,1475,825,650
2024-03-01,BRA,1677,957,720
2024-04-01,BRA,1519,814,705
2024-05-01,BRA,1381,775,606
2024-06-01,BRA,1353,810,543
2024-07-01,BRA,1239,700,539
2024-08-01,BRA,1383,768,615
2024-09-01,BRA,1307,790,517
2024-10-01,BRA,1272,708,564
2020-01-01,BRB,11,4,7
2020-02-01,BRB,8,2,6
2020-03-01,BRB,1,0,1
2020-04-01,BRB,0,0,0
2020-05-01,BRB,0,0,0
2020-06-01,BRB,0,0,0
2020-07-01,BRB,1,0,1
2020-08-01,BRB,0,0,0
2020-09-01,BRB,0,0,0
2020-10-01,BRB,0,0,0
2020-11-01,BRB,0,0,0
2020-12-01,BRB,0,0,0
2021-01-01,BRB,1,1,0
2021-02-01,BRB,0,0,0
2021-03-01,BRB,0,0,0
2021-04-01,BRB,0,0,0
2021-05-01,BRB,0,0,0
2021-06-01,BRB,0,0,0
2021-07-01,BRB,0,0,0
2021-08-01,BRB,1,0,1
2021-09-01,BRB,1,1,0
2021-10-01,BRB,0,0,0
2021-11-01,BRB,1,1,0
2021-12-01,BRB,1,1,0
2022-01-01,BRB,1,1,0
2022-02-01,BRB,1,0,1
2022-03-01,BRB,2,1,1
2022-04-01,BRB,2,1,1
2022-05-01,BRB,0,0,0
2022-06-01,BRB,3,1,2
2022-07-01,BRB,3,0,3
2022-08-01,BRB,8,5,3
2022-09-01,BRB,7,3,4
2022-10-01,BRB,11,4,7
2022-11-01,BRB,6,5,1
2022-12-01,BRB,7,4,3
2023-01-01,BRB,11,5,6
2023-02-01,BRB,4,2,2
2023-03-01,BRB,3,1,2
2023-04-01,BRB,9,5,4
2023-05-01,BRB,6,3,3
2023-06-01,BRB,15,7,8
2023-07-01,BRB,7,3,4
2023-08-01,BRB,5,3,2
2023-09-01,BRB,9,3,6
2023-10-01,BRB,7,5,2
2023-11-01,BRB,6,5,1
2023-12-01,BRB,7,3,4
2024-01-01,BRB,7,5,2
2024-02-01,BRB,13,4,9
2024-03-01,BRB,6,2,4
2024-04-01,BRB,10,6,4
2024-05-01,BRB,13,5,8
2024-06-01,BRB,16,5,11
2024-07-01,BRB,10,6,4
2024-08-01,BRB,11,5,6
2024-09-01,BRB,19,8,11
2024-10-01,BRB,13,9,4
2020-01-01,BRN,88501,49581,38920
2020-02-01,BRN,64729,38424,26305
2020-03-01,BRN,31596,19046,12550
2020-04-01,BRN,254,236,18
2020-05-01,BRN,330,322,8
2020-06-01,BRN,465,445,20
2020-07-01,BRN,350,316,34
2020-08-01,BRN,219,193,26
2020-09-01,BRN,396,364,32
2020-10-01,BRN,228,204,24
2020-11-01,BRN,334,320,14
2020-12-01,BRN,386,370,16
2021-01-01,BRN,337,332,5
2021-02-01,BRN,362,352,10
2021-03-01,BRN,451,416,35
2021-04-01,BRN,411,380,31
2021-05-01,BRN,290,272,18
2021-06-01,BRN,316,308,8
2021-07-01,BRN,421,407,14
2021-08-01,BRN,309,297,12
2021-09-01,BRN,272,266,6
2021-10-01,BRN,237,223,14
2021-11-01,BRN,353,331,22
2021-12-01,BRN,403,349,54
2022-01-01,BRN,505,461,44
2022-02-01,BRN,371,327,44
2022-03-01,BRN,522,464,58
2022-04-01,BRN,1247,907,340
2022-05-01,BRN,3094,1912,1182
2022-06-01,BRN,4165,2523,1642
2022-07-01,BRN,10594,5812,4782
2022-08-01,BRN,36953,20382,16571
2022-09-01,BRN,61332,32968,28364
2022-10-01,BRN,64041,34769,29272
2022-11-01,BRN,65540,35421,30119
2022-12-01,BRN,149927,77634,72293
2023-01-01,BRN,93125,50750,42375
2023-02-01,BRN,91480,50119,41361
2023-03-01,BRN,97143,53363,43780
2023-04-01,BRN,122931,65260,57671
2023-05-01,BRN,90639,50916,39723
2023-06-01,BRN,76368,42446,33922
2023-07-01,BRN,85713,46684,39029
2023-08-01,BRN,76670,41679,34991
2023-09-01,BRN,70708,39071,31637
2023-10-01,BRN,64757,36437,28320
2023-11-01,BRN,73474,40784,32690
2023-12-01,BRN,170217,91156,79061
2024-01-01,BRN,125804,68855,56949
2024-02-01,BRN,140506,75168,65338
2024-03-01,BRN,166490,86923,79567
2024-04-01,BRN,168967,89146,79821
2024-05-01,BRN,144782,78157,66625
2024-06-01,BRN,138729,75157,63572
2024-07-01,BRN,150924,80894,70030
2024-08-01,BRN,180386,95671,84715
2024-09-01,BRN,119475,65043,54432
2024-10-01,BRN,99767,55530,44237
2020-01-01,BTN,77,55,22
2020-02-01,BTN,43,28,15
2020-03-01,BTN,13,9,4
2020-04-01,BTN,0,0,0
2020-05-01,BTN,0,0,0
2020-06-01,BTN,0,0,0
2020-07-01,BTN,0,0,0
2020-08-01,BTN,0,0,0
2020-09-01,BTN,0,0,0
2020-10-01,BTN,1,0,1
2020-11-01,BTN,0,0,0
2020-12-01,BTN,0,0,0
2021-01-01,BTN,0,0,0
2021-02-01,BTN,2,0,2
2021-03-01,BTN,2,2,0
2021-04-01,BTN,0,0,0
2021-05-01,BTN,0,0,0
2021-06-01,BTN,0,0,0
2021-07-01,BTN,0,0,0
2021-08-01,BTN,1,1,0
2021-09-01,BTN,1,1,0
2021-10-01,BTN,0,0,0
2021-11-01,BTN,3,2,1
2021-12-01,BTN,8,7,1
2022-01-01,BTN,2,0,2
2022-02-01,BTN,1,1,0
2022-03-01,BTN,4,3,1
2022-04-01,BTN,3,1,2
2022-05-01,BTN,21,7,14
2022-06-01,BTN,45,26,19
2022-07-01,BTN,43,26,17
2022-08-01,BTN,43,32,11
2022-09-01,BTN,67,39,28
2022-10-01,BTN,23,18,5
2022-11-01,BTN,24,18,6
2022-12-01,BTN,58,28,30
2023-01-01,BTN,31,19,12
2023-02-01,BTN,25,18,7
2023-03-01,BTN,66,52,14
2023-04-01,BTN,25,14,11
2023-05-01,BTN,42,33,9
2023-06-01,BTN,35,22,13
2023-07-01,BTN,74,58,16
2023-08-01,BTN,91,48,43
2023-09-01,BTN,95,56,39
2023-10-01,BTN,58,39,19
2023-11-01,BTN,67,49,18
2023-12-01,BTN,64,48,16
2024-01-01,BTN,56,30,26
2024-02-01,BTN,85,47,38
2024-03-01,BTN,67,49,18
2024-04-01,BTN,54,35,19
2024-05-01,BTN,249,152,97
2024-06-01,BTN,61,45,16
2024-07-01,BTN,46,35,11
2024-08-01,BTN,69,51,18
2024-09-01,BTN,68,42,26
2024-10-01,BTN,102,65,37
2020-01-01,BVT,0,0,0
2020-02-01,BVT,0,0,0
2020-03-01,BVT,0,0,0
2020-04-01,BVT,0,0,0
2020-05-01,BVT,0,0,0
2020-06-01,BVT,0,0,0
2020-07-01,BVT,0,0,0
2020-08-01,BVT,0,0,0
2020-09-01,BVT,0,0,0
2020-10-01,BVT,0,0,0
2020-11-01,BVT,0,0,0
2020-12-01,BVT,0,0,0
2021-01-01,BVT,0,0,0
2021-02-01,BVT,0,0,0
2021-03-01,BVT,0,0,0
2021-04-01,BVT,0,0,0
2021-05-01,BVT,0,0,0
2021-06-01,BVT,0,0,0
2021-07-01,BVT,0,0,0
2021-08-01,BVT,0,0,0
2021-09-01,BVT,0,0,0
2021-10-01,BVT,0,0,0
2021-11-01,BVT,0,0,0
2021-12-01,BVT,0,0,0
2022-01-01,BVT,0,0,0
2022-02-01,BVT,0,0,0
2022-03-01,BVT,0,0,0
2022-04-01,BVT,0,0,0
2022-05-01,BVT,0,0,0
2022-06-01,BVT,0,0,0
2022-07-01,BVT,0,0,0
2022-08-01,BVT,0,0,0
2022-09-01,BVT,0,0,0
2022-10-01,BVT,0,0,0
2022-11-01,BVT,0,0,0
2022-12-01,BVT,0,0,0
2023-01-01,BVT,0,0,0
2023-02-01,BVT,0,0,0
2023-03-01,BVT,0,0,0
2023-04-01,BVT,0,0,0
2023-05-01,BVT,0,0,0
2023-06-01,BVT,0,0,0
2023-07-01,BVT,0,0,0
2023-08-01,BVT,0,0,0
2023-09-01,BVT,0,0,0
2023-10-01,BVT,0,0,0
2023-11-01,BVT,0,0,0
2023-12-01,BVT,1,0,1
2024-01-01,BVT,0,0,0
2024-02-01,BVT,0,0,0
2024-03-01,BVT,0,0,0
2024-04-01,BVT,0,0,0
2024-05-01,BVT,0,0,0
2024-06-01,BVT,0,0,0
2024-07-01,BVT,0,0,0
2024-08-01,BVT,0,0,0
2024-09-01,BVT,0,0,0
2024-10-01,BVT,0,0,0
2020-01-01,BWA,29,14,15
2020-02-01,BWA,20,9,11
2020-03-01,BWA,6,2,4
2020-04-01,BWA,0,0,0
2020-05-01,BWA,0,0,0
2020-06-01,BWA,0,0,0
2020-07-01,BWA,0,0,0
2020-08-01,BWA,0,0,0
2020-09-01,BWA,0,0,0
2020-10-01,BWA,0,0,0
2020-11-01,BWA,0,0,0
2020-12-01,BWA,0,0,0
2021-01-01,BWA,0,0,0
2021-02-01,BWA,0,0,0
2021-03-01,BWA,0,0,0
2021-04-01,BWA,0,0,0
2021-05-01,BWA,2,1,1
2021-06-01,BWA,0,0,0
2021-07-01,BWA,0,0,0
2021-08-01,BWA,2,2,0
2021-09-01,BWA,0,0,0
2021-10-01,BWA,5,3,2
2021-11-01,BWA,0,0,0
2021-12-01,BWA,0,0,0
2022-01-01,BWA,3,1,2
2022-02-01,BWA,4,3,1
2022-03-01,BWA,2,1,1
2022-04-01,BWA,4,1,3
2022-05-01,BWA,22,14,8
2022-06-01,BWA,11,9,2
2022-07-01,BWA,13,5,8
2022-08-01,BWA,11,4,7
2022-09-01,BWA,6,1,5
2022-10-01,BWA,23,13,10
2022-11-01,BWA,5,3,2
2022-12-01,BWA,20,10,10
2023-01-01,BWA,18,8,10
2023-02-01,BWA,12,2,10
2023-03-01,BWA,13,8,5
2023-04-01,BWA,15,6,9
2023-05-01,BWA,12,5,7
2023-06-01,BWA,17,12,5
2023-07-01,BWA,8,3,5
2023-08-01,BWA,15,6,9
2023-09-01,BWA,74,22,52
2023-10-01,BWA,16,6,10
2023-11-01,BWA,14,8,6
2023-12-01,BWA,16,6,10
2024-01-01,BWA,19,10,9
2024-02-01,BWA,17,8,9
2024-03-01,BWA,25,11,14
2024-04-01,BWA,13,4,9
2024-05-01,BWA,7,5,2
2024-06-01,BWA,19,7,12
2024-07-01,BWA,9,4,5
2024-08-01,BWA,12,5,7
2024-09-01,BWA,33,11,22
2024-10-01,BWA,30,14,16
2020-01-01,CAF,0,0,0
2020-02-01,CAF,1,1,0
2020-03-01,CAF,0,0,0
2020-04-01,CAF,0,0,0
2020-05-01,CAF,0,0,0
2020-06-01,CAF,0,0,0
2020-07-01,CAF,0,0,0
2020-08-01,CAF,0,0,0
2020-09-01,CAF,0,0,0
2020-10-01,CAF,0,0,0
2020-11-01,CAF,0,0,0
2020-12-01,CAF,0,0,0
2021-01-01,CAF,0,0,0
2021-02-01,CAF,0,0,0
2021-03-01,CAF,0,0,0
2021-04-01,CAF,0,0,0
2021-05-01,CAF,1,1,0
2021-06-01,CAF,0,0,0
2021-07-01,CAF,0,0,0
2021-08-01,CAF,0,0,0
2021-09-01,CAF,0,0,0
2021-10-01,CAF,0,0,0
2021-11-01,CAF,1,1,0
2021-12-01,CAF,0,0,0
2022-01-01,CAF,0,0,0
2022-02-01,CAF,0,0,0
2022-03-01,CAF,0,0,0
2022-04-01,CAF,0,0,0
2022-05-01,CAF,0,0,0
2022-06-01,CAF,1,1,0
2022-07-01,CAF,0,0,0
2022-08-01,CAF,0,0,0
2022-09-01,CAF,0,0,0
2022-10-01,CAF,0,0,0
2022-11-01,CAF,0,0,0
2022-12-01,CAF,0,0,0
2023-01-01,CAF,0,0,0
2023-02-01,CAF,0,0,0
2023-03-01,CAF,0,0,0
2023-04-01,CAF,0,0,0
2023-05-01,CAF,1,1,0
2023-06-01,CAF,0,0,0
2023-07-01,CAF,0,0,0
2023-08-01,CAF,4,3,1
2023-09-01,CAF,2,0,2
2023-10-01,CAF,1,0,1
2023-11-01,CAF,0,0,0
2023-12-01,CAF,0,0,0
2024-01-01,CAF,0,0,0
2024-02-01,CAF,0,0,0
2024-03-01,CAF,1,1,0
2024-04-01,CAF,0,0,0
2024-05-01,CAF,0,0,0
2024-06-01,CAF,0,0,0
2024-07-01,CAF,0,0,0
2024-08-01,CAF,2,1,1
2024-09-01,CAF,1,1,0
2024-10-01,CAF,1,1,0
2020-01-01,CAN,9478,5358,4120
2020-02-01,CAN,6993,4176,2817
2020-03-01,CAN,2777,1657,1120
2020-04-01,CAN,2,2,0
2020-05-01,CAN,20,18,2
2020-06-01,CAN,15,13,2
2020-07-01,CAN,37,27,10
2020-08-01,CAN,52,29,23
2020-09-01,CAN,70,47,23
2020-10-01,CAN,43,28,15
2020-11-01,CAN,52,35,17
2020-12-01,CAN,35,23,12
2021-01-01,CAN,83,55,28
2021-02-01,CAN,32,25,7
2021-03-01,CAN,37,27,10
2021-04-01,CAN,36,29,7
2021-05-01,CAN,28,20,8
2021-06-01,CAN,29,19,10
2021-07-01,CAN,81,47,34
2021-08-01,CAN,80,42,38
2021-09-01,CAN,59,46,13
2021-10-01,CAN,68,50,18
2021-11-01,CAN,85,48,37
2021-12-01,CAN,186,119,67
2022-01-01,CAN,260,157,103
2022-02-01,CAN,165,119,46
2022-03-01,CAN,275,178,97
2022-04-01,CAN,1609,1001,608
2022-05-01,CAN,2341,1440,901
2022-06-01,CAN,2639,1596,1043
2022-07-01,CAN,3688,2155,1533
2022-08-01,CAN,4214,2442,1772
2022-09-01,CAN,4172,2578,1594
2022-10-01,CAN,5409,3238,2171
2022-11-01,CAN,5730,3388,2342
2022-12-01,CAN,5908,3381,2527
2023-01-01,CAN,7314,4153,3161
2023-02-01,CAN,7559,4299,3260
2023-03-01,CAN,7932,4527,3405
2023-04-01,CAN,6667,3677,2990
2023-05-01,CAN,6642,3696,2946
2023-06-01,CAN,4434,2516,1918
2023-07-01,CAN,7138,4006,3132
2023-08-01,CAN,6686,3810,2876
2023-09-01,CAN,6035,3558,2477
2023-10-01,CAN,7096,4054,3042
2023-11-01,CAN,7788,4430,3358
2023-12-01,CAN,9477,5170,4307
2024-01-01,CAN,9514,5336,4178
2024-02-01,CAN,9897,5470,4427
2024-03-01,CAN,9840,5469,4371
2024-04-01,CAN,7907,4413,3494
2024-05-01,CAN,6979,3936,3043
2024-06-01,CAN,6424,3670,2754
2024-07-01,CAN,7796,4341,3455
2024-08-01,CAN,7866,4379,3487
2024-09-01,CAN,7026,3975,3051
2024-10-01,CAN,8407,4717,3690
2020-01-01,CCK,0,0,0
2020-02-01,CCK,0,0,0
2020-03-01,CCK,0,0,0
2020-04-01,CCK,0,0,0
2020-05-01,CCK,0,0,0
2020-06-01,CCK,0,0,0
2020-07-01,CCK,0,0,0
2020-08-01,CCK,0,0,0
2020-09-01,CCK,0,0,0
2020-10-01,CCK,0,0,0
2020-11-01,CCK,0,0,0
2020-12-01,CCK,0,0,0
2021-01-01,CCK,0,0,0
2021-02-01,CCK,0,0,0
2021-03-01,CCK,0,0,0
2021-04-01,CCK,0,0,0
2021-05-01,CCK,0,0,0
2021-06-01,CCK,0,0,0
2021-07-01,CCK,0,0,0
2021-08-01,CCK,0,0,0
2021-09-01,CCK,0,0,0
2021-10-01,CCK,0,0,0
2021-11-01,CCK,0,0,0
2021-12-01,CCK,0,0,0
2022-01-01,CCK,0,0,0
2022-02-01,CCK,0,0,0
2022-03-01,CCK,0,0,0
2022-04-01,CCK,0,0,0
2022-05-01,CCK,0,0,0
2022-06-01,CCK,0,0,0
2022-07-01,CCK,0,0,0
2022-08-01,CCK,0,0,0
2022-09-01,CCK,0,0,0
2022-10-01,CCK,0,0,0
2022-11-01,CCK,1,1,0
2022-12-01,CCK,1,1,0
2023-01-01,CCK,0,0,0
2023-02-01,CCK,0,0,0
2023-03-01,CCK,0,0,0
2023-04-01,CCK,0,0,0
2023-05-01,CCK,0,0,0
2023-06-01,CCK,0,0,0
2023-07-01,CCK,0,0,0
2023-08-01,CCK,0,0,0
2023-09-01,CCK,0,0,0
2023-10-01,CCK,0,0,0
2023-11-01,CCK,0,0,0
2023-12-01,CCK,0,0,0
2024-01-01,CCK,0,0,0
2024-02-01,CCK,0,0,0
2024-03-01,CCK,0,0,0
2024-04-01,CCK,0,0,0
2024-05-01,CCK,1,0,1
2024-06-01,CCK,0,0,0
2024-07-01,CCK,0,0,0
2024-08-01,CCK,0,0,0
2024-09-01,CCK,0,0,0
2024-10-01,CCK,0,0,0
2020-01-01,CHE,2446,1505,941
2020-02-01,CHE,2419,1436,983
2020-03-01,CHE,1082,623,459
2020-04-01,CHE,1,1,0
2020-05-01,CHE,1,1,0
2020-06-01,CHE,3,3,0
2020-07-01,CHE,18,14,4
2020-08-01,CHE,10,8,2
2020-09-01,CHE,17,14,3
2020-10-01,CHE,23,14,9
2020-11-01,CHE,16,11,5
2020-12-01,CHE,7,4,3
2021-01-01,CHE,16,7,9
2021-02-01,CHE,9,5,4
2021-03-01,CHE,20,11,9
2021-04-01,CHE,21,17,4
2021-05-01,CHE,11,10,1
2021-06-01,CHE,12,9,3
2021-07-01,CHE,10,6,4
2021-08-01,CHE,19,16,3
2021-09-01,CHE,23,17,6
2021-10-01,CHE,43,27,16
2021-11-01,CHE,31,17,14
2021-12-01,CHE,74,51,23
2022-01-01,CHE,118,72,46
2022-02-01,CHE,60,44,16
2022-03-01,CHE,89,70,19
2022-04-01,CHE,569,366,203
2022-05-01,CHE,773,516,257
2022-06-01,CHE,865,554,311
2022-07-01,CHE,1885,1080,805
2022-08-01,CHE,1560,951,609
2022-09-01,CHE,1285,804,481
2022-10-01,CHE,1778,1082,696
2022-11-01,CHE,1627,1063,564
2022-12-01,CHE,1593,974,619
2023-01-01,CHE,1893,1115,778
2023-02-01,CHE,2109,1227,882
2023-03-01,CHE,2145,1290,855
2023-04-01,CHE,2210,1297,913
2023-05-01,CHE,1787,1084,703
2023-06-01,CHE,1311,790,521
2023-07-01,CHE,3816,2069,1747
2023-08-01,CHE,2403,1388,1015
2023-09-01,CHE,1972,1207,765
2023-10-01,CHE,2126,1284,842
2023-11-01,CHE,2177,1309,868
2023-12-01,CHE,2644,1532,1112
2024-01-01,CHE,2795,1655,1140
2024-02-01,CHE,2919,1672,1247
2024-03-01,CHE,2948,1705,1243
2024-04-01,CHE,2678,1505,1173
2024-05-01,CHE,2018,1254,764
2024-06-01,CHE,1988,1181,807
2024-07-01,CHE,4136,2233,1903
2024-08-01,CHE,2555,1487,1068
2024-09-01,CHE,2215,1314,901
2024-10-01,CHE,2339,1395,944
2020-01-01,CHL,506,256,250
2020-02-01,CHL,592,279,313
2020-03-01,CHL,212,103,109
2020-04-01,CHL,0,0,0
2020-05-01,CHL,0,0,0
2020-06-01,CHL,0,0,0
2020-07-01,CHL,0,0,0
2020-08-01,CHL,2,1,1
2020-09-01,CHL,1,0,1
2020-10-01,CHL,4,4,0
2020-11-01,CHL,0,0,0
2020-12-01,CHL,1,1,0
2021-01-01,CHL,1,1,0
2021-02-01,CHL,2,1,1
2021-03-01,CHL,0,0,0
2021-04-01,CHL,1,0,1
2021-05-01,CHL,1,0,1
2021-06-01,CHL,0,0,0
2021-07-01,CHL,1,1,0
2021-08-01,CHL,4,2,2
2021-09-01,CHL,1,1,0
2021-10-01,CHL,15,9,6
2021-11-01,CHL,2,0,2
2021-12-01,CHL,9,6,3
2022-01-01,CHL,18,6,12
2022-02-01,CHL,3,1,2
2022-03-01,CHL,9,6,3
2022-04-01,CHL,46,35,11
2022-05-01,CHL,95,52,43
2022-06-01,CHL,132,67,65
2022-07-01,CHL,144,81,63
2022-08-01,CHL,152,85,67
2022-09-01,CHL,146,77,69
2022-10-01,CHL,186,109,77
2022-11-01,CHL,168,104,64
2022-12-01,CHL,152,82,70
2023-01-01,CHL,242,126,116
2023-02-01,CHL,330,154,176
2023-03-01,CHL,247,135,112
2023-04-01,CHL,253,123,130
2023-05-01,CHL,269,145,124
2023-06-01,CHL,190,105,85
2023-07-01,CHL,268,144,124
2023-08-01,CHL,373,194,179
2023-09-01,CHL,312,160,152
2023-10-01,CHL,310,157,153
2023-11-01,CHL,375,197,178
2023-12-01,CHL,341,164,177
2024-01-01,CHL,530,255,275
2024-02-01,CHL,619,295,324
2024-03-01,CHL,476,216,260
2024-04-01,CHL,389,194,195
2024-05-01,CHL,360,193,167
2024-06-01,CHL,407,221,186
2024-07-01,CHL,370,189,181
2024-08-01,CHL,356,185,171
2024-09-01,CHL,389,203,186
2024-10-01,CHL,340,183,157
2020-01-01,CHN,285958,127396,158562
2020-02-01,CHN,70865,38838,32027
2020-03-01,CHN,31765,18522,13243
2020-04-01,CHN,60,28,32
2020-05-01,CHN,23,11,12
2020-06-01,CHN,196,135,61
2020-07-01,CHN,505,330,175
2020-08-01,CHN,621,436,185
2020-09-01,CHN,864,600,264
2020-10-01,CHN,1289,997,292
2020-11-01,CHN,1633,1305,328
2020-12-01,CHN,1034,847,187
2021-01-01,CHN,1106,942,164
2021-02-01,CHN,854,687,167
2021-03-01,CHN,1887,1581,306
2021-04-01,CHN,1675,1278,397
2021-05-01,CHN,1501,1246,255
2021-06-01,CHN,812,695,117
2021-07-01,CHN,873,731,142
2021-08-01,CHN,806,690,116
2021-09-01,CHN,1084,889,195
2021-10-01,CHN,1196,928,268
2021-11-01,CHN,1377,1081,296
2021-12-01,CHN,2384,1603,781
2022-01-01,CHN,2052,1303,749
2022-02-01,CHN,3185,2266,919
2022-03-01,CHN,3412,2497,915
2022-04-01,CHN,9545,5507,4038
2022-05-01,CHN,16335,8441,7894
2022-06-01,CHN,22784,10796,11988
2022-07-01,CHN,30250,14431,15819
2022-08-01,CHN,32301,15539,16762
2022-09-01,CHN,37902,18278,19624
2022-10-01,CHN,41187,19971,21216
2022-11-01,CHN,41360,20527,20833
2022-12-01,CHN,53998,24987,29011
2023-01-01,CHN,57290,26843,30447
2023-02-01,CHN,64892,34877,30015
2023-03-01,CHN,102774,52550,50224
2023-04-01,CHN,124583,61358,63225
2023-05-01,CHN,133136,66557,66579
2023-06-01,CHN,109815,52978,56837
2023-07-01,CHN,212546,97979,114567
2023-08-01,CHN,205942,97565,108377
2023-09-01,CHN,171971,82344,89627
2023-10-01,CHN,158682,77210,81472
2023-11-01,CHN,140694,72038,68656
2023-12-01,CHN,179394,88490,90904
2024-01-01,CHN,228900,108023,120877
2024-02-01,CHN,342003,158803,183200
2024-03-01,CHN,262826,124687,138139
2024-04-01,CHN,228426,107719,120707
2024-05-01,CHN,269256,128662,140594
2024-06-01,CHN,310204,143181,167023
2024-07-01,CHN,462097,207980,254117
2024-08-01,CHN,492613,220287,272326
2024-09-01,CHN,302655,147888,154767
2024-10-01,CHN,312049,153222,158827
2020-01-01,CIV,38,29,9
2020-02-01,CIV,12,6,6
2020-03-01,CIV,6,6,0
2020-04-01,CIV,0,0,0
2020-05-01,CIV,0,0,0
2020-06-01,CIV,0,0,0
2020-07-01,CIV,0,0,0
2020-08-01,CIV,0,0,0
2020-09-01,CIV,1,1,0
2020-10-01,CIV,0,0,0
2020-11-01,CIV,0,0,0
2020-12-01,CIV,2,2,0
2021-01-01,CIV,1,1,0
2021-02-01,CIV,0,0,0
2021-03-01,CIV,2,1,1
2021-04-01,CIV,0,0,0
2021-05-01,CIV,2,2,0
2021-06-01,CIV,1,0,1
2021-07-01,CIV,3,3,0
2021-08-01,CIV,0,0,0
2021-09-01,CIV,0,0,0
2021-10-01,CIV,1,0,1
2021-11-01,CIV,0,0,0
2021-12-01,CIV,2,2,0
2022-01-01,CIV,2,1,1
2022-02-01,CIV,8,7,1
2022-03-01,CIV,0,0,0
2022-04-01,CIV,3,0,3
2022-05-01,CIV,8,5,3
2022-06-01,CIV,7,2,5
2022-07-01,CIV,17,11,6
2022-08-01,CIV,19,10,9
2022-09-01,CIV,32,27,5
2022-10-01,CIV,58,42,16
2022-11-01,CIV,17,14,3
2022-12-01,CIV,11,9,2
2023-01-01,CIV,8,6,2
2023-02-01,CIV,27,21,6
2023-03-01,CIV,13,8,5
2023-04-01,CIV,12,6,6
2023-05-01,CIV,37,28,9
2023-06-01,CIV,17,13,4
2023-07-01,CIV,15,11,4
2023-08-01,CIV,44,33,11
2023-09-01,CIV,67,53,14
2023-10-01,CIV,18,13,5
2023-11-01,CIV,40,24,16
2023-12-01,CIV,8,4,4
2024-01-01,CIV,18,14,4
2024-02-01,CIV,34,24,10
2024-03-01,CIV,13,6,7
2024-04-01,CIV,26,15,11
2024-05-01,CIV,30,18,12
2024-06-01,CIV,5,4,1
2024-07-01,CIV,26,14,12
2024-08-01,CIV,26,14,12
2024-09-01,CIV,61,48,13
2024-10-01,CIV,32,20,12
2020-01-01,CMR,37,27,10
2020-02-01,CMR,31,21,10
2020-03-01,CMR,14,9,5
2020-04-01,CMR,0,0,0
2020-05-01,CMR,0,0,0
2020-06-01,CMR,0,0,0
2020-07-01,CMR,0,0,0
2020-08-01,CMR,1,0,1
2020-09-01,CMR,0,0,0
2020-10-01,CMR,0,0,0
2020-11-01,CMR,0,0,0
2020-12-01,CMR,0,0,0
2021-01-01,CMR,2,1,1
2021-02-01,CMR,2,2,0
2021-03-01,CMR,3,3,0
2021-04-01,CMR,3,1,2
2021-05-01,CMR,1,1,0
2021-06-01,CMR,0,0,0
2021-07-01,CMR,2,1,1
2021-08-01,CMR,3,2,1
2021-09-01,CMR,3,1,2
2021-10-01,CMR,5,3,2
2021-11-01,CMR,1,1,0
2021-12-01,CMR,0,0,0
2022-01-01,CMR,4,2,2
2022-02-01,CMR,1,0,1
2022-03-01,CMR,6,6,0
2022-04-01,CMR,8,6,2
2022-05-01,CMR,9,5,4
2022-06-01,CMR,12,11,1
2022-07-01,CMR,20,17,3
2022-08-01,CMR,22,12,10
2022-09-01,CMR,18,15,3
2022-10-01,CMR,55,30,25
2022-11-01,CMR,20,16,4
2022-12-01,CMR,16,14,2
2023-01-01,CMR,23,18,5
2023-02-01,CMR,16,11,5
2023-03-01,CMR,26,19,7
2023-04-01,CMR,19,16,3
2023-05-01,CMR,33,22,11
2023-06-01,CMR,22,18,4
2023-07-01,CMR,26,16,10
2023-08-01,CMR,36,20,16
2023-09-01,CMR,80,64,16
2023-10-01,CMR,29,24,5
2023-11-01,CMR,28,14,14
2023-12-01,CMR,22,15,7
2024-01-01,CMR,30,22,8
2024-02-01,CMR,24,17,7
2024-03-01,CMR,28,16,12
2024-04-01,CMR,39,16,23
2024-05-01,CMR,37,23,14
2024-06-01,CMR,27,21,6
2024-07-01,CMR,39,26,13
2024-08-01,CMR,57,33,24
2024-09-01,CMR,51,34,17
2024-10-01,CMR,42,22,20
2020-01-01,COD,9,4,5
2020-02-01,COD,10,9,1
2020-03-01,COD,11,6,5
2020-04-01,COD,0,0,0
2020-05-01,COD,0,0,0
2020-06-01,COD,0,0,0
2020-07-01,COD,0,0,0
2020-08-01,COD,1,1,0
2020-09-01,COD,0,0,0
2020-10-01,COD,1,0,1
2020-11-01,COD,0,0,0
2020-12-01,COD,0,0,0
2021-01-01,COD,0,0,0
2021-02-01,COD,0,0,0
2021-03-01,COD,1,1,0
2021-04-01,COD,4,3,1
2021-05-01,COD,1,1,0
2021-06-01,COD,0,0,0
2021-07-01,COD,1,1,0
2021-08-01,COD,1,1,0
2021-09-01,COD,0,0,0
2021-10-01,COD,6,3,3
2021-11-01,COD,0,0,0
2021-12-01,COD,1,0,1
2022-01-01,COD,2,2,0
2022-02-01,COD,2,1,1
2022-03-01,COD,2,1,1
2022-04-01,COD,2,2,0
2022-05-01,COD,6,5,1
2022-06-01,COD,9,5,4
2022-07-01,COD,6,1,5
2022-08-01,COD,14,10,4
2022-09-01,COD,15,13,2
2022-10-01,COD,5,5,0
2022-11-01,COD,2,2,0
2022-12-01,COD,4,3,1
2023-01-01,COD,14,9,5
2023-02-01,COD,6,6,0
2023-03-01,COD,14,12,2
2023-04-01,COD,8,7,1
2023-05-01,COD,16,12,4
2023-06-01,COD,17,14,3
2023-07-01,COD,15,11,4
2023-08-01,COD,16,10,6
2023-09-01,COD,19,13,6
2023-10-01,COD,16,13,3
2023-11-01,COD,13,9,4
2023-12-01,COD,17,9,8
2024-01-01,COD,30,18,12
2024-02-01,COD,19,15,4
2024-03-01,COD,24,22,2
2024-04-01,COD,34,16,18
2024-05-01,COD,16,12,4
2024-06-01,COD,20,16,4
2024-07-01,COD,15,9,6
2024-08-01,COD,20,12,8
2024-09-01,COD,13,11,2
2024-10-01,COD,31,22,9
2020-01-01,COG,3,3,0
2020-02-01,COG,3,1,2
2020-03-01,COG,1,0,1
2020-04-01,COG,0,0,0
2020-05-01,COG,0,0,0
2020-06-01,COG,0,0,0
2020-07-01,COG,0,0,0
2020-08-01,COG,0,0,0
2020-09-01,COG,0,0,0
2020-10-01,COG,0,0,0
2020-11-01,COG,0,0,0
2020-12-01,COG,0,0,0
2021-01-01,COG,0,0,0
2021-02-01,COG,0,0,0
2021-03-01,COG,0,0,0
2021-04-01,COG,0,0,0
2021-05-01,COG,0,0,0
2021-06-01,COG,0,0,0
2021-07-01,COG,0,0,0
2021-08-01,COG,0,0,0
2021-09-01,COG,0,0,0
2021-10-01,COG,1,1,0
2021-11-01,COG,0,0,0
2021-12-01,COG,0,0,0
2022-01-01,COG,0,0,0
2022-02-01,COG,0,0,0
2022-03-01,COG,0,0,0
2022-04-01,COG,1,1,0
2022-05-01,COG,0,0,0
2022-06-01,COG,2,2,0
2022-07-01,COG,0,0,0
2022-08-01,COG,0,0,0
2022-09-01,COG,1,1,0
2022-10-01,COG,1,1,0
2022-11-01,COG,6,3,3
2022-12-01,COG,5,5,0
2023-01-01,COG,0,0,0
2023-02-01,COG,2,2,0
2023-03-01,COG,0,0,0
2023-04-01,COG,0,0,0
2023-05-01,COG,0,0,0
2023-06-01,COG,1,0,1
2023-07-01,COG,8,6,2
2023-08-01,COG,4,2,2
2023-09-01,COG,18,11,7
2023-10-01,COG,17,14,3
2023-11-01,COG,1,0,1
2023-12-01,COG,4,4,0
2024-01-01,COG,4,3,1
2024-02-01,COG,6,5,1
2024-03-01,COG,0,0,0
2024-04-01,COG,1,0,1
2024-05-01,COG,5,4,1
2024-06-01,COG,1,1,0
2024-07-01,COG,6,3,3
2024-08-01,COG,5,4,1
2024-09-01,COG,3,0,3
2024-10-01,COG,1,1,0
2020-01-01,COK,0,0,0
2020-02-01,COK,0,0,0
2020-03-01,COK,0,0,0
2020-04-01,COK,0,0,0
2020-05-01,COK,0,0,0
2020-06-01,COK,0,0,0
2020-07-01,COK,0,0,0
2020-08-01,COK,0,0,0
2020-09-01,COK,0,0,0
2020-10-01,COK,0,0,0
2020-11-01,COK,0,0,0
2020-12-01,COK,0,0,0
2021-01-01,COK,0,0,0
2021-02-01,COK,0,0,0
2021-03-01,COK,0,0,0
2021-04-01,COK,0,0,0
2021-05-01,COK,0,0,0
2021-06-01,COK,0,0,0
2021-07-01,COK,0,0,0
2021-08-01,COK,0,0,0
2021-09-01,COK,0,0,0
2021-10-01,COK,0,0,0
2021-11-01,COK,0,0,0
2021-12-01,COK,0,0,0
2022-01-01,COK,0,0,0
2022-02-01,COK,0,0,0
2022-03-01,COK,0,0,0
2022-04-01,COK,0,0,0
2022-05-01,COK,0,0,0
2022-06-01,COK,0,0,0
2022-07-01,COK,0,0,0
2022-08-01,COK,0,0,0
2022-09-01,COK,0,0,0
2022-10-01,COK,0,0,0
2022-11-01,COK,0,0,0
2022-12-01,COK,0,0,0
2023-01-01,COK,0,0,0
2023-02-01,COK,0,0,0
2023-03-01,COK,0,0,0
2023-04-01,COK,0,0,0
2023-05-01,COK,0,0,0
2023-06-01,COK,0,0,0
2023-07-01,COK,1,1,0
2023-08-01,COK,0,0,0
2023-09-01,COK,0,0,0
2023-10-01,COK,0,0,0
2023-11-01,COK,0,0,0
2023-12-01,COK,0,0,0
2024-01-01,COK,0,0,0
2024-02-01,COK,0,0,0
2024-03-01,COK,0,0,0
2024-04-01,COK,0,0,0
2024-05-01,COK,0,0,0
2024-06-01,COK,0,0,0
2024-07-01,COK,0,0,0
2024-08-01,COK,0,0,0
2024-09-01,COK,0,0,0
2024-10-01,COK,0,0,0
2020-01-01,COL,247,131,116
2020-02-01,COL,137,69,68
2020-03-01,COL,59,30,29
2020-04-01,COL,0,0,0
2020-05-01,COL,0,0,0
2020-06-01,COL,0,0,0
2020-07-01,COL,3,1,2
2020-08-01,COL,0,0,0
2020-09-01,COL,0,0,0
2020-10-01,COL,1,1,0
2020-11-01,COL,3,0,3
2020-12-01,COL,4,2,2
2021-01-01,COL,6,1,5
2021-02-01,COL,5,3,2
2021-03-01,COL,10,3,7
2021-04-01,COL,7,3,4
2021-05-01,COL,4,3,1
2021-06-01,COL,1,1,0
2021-07-01,COL,5,2,3
2021-08-01,COL,7,4,3
2021-09-01,COL,9,5,4
2021-10-01,COL,7,4,3
2021-11-01,COL,5,3,2
2021-12-01,COL,10,6,4
2022-01-01,COL,37,20,17
2022-02-01,COL,10,2,8
2022-03-01,COL,14,10,4
2022-04-01,COL,52,22,30
2022-05-01,COL,127,67,60
2022-06-01,COL,78,35,43
2022-07-01,COL,126,58,68
2022-08-01,COL,115,60,55
2022-09-01,COL,139,81,58
2022-10-01,COL,244,123,121
2022-11-01,COL,153,85,68
2022-12-01,COL,152,78,74
2023-01-01,COL,224,116,108
2023-02-01,COL,130,68,62
2023-03-01,COL,165,81,84
2023-04-01,COL,204,100,104
2023-05-01,COL,233,110,123
2023-06-01,COL,185,85,100
2023-07-01,COL,251,127,124
2023-08-01,COL,241,129,112
2023-09-01,COL,429,243,186
2023-10-01,COL,306,169,137
2023-11-01,COL,220,125,95
2023-12-01,COL,271,143,128
2024-01-01,COL,325,171,154
2024-02-01,COL,204,113,91
2024-03-01,COL,307,158,149
2024-04-01,COL,301,148,153
2024-05-01,COL,229,121,108
2024-06-01,COL,280,145,135
2024-07-01,COL,282,137,145
2024-08-01,COL,282,154,128
2024-09-01,COL,329,183,146
2024-10-01,COL,295,155,140
2020-01-01,COM,20,13,7
2020-02-01,COM,18,14,4
2020-03-01,COM,7,7,0
2020-04-01,COM,0,0,0
2020-05-01,COM,0,0,0
2020-06-01,COM,0,0,0
2020-07-01,COM,0,0,0
2020-08-01,COM,0,0,0
2020-09-01,COM,0,0,0
2020-10-01,COM,2,0,2
2020-11-01,COM,2,0,2
2020-12-01,COM,0,0,0
2021-01-01,COM,0,0,0
2021-02-01,COM,3,2,1
2021-03-01,COM,4,3,1
2021-04-01,COM,2,1,1
2021-05-01,COM,4,2,2
2021-06-01,COM,0,0,0
2021-07-01,COM,0,0,0
2021-08-01,COM,0,0,0
2021-09-01,COM,6,4,2
2021-10-01,COM,2,2,0
2021-11-01,COM,1,0,1
2021-12-01,COM,2,1,1
2022-01-01,COM,1,1,0
2022-02-01,COM,8,2,6
2022-03-01,COM,9,8,1
2022-04-01,COM,13,6,7
2022-05-01,COM,6,5,1
2022-06-01,COM,9,5,4
2022-07-01,COM,2,1,1
2022-08-01,COM,10,3,7
2022-09-01,COM,4,4,0
2022-10-01,COM,10,8,2
2022-11-01,COM,16,10,6
2022-12-01,COM,18,11,7
2023-01-01,COM,16,11,5
2023-02-01,COM,22,9,13
2023-03-01,COM,11,3,8
2023-04-01,COM,6,4,2
2023-05-01,COM,4,4,0
2023-06-01,COM,36,24,12
2023-07-01,COM,39,17,22
2023-08-01,COM,22,12,10
2023-09-01,COM,37,26,11
2023-10-01,COM,21,13,8
2023-11-01,COM,17,11,6
2023-12-01,COM,18,9,9
2024-01-01,COM,16,10,6
2024-02-01,COM,12,11,1
2024-03-01,COM,6,2,4
2024-04-01,COM,26,17,9
2024-05-01,COM,20,11,9
2024-06-01,COM,39,16,23
2024-07-01,COM,32,22,10
2024-08-01,COM,34,23,11
2024-09-01,COM,22,11,11
2024-10-01,COM,20,14,6
2020-01-01,CPV,4,2,2
2020-02-01,CPV,5,4,1
2020-03-01,CPV,2,2,0
2020-04-01,CPV,0,0,0
2020-05-01,CPV,0,0,0
2020-06-01,CPV,0,0,0
2020-07-01,CPV,0,0,0
2020-08-01,CPV,0,0,0
2020-09-01,CPV,0,0,0
2020-10-01,CPV,0,0,0
2020-11-01,CPV,0,0,0
2020-12-01,CPV,0,0,0
2021-01-01,CPV,0,0,0
2021-02-01,CPV,0,0,0
2021-03-01,CPV,0,0,0
2021-04-01,CPV,0,0,0
2021-05-01,CPV,0,0,0
2021-06-01,CPV,0,0,0
2021-07-01,CPV,0,0,0
2021-08-01,CPV,0,0,0
2021-09-01,CPV,0,0,0
2021-10-01,CPV,0,0,0
2021-11-01,CPV,0,0,0
2021-12-01,CPV,0,0,0
2022-01-01,CPV,0,0,0
2022-02-01,CPV,0,0,0
2022-03-01,CPV,0,0,0
2022-04-01,CPV,2,0,2
2022-05-01,CPV,3,2,1
2022-06-01,CPV,1,1,0
2022-07-01,CPV,1,1,0
2022-08-01,CPV,5,3,2
2022-09-01,CPV,1,1,0
2022-10-01,CPV,5,2,3
2022-11-01,CPV,4,2,2
2022-12-01,CPV,1,0,1
2023-01-01,CPV,5,2,3
2023-02-01,CPV,2,2,0
2023-03-01,CPV,3,1,2
2023-04-01,CPV,0,0,0
2023-05-01,CPV,1,0,1
2023-06-01,CPV,2,2,0
2023-07-01,CPV,3,2,1
2023-08-01,CPV,7,4,3
2023-09-01,CPV,1,0,1
2023-10-01,CPV,5,2,3
2023-11-01,CPV,2,0,2
2023-12-01,CPV,1,0,1
2024-01-01,CPV,1,0,1
2024-02-01,CPV,7,4,3
2024-03-01,CPV,1,0,1
2024-04-01,CPV,0,0,0
2024-05-01,CPV,2,1,1
2024-06-01,CPV,7,4,3
2024-07-01,CPV,1,1,0
2024-08-01,CPV,4,3,1
2024-09-01,CPV,6,3,3
2024-10-01,CPV,4,3,1
2020-01-01,CRI,87,52,35
2020-02-01,CRI,75,50,25
2020-03-01,CRI,23,12,11
2020-04-01,CRI,0,0,0
2020-05-01,CRI,0,0,0
2020-06-01,CRI,0,0,0
2020-07-01,CRI,0,0,0
2020-08-01,CRI,3,2,1
2020-09-01,CRI,0,0,0
2020-10-01,CRI,3,3,0
2020-11-01,CRI,0,0,0
2020-12-01,CRI,1,1,0
2021-01-01,CRI,21,11,10
2021-02-01,CRI,18,14,4
2021-03-01,CRI,4,2,2
2021-04-01,CRI,1,0,1
2021-05-01,CRI,37,30,7
2021-06-01,CRI,1,1,0
2021-07-01,CRI,3,1,2
2021-08-01,CRI,0,0,0
2021-09-01,CRI,0,0,0
2021-10-01,CRI,2,1,1
2021-11-01,CRI,3,1,2
2021-12-01,CRI,1,0,1
2022-01-01,CRI,17,6,11
2022-02-01,CRI,5,4,1
2022-03-01,CRI,4,4,0
2022-04-01,CRI,21,10,11
2022-05-01,CRI,33,24,9
2022-06-01,CRI,31,19,12
2022-07-01,CRI,44,19,25
2022-08-01,CRI,43,21,22
2022-09-01,CRI,61,35,26
2022-10-01,CRI,94,48,46
2022-11-01,CRI,53,30,23
2022-12-01,CRI,43,22,21
2023-01-01,CRI,73,39,34
2023-02-01,CRI,50,31,19
2023-03-01,CRI,66,41,25
2023-04-01,CRI,96,52,44
2023-05-01,CRI,62,36,26
2023-06-01,CRI,45,23,22
2023-07-01,CRI,94,54,40
2023-08-01,CRI,82,50,32
2023-09-01,CRI,94,52,42
2023-10-01,CRI,99,59,40
2023-11-01,CRI,80,54,26
2023-12-01,CRI,81,49,32
2024-01-01,CRI,153,78,75
2024-02-01,CRI,90,50,40
2024-03-01,CRI,132,73,59
2024-04-01,CRI,92,52,40
2024-05-01,CRI,80,44,36
2024-06-01,CRI,68,40,28
2024-07-01,CRI,66,37,29
2024-08-01,CRI,72,44,28
2024-09-01,CRI,85,47,38
2024-10-01,CRI,67,38,29
2020-01-01,CUB,48,29,19
2020-02-01,CUB,37,24,13
2020-03-01,CUB,12,7,5
2020-04-01,CUB,0,0,0
2020-05-01,CUB,0,0,0
2020-06-01,CUB,0,0,0
2020-07-01,CUB,0,0,0
2020-08-01,CUB,0,0,0
2020-09-01,CUB,0,0,0
2020-10-01,CUB,0,0,0
2020-11-01,CUB,0,0,0
2020-12-01,CUB,0,0,0
2021-01-01,CUB,0,0,0
2021-02-01,CUB,0,0,0
2021-03-01,CUB,2,1,1
2021-04-01,CUB,0,0,0
2021-05-01,CUB,0,0,0
2021-06-01,CUB,0,0,0
2021-07-01,CUB,0,0,0
2021-08-01,CUB,0,0,0
2021-09-01,CUB,0,0,0
2021-10-01,CUB,0,0,0
2021-11-01,CUB,0,0,0
2021-12-01,CUB,2,1,1
2022-01-01,CUB,5,2,3
2022-02-01,CUB,0,0,0
2022-03-01,CUB,0,0,0
2022-04-01,CUB,5,4,1
2022-05-01,CUB,14,9,5
2022-06-01,CUB,6,5,1
2022-07-01,CUB,23,13,10
2022-08-01,CUB,20,13,7
2022-09-01,CUB,16,4,12
2022-10-01,CUB,40,23,17
2022-11-01,CUB,28,17,11
2022-12-01,CUB,55,36,19
2023-01-01,CUB,23,7,16
2023-02-01,CUB,19,9,10
2023-03-01,CUB,23,13,10
2023-04-01,CUB,29,18,11
2023-05-01,CUB,32,18,14
2023-06-01,CUB,25,14,11
2023-07-01,CUB,39,26,13
2023-08-01,CUB,33,22,11
2023-09-01,CUB,25,12,13
2023-10-01,CUB,18,9,9
2023-11-01,CUB,39,21,18
2023-12-01,CUB,28,20,8
2024-01-01,CUB,44,25,19
2024-02-01,CUB,32,14,18
2024-03-01,CUB,34,19,15
2024-04-01,CUB,27,19,8
2024-05-01,CUB,36,19,17
2024-06-01,CUB,37,22,15
2024-07-01,CUB,30,13,17
2024-08-01,CUB,45,26,19
2024-09-01,CUB,33,12,21
2024-10-01,CUB,18,12,6
2020-01-01,CYM,0,0,0
2020-02-01,CYM,0,0,0
2020-03-01,CYM,0,0,0
2020-04-01,CYM,0,0,0
2020-05-01,CYM,0,0,0
2020-06-01,CYM,0,0,0
2020-07-01,CYM,0,0,0
2020-08-01,CYM,0,0,0
2020-09-01,CYM,0,0,0
2020-10-01,CYM,0,0,0
2020-11-01,CYM,0,0,0
2020-12-01,CYM,0,0,0
2021-01-01,CYM,0,0,0
2021-02-01,CYM,0,0,0
2021-03-01,CYM,0,0,0
2021-04-01,CYM,0,0,0
2021-05-01,CYM,0,0,0
2021-06-01,CYM,0,0,0
2021-07-01,CYM,0,0,0
2021-08-01,CYM,0,0,0
2021-09-01,CYM,0,0,0
2021-10-01,CYM,0,0,0
2021-11-01,CYM,0,0,0
2021-12-01,CYM,0,0,0
2022-01-01,CYM,0,0,0
2022-02-01,CYM,0,0,0
2022-03-01,CYM,0,0,0
2022-04-01,CYM,0,0,0
2022-05-01,CYM,0,0,0
2022-06-01,CYM,0,0,0
2022-07-01,CYM,0,0,0
2022-08-01,CYM,0,0,0
2022-09-01,CYM,0,0,0
2022-10-01,CYM,0,0,0
2022-11-01,CYM,0,0,0
2022-12-01,CYM,0,0,0
2023-01-01,CYM,0,0,0
2023-02-01,CYM,0,0,0
2023-03-01,CYM,0,0,0
2023-04-01,CYM,0,0,0
2023-05-01,CYM,0,0,0
2023-06-01,CYM,0,0,0
2023-07-01,CYM,0,0,0
2023-08-01,CYM,0,0,0
2023-09-01,CYM,0,0,0
2023-10-01,CYM,0,0,0
2023-11-01,CYM,0,0,0
2023-12-01,CYM,0,0,0
2024-01-01,CYM,0,0,0
2024-02-01,CYM,0,0,0
2024-03-01,CYM,0,0,0
2024-04-01,CYM,0,0,0
2024-05-01,CYM,0,0,0
2024-06-01,CYM,0,0,0
2024-07-01,CYM,0,0,0
2024-08-01,CYM,1,0,1
2024-09-01,CYM,0,0,0
2024-10-01,CYM,0,0,0
2020-01-01,CYP,88,51,37
2020-02-01,CYP,75,43,32
2020-03-01,CYP,21,15,6
2020-04-01,CYP,0,0,0
2020-05-01,CYP,0,0,0
2020-06-01,CYP,0,0,0
2020-07-01,CYP,2,2,0
2020-08-01,CYP,0,0,0
2020-09-01,CYP,1,1,0
2020-10-01,CYP,0,0,0
2020-11-01,CYP,0,0,0
2020-12-01,CYP,0,0,0
2021-01-01,CYP,0,0,0
2021-02-01,CYP,3,2,1
2021-03-01,CYP,1,1,0
2021-04-01,CYP,1,1,0
2021-05-01,CYP,3,2,1
2021-06-01,CYP,0,0,0
2021-07-01,CYP,0,0,0
2021-08-01,CYP,0,0,0
2021-09-01,CYP,0,0,0
2021-10-01,CYP,0,0,0
2021-11-01,CYP,0,0,0
2021-12-01,CYP,0,0,0
2022-01-01,CYP,10,8,2
2022-02-01,CYP,8,5,3
2022-03-01,CYP,3,2,1
2022-04-01,CYP,13,11,2
2022-05-01,CYP,42,30,12
2022-06-01,CYP,39,30,9
2022-07-01,CYP,64,42,22
2022-08-01,CYP,74,43,31
2022-09-01,CYP,48,36,12
2022-10-01,CYP,43,28,15
2022-11-01,CYP,63,42,21
2022-12-01,CYP,80,46,34
2023-01-01,CYP,72,42,30
2023-02-01,CYP,47,32,15
2023-03-01,CYP,91,56,35
2023-04-01,CYP,73,47,26
2023-05-01,CYP,58,37,21
2023-06-01,CYP,76,59,17
2023-07-01,CYP,139,82,57
2023-08-01,CYP,143,89,54
2023-09-01,CYP,82,59,23
2023-10-01,CYP,96,57,39
2023-11-01,CYP,125,80,45
2023-12-01,CYP,104,53,51
2024-01-01,CYP,98,57,41
2024-02-01,CYP,95,61,34
2024-03-01,CYP,101,67,34
2024-04-01,CYP,78,47,31
2024-05-01,CYP,94,64,30
2024-06-01,CYP,91,65,26
2024-07-01,CYP,120,71,49
2024-08-01,CYP,187,104,83
2024-09-01,CYP,99,71,28
2024-10-01,CYP,108,63,45
2020-01-01,CZE,1783,998,785
2020-02-01,CZE,2151,1139,1012
2020-03-01,CZE,783,436,347
2020-04-01,CZE,0,0,0
2020-05-01,CZE,1,1,0
2020-06-01,CZE,1,1,0
2020-07-01,CZE,7,5,2
2020-08-01,CZE,7,6,1
2020-09-01,CZE,24,19,5
2020-10-01,CZE,5,4,1
2020-11-01,CZE,8,7,1
2020-12-01,CZE,4,3,1
2021-01-01,CZE,11,11,0
2021-02-01,CZE,6,6,0
2021-03-01,CZE,7,4,3
2021-04-01,CZE,9,8,1
2021-05-01,CZE,6,6,0
2021-06-01,CZE,2,2,0
2021-07-01,CZE,4,2,2
2021-08-01,CZE,8,4,4
2021-09-01,CZE,3,2,1
2021-10-01,CZE,4,4,0
2021-11-01,CZE,13,10,3
2021-12-01,CZE,15,8,7
2022-01-01,CZE,20,15,5
2022-02-01,CZE,24,18,6
2022-03-01,CZE,39,30,9
2022-04-01,CZE,155,102,53
2022-05-01,CZE,157,107,50
2022-06-01,CZE,291,175,116
2022-07-01,CZE,534,297,237
2022-08-01,CZE,496,270,226
2022-09-01,CZE,436,267,169
2022-10-01,CZE,496,299,197
2022-11-01,CZE,684,419,265
2022-12-01,CZE,570,330,240
2023-01-01,CZE,790,447,343
2023-02-01,CZE,1020,580,440
2023-03-01,CZE,1165,673,492
2023-04-01,CZE,772,457,315
2023-05-01,CZE,445,282,163
2023-06-01,CZE,403,252,151
2023-07-01,CZE,927,504,423
2023-08-01,CZE,671,350,321
2023-09-01,CZE,582,345,237
2023-10-01,CZE,643,373,270
2023-11-01,CZE,1014,559,455
2023-12-01,CZE,1296,738,558
2024-01-01,CZE,1561,876,685
2024-02-01,CZE,1891,999,892
2024-03-01,CZE,1587,864,723
2024-04-01,CZE,806,451,355
2024-05-01,CZE,581,331,250
2024-06-01,CZE,645,376,269
2024-07-01,CZE,1003,510,493
2024-08-01,CZE,846,460,386
2024-09-01,CZE,670,375,295
2024-10-01,CZE,709,396,313
2020-01-01,DEU,11673,7345,4328
2020-02-01,DEU,12386,7517,4869
2020-03-01,DEU,6590,3897,2693
2020-04-01,DEU,6,4,2
2020-05-01,DEU,4,2,2
2020-06-01,DEU,19,16,3
2020-07-01,DEU,117,75,42
2020-08-01,DEU,67,49,18
2020-09-01,DEU,73,59,14
2020-10-01,DEU,112,88,24
2020-11-01,DEU,55,46,9
2020-12-01,DEU,35,26,9
2021-01-01,DEU,97,80,17
2021-02-01,DEU,66,57,9
2021-03-01,DEU,94,88,6
2021-04-01,DEU,104,95,9
2021-05-01,DEU,68,55,13
2021-06-01,DEU,51,46,5
2021-07-01,DEU,82,51,31
2021-08-01,DEU,118,77,41
2021-09-01,DEU,159,118,41
2021-10-01,DEU,131,107,24
2021-11-01,DEU,171,146,25
2021-12-01,DEU,371,264,107
2022-01-01,DEU,449,345,104
2022-02-01,DEU,351,291,60
2022-03-01,DEU,512,401,111
2022-04-01,DEU,2796,2013,783
2022-05-01,DEU,4394,3006,1388
2022-06-01,DEU,5064,3411,1653
2022-07-01,DEU,7806,4799,3007
2022-08-01,DEU,9555,5640,3915
2022-09-01,DEU,8309,5195,3114
2022-10-01,DEU,8811,5613,3198
2022-11-01,DEU,8530,5689,2841
2022-12-01,DEU,11699,6862,4837
2023-01-01,DEU,12512,7343,5169
2023-02-01,DEU,14047,8367,5680
2023-03-01,DEU,13048,7880,5168
2023-04-01,DEU,10770,6381,4389
2023-05-01,DEU,11331,6716,4615
2023-06-01,DEU,7307,4590,2717
2023-07-01,DEU,11911,7145,4766
2023-08-01,DEU,13152,7625,5527
2023-09-01,DEU,11381,6973,4408
2023-10-01,DEU,10969,6813,4156
2023-11-01,DEU,11746,7517,4229
2023-12-01,DEU,16543,9554,6989
2024-01-01,DEU,14112,8596,5516
2024-02-01,DEU,23326,12870,10456
2024-03-01,DEU,18690,10832,7858
2024-04-01,DEU,14749,8398,6351
2024-05-01,DEU,13309,7764,5545
2024-06-01,DEU,9580,5890,3690
2024-07-01,DEU,12470,7305,5165
2024-08-01,DEU,15330,8814,6516
2024-09-01,DEU,11802,7206,4596
2024-10-01,DEU,12134,7377,4757
2020-01-01,DJI,9,3,6
2020-02-01,DJI,24,15,9
2020-03-01,DJI,4,0,4
2020-04-01,DJI,0,0,0
2020-05-01,DJI,0,0,0
2020-06-01,DJI,0,0,0
2020-07-01,DJI,0,0,0
2020-08-01,DJI,0,0,0
2020-09-01,DJI,0,0,0
2020-10-01,DJI,2,2,0
2020-11-01,DJI,0,0,0
2020-12-01,DJI,0,0,0
2021-01-01,DJI,0,0,0
2021-02-01,DJI,0,0,0
2021-03-01,DJI,10,0,10
2021-04-01,DJI,24,15,9
2021-05-01,DJI,1,0,1
2021-06-01,DJI,1,0,1
2021-07-01,DJI,1,1,0
2021-08-01,DJI,2,0,2
2021-09-01,DJI,1,1,0
2021-10-01,DJI,2,0,2
2021-11-01,DJI,3,2,1
2021-12-01,DJI,6,1,5
2022-01-01,DJI,6,3,3
2022-02-01,DJI,3,1,2
2022-03-01,DJI,10,6,4
2022-04-01,DJI,6,3,3
2022-05-01,DJI,6,3,3
2022-06-01,DJI,5,4,1
2022-07-01,DJI,1,0,1
2022-08-01,DJI,18,13,5
2022-09-01,DJI,11,7,4
2022-10-01,DJI,24,21,3
2022-11-01,DJI,7,4,3
2022-12-01,DJI,25,12,13
2023-01-01,DJI,15,8,7
2023-02-01,DJI,5,3,2
2023-03-01,DJI,4,1,3
2023-04-01,DJI,5,2,3
2023-05-01,DJI,40,22,18
2023-06-01,DJI,8,7,1
2023-07-01,DJI,2,2,0
2023-08-01,DJI,10,5,5
2023-09-01,DJI,13,9,4
2023-10-01,DJI,13,9,4
2023-11-01,DJI,14,9,5
2023-12-01,DJI,13,6,7
2024-01-01,DJI,12,7,5
2024-02-01,DJI,8,3,5
2024-03-01,DJI,26,17,9
2024-04-01,DJI,9,6,3
2024-05-01,DJI,15,5,10
2024-06-01,DJI,14,11,3
2024-07-01,DJI,8,4,4
2024-08-01,DJI,20,7,13
2024-09-01,DJI,25,14,11
2024-10-01,DJI,23,10,13
2020-01-01,DMA,57,46,11
2020-02-01,DMA,45,36,9
2020-03-01,DMA,14,12,2
2020-04-01,DMA,0,0,0
2020-05-01,DMA,0,0,0
2020-06-01,DMA,1,1,0
2020-07-01,DMA,0,0,0
2020-08-01,DMA,0,0,0
2020-09-01,DMA,0,0,0
2020-10-01,DMA,0,0,0
2020-11-01,DMA,0,0,0
2020-12-01,DMA,0,0,0
2021-01-01,DMA,1,1,0
2021-02-01,DMA,1,1,0
2021-03-01,DMA,1,1,0
2021-04-01,DMA,0,0,0
2021-05-01,DMA,0,0,0
2021-06-01,DMA,0,0,0
2021-07-01,DMA,0,0,0
2021-08-01,DMA,4,3,1
2021-09-01,DMA,0,0,0
2021-10-01,DMA,0,0,0
2021-11-01,DMA,8,3,5
2021-12-01,DMA,5,5,0
2022-01-01,DMA,0,0,0
2022-02-01,DMA,3,3,0
2022-03-01,DMA,5,4,1
2022-04-01,DMA,14,11,3
2022-05-01,DMA,27,21,6
2022-06-01,DMA,16,13,3
2022-07-01,DMA,26,17,9
2022-08-01,DMA,38,28,10
2022-09-01,DMA,33,30,3
2022-10-01,DMA,36,30,6
2022-11-01,DMA,26,22,4
2022-12-01,DMA,24,20,4
2023-01-01,DMA,39,29,10
2023-02-01,DMA,42,33,9
2023-03-01,DMA,65,50,15
2023-04-01,DMA,28,24,4
2023-05-01,DMA,32,30,2
2023-06-01,DMA,48,40,8
2023-07-01,DMA,66,47,19
2023-08-01,DMA,57,40,17
2023-09-01,DMA,70,55,15
2023-10-01,DMA,48,41,7
2023-11-01,DMA,39,34,5
2023-12-01,DMA,71,48,23
2024-01-01,DMA,65,54,11
2024-02-01,DMA,53,40,13
2024-03-01,DMA,74,51,23
2024-04-01,DMA,71,49,22
2024-05-01,DMA,62,42,20
2024-06-01,DMA,51,39,12
2024-07-01,DMA,93,60,33
2024-08-01,DMA,72,53,19
2024-09-01,DMA,52,40,12
2024-10-01,DMA,49,43,6
2020-01-01,DNK,2772,1644,1128
2020-02-01,DNK,3009,1669,1340
2020-03-01,DNK,890,506,384
2020-04-01,DNK,0,0,0
2020-05-01,DNK,0,0,0
2020-06-01,DNK,2,2,0
2020-07-01,DNK,35,30,5
2020-08-01,DNK,20,10,10
2020-09-01,DNK,19,15,4
2020-10-01,DNK,28,26,2
2020-11-01,DNK,24,19,5
2020-12-01,DNK,12,6,6
2021-01-01,DNK,26,18,8
2021-02-01,DNK,17,17,0
2021-03-01,DNK,21,18,3
2021-04-01,DNK,34,27,7
2021-05-01,DNK,11,10,1
2021-06-01,DNK,10,9,1
2021-07-01,DNK,14,10,4
2021-08-01,DNK,35,25,10
2021-09-01,DNK,39,32,7
2021-10-01,DNK,30,21,9
2021-11-01,DNK,36,32,4
2021-12-01,DNK,58,47,11
2022-01-01,DNK,127,93,34
2022-02-01,DNK,59,48,11
2022-03-01,DNK,106,80,26
2022-04-01,DNK,519,358,161
2022-05-01,DNK,620,412,208
2022-06-01,DNK,741,503,238
2022-07-01,DNK,1501,849,652
2022-08-01,DNK,1012,624,388
2022-09-01,DNK,1082,675,407
2022-10-01,DNK,1219,777,442
2022-11-01,DNK,1218,805,413
2022-12-01,DNK,1086,657,429
2023-01-01,DNK,1714,984,730
2023-02-01,DNK,1965,1142,823
2023-03-01,DNK,1844,1053,791
2023-04-01,DNK,1621,954,667
2023-05-01,DNK,1138,772,366
2023-06-01,DNK,1025,643,382
2023-07-01,DNK,2362,1329,1033
2023-08-01,DNK,1194,739,455
2023-09-01,DNK,1282,829,453
2023-10-01,DNK,1618,985,633
2023-11-01,DNK,1583,1032,551
2023-12-01,DNK,1734,1035,699
2024-01-01,DNK,2821,1551,1270
2024-02-01,DNK,2604,1457,1147
2024-03-01,DNK,2555,1454,1101
2024-04-01,DNK,1731,992,739
2024-05-01,DNK,1109,737,372
2024-06-01,DNK,1309,837,472
2024-07-01,DNK,2757,1524,1233
2024-08-01,DNK,1412,906,506
2024-09-01,DNK,1336,854,482
2024-10-01,DNK,1643,1027,616
2020-01-01,DOM,23,13,10
2020-02-01,DOM,35,23,12
2020-03-01,DOM,6,4,2
2020-04-01,DOM,0,0,0
2020-05-01,DOM,0,0,0
2020-06-01,DOM,0,0,0
2020-07-01,DOM,1,1,0
2020-08-01,DOM,0,0,0
2020-09-01,DOM,0,0,0
2020-10-01,DOM,0,0,0
2020-11-01,DOM,0,0,0
2020-12-01,DOM,0,0,0
2021-01-01,DOM,0,0,0
2021-02-01,DOM,0,0,0
2021-03-01,DOM,0,0,0
2021-04-01,DOM,0,0,0
2021-05-01,DOM,0,0,0
2021-06-01,DOM,0,0,0
2021-07-01,DOM,0,0,0
2021-08-01,DOM,0,0,0
2021-09-01,DOM,0,0,0
2021-10-01,DOM,0,0,0
2021-11-01,DOM,0,0,0
2021-12-01,DOM,1,1,0
2022-01-01,DOM,1,1,0
2022-02-01,DOM,0,0,0
2022-03-01,DOM,0,0,0
2022-04-01,DOM,0,0,0
2022-05-01,DOM,14,4,10
2022-06-01,DOM,9,5,4
2022-07-01,DOM,17,10,7
2022-08-01,DOM,13,7,6
2022-09-01,DOM,9,4,5
2022-10-01,DOM,42,20,22
2022-11-01,DOM,8,8,0
2022-12-01,DOM,14,6,8
2023-01-01,DOM,14,9,5
2023-02-01,DOM,23,11,12
2023-03-01,DOM,70,41,29
2023-04-01,DOM,37,19,18
2023-05-01,DOM,22,14,8
2023-06-01,DOM,21,13,8
2023-07-01,DOM,18,9,9
2023-08-01,DOM,19,11,8
2023-09-01,DOM,36,14,22
2023-10-01,DOM,22,10,12
2023-11-01,DOM,96,47,49
2023-12-01,DOM,15,5,10
2024-01-01,DOM,18,10,8
2024-02-01,DOM,18,10,8
2024-03-01,DOM,26,11,15
2024-04-01,DOM,14,5,9
2024-05-01,DOM,29,12,17
2024-06-01,DOM,21,9,12
2024-07-01,DOM,30,17,13
2024-08-01,DOM,17,9,8
2024-09-01,DOM,21,11,10
2024-10-01,DOM,23,13,10
2020-01-01,DZA,783,570,213
2020-02-01,DZA,916,659,257
2020-03-01,DZA,367,268,99
2020-04-01,DZA,0,0,0
2020-05-01,DZA,0,0,0
2020-06-01,DZA,1,1,0
2020-07-01,DZA,4,2,2
2020-08-01,DZA,5,4,1
2020-09-01,DZA,2,2,0
2020-10-01,DZA,1,1,0
2020-11-01,DZA,4,3,1
2020-12-01,DZA,9,7,2
2021-01-01,DZA,9,5,4
2021-02-01,DZA,4,3,1
2021-03-01,DZA,4,2,2
2021-04-01,DZA,3,2,1
2021-05-01,DZA,4,4,0
2021-06-01,DZA,11,7,4
2021-07-01,DZA,3,1,2
2021-08-01,DZA,12,5,7
2021-09-01,DZA,26,12,14
2021-10-01,DZA,11,9,2
2021-11-01,DZA,26,18,8
2021-12-01,DZA,45,35,10
2022-01-01,DZA,50,37,13
2022-02-01,DZA,47,32,15
2022-03-01,DZA,54,36,18
2022-04-01,DZA,119,87,32
2022-05-01,DZA,225,158,67
2022-06-01,DZA,222,136,86
2022-07-01,DZA,289,166,123
2022-08-01,DZA,929,490,439
2022-09-01,DZA,501,303,198
2022-10-01,DZA,451,313,138
2022-11-01,DZA,491,359,132
2022-12-01,DZA,322,219,103
2023-01-01,DZA,500,336,164
2023-02-01,DZA,404,280,124
2023-03-01,DZA,414,304,110
2023-04-01,DZA,289,205,84
2023-05-01,DZA,656,437,219
2023-06-01,DZA,503,335,168
2023-07-01,DZA,1172,641,531
2023-08-01,DZA,3192,1608,1584
2023-09-01,DZA,1716,1072,644
2023-10-01,DZA,1186,768,418
2023-11-01,DZA,795,536,259
2023-12-01,DZA,987,581,406
2024-01-01,DZA,1018,654,364
2024-02-01,DZA,865,565,300
2024-03-01,DZA,395,294,101
2024-04-01,DZA,513,336,177
2024-05-01,DZA,962,626,336
2024-06-01,DZA,815,521,294
2024-07-01,DZA,1972,1061,911
2024-08-01,DZA,4504,2341,2163
2024-09-01,DZA,2476,1527,949
2024-10-01,DZA,1638,1186,452
2020-01-01,ECU,107,48,59
2020-02-01,ECU,80,40,40
2020-03-01,ECU,15,7,8
2020-04-01,ECU,0,0,0
2020-05-01,ECU,0,0,0
2020-06-01,ECU,1,0,1
2020-07-01,ECU,1,0,1
2020-08-01,ECU,0,0,0
2020-09-01,ECU,0,0,0
2020-10-01,ECU,0,0,0
2020-11-01,ECU,1,1,0
2020-12-01,ECU,1,1,0
2021-01-01,ECU,0,0,0
2021-02-01,ECU,0,0,0
2021-03-01,ECU,0,0,0
2021-04-01,ECU,1,1,0
2021-05-01,ECU,2,2,0
2021-06-01,ECU,0,0,0
2021-07-01,ECU,0,0,0
2021-08-01,ECU,1,0,1
2021-09-01,ECU,0,0,0
2021-10-01,ECU,1,1,0
2021-11-01,ECU,0,0,0
2021-12-01,ECU,3,3,0
2022-01-01,ECU,2,2,0
2022-02-01,ECU,0,0,0
2022-03-01,ECU,2,1,1
2022-04-01,ECU,28,16,12
2022-05-01,ECU,31,14,17
2022-06-01,ECU,29,16,13
2022-07-01,ECU,42,17,25
2022-08-01,ECU,66,28,38
2022-09-01,ECU,57,29,28
2022-10-01,ECU,99,57,42
2022-11-01,ECU,50,28,22
2022-12-01,ECU,51,22,29
2023-01-01,ECU,38,16,22
2023-02-01,ECU,56,40,16
2023-03-01,ECU,81,43,38
2023-04-01,ECU,94,50,44
2023-05-01,ECU,60,30,30
2023-06-01,ECU,64,22,42
2023-07-01,ECU,88,47,41
2023-08-01,ECU,102,40,62
2023-09-01,ECU,148,67,81
2023-10-01,ECU,82,48,34
2023-11-01,ECU,123,64,59
2023-12-01,ECU,104,49,55
2024-01-01,ECU,78,44,34
2024-02-01,ECU,86,47,39
2024-03-01,ECU,90,32,58
2024-04-01,ECU,137,58,79
2024-05-01,ECU,95,49,46
2024-06-01,ECU,121,65,56
2024-07-01,ECU,99,38,61
2024-08-01,ECU,172,74,98
2024-09-01,ECU,121,57,64
2024-10-01,ECU,99,43,56
2020-01-01,EGY,3079,1928,1151
2020-02-01,EGY,2862,1996,866
2020-03-01,EGY,763,580,183
2020-04-01,EGY,8,7,1
2020-05-01,EGY,13,11,2
2020-06-01,EGY,3,3,0
2020-07-01,EGY,27,18,9
2020-08-01,EGY,30,22,8
2020-09-01,EGY,35,28,7
2020-10-01,EGY,53,39,14
2020-11-01,EGY,28,23,5
2020-12-01,EGY,50,39,11
2021-01-01,EGY,40,30,10
2021-02-01,EGY,56,44,12
2021-03-01,EGY,114,86,28
2021-04-01,EGY,98,75,23
2021-05-01,EGY,76,59,17
2021-06-01,EGY,50,36,14
2021-07-01,EGY,52,39,13
2021-08-01,EGY,81,61,20
2021-09-01,EGY,73,54,19
2021-10-01,EGY,165,125,40
2021-11-01,EGY,213,160,53
2021-12-01,EGY,271,206,65
2022-01-01,EGY,342,248,94
2022-02-01,EGY,270,210,60
2022-03-01,EGY,234,177,57
2022-04-01,EGY,648,458,190
2022-05-01,EGY,1266,894,372
2022-06-01,EGY,1136,775,361
2022-07-01,EGY,1290,798,492
2022-08-01,EGY,1915,1235,680
2022-09-01,EGY,1999,1354,645
2022-10-01,EGY,2073,1444,629
2022-11-01,EGY,1525,1044,481
2022-12-01,EGY,1634,1030,604
2023-01-01,EGY,1669,1144,525
2023-02-01,EGY,1777,1251,526
2023-03-01,EGY,1556,1212,344
2023-04-01,EGY,1665,1184,481
2023-05-01,EGY,2121,1592,529
2023-06-01,EGY,1864,1292,572
2023-07-01,EGY,2320,1458,862
2023-08-01,EGY,2828,1822,1006
2023-09-01,EGY,2648,1794,854
2023-10-01,EGY,2590,1828,762
2023-11-01,EGY,2218,1547,671
2023-12-01,EGY,2413,1622,791
2024-01-01,EGY,2392,1598,794
2024-02-01,EGY,2712,1750,962
2024-03-01,EGY,1450,1123,327
2024-04-01,EGY,1958,1334,624
2024-05-01,EGY,2031,1452,579
2024-06-01,EGY,2569,1610,959
2024-07-01,EGY,2588,1737,851
2024-08-01,EGY,2471,1575,896
2024-09-01,EGY,2555,1812,743
2024-10-01,EGY,2432,1683,749
2020-01-01,ERI,31,20,11
2020-02-01,ERI,31,21,10
2020-03-01,ERI,3,3,0
2020-04-01,ERI,0,0,0
2020-05-01,ERI,0,0,0
2020-06-01,ERI,0,0,0
2020-07-01,ERI,0,0,0
2020-08-01,ERI,0,0,0
2020-09-01,ERI,0,0,0
2020-10-01,ERI,0,0,0
2020-11-01,ERI,0,0,0
2020-12-01,ERI,0,0,0
2021-01-01,ERI,0,0,0
2021-02-01,ERI,1,1,0
2021-03-01,ERI,2,1,1
2021-04-01,ERI,1,1,0
2021-05-01,ERI,2,1,1
2021-06-01,ERI,0,0,0
2021-07-01,ERI,0,0,0
2021-08-01,ERI,0,0,0
2021-09-01,ERI,1,1,0
2021-10-01,ERI,2,1,1
2021-11-01,ERI,1,0,1
2021-12-01,ERI,4,2,2
2022-01-01,ERI,1,0,1
2022-02-01,ERI,3,0,3
2022-03-01,ERI,5,4,1
2022-04-01,ERI,9,6,3
2022-05-01,ERI,9,3,6
2022-06-01,ERI,6,2,4
2022-07-01,ERI,8,5,3
2022-08-01,ERI,7,4,3
2022-09-01,ERI,17,9,8
2022-10-01,ERI,19,15,4
2022-11-01,ERI,17,9,8
2022-12-01,ERI,13,6,7
2023-01-01,ERI,12,7,5
2023-02-01,ERI,8,4,4
2023-03-01,ERI,29,18,11
2023-04-01,ERI,18,7,11
2023-05-01,ERI,3,2,1
2023-06-01,ERI,25,14,11
2023-07-01,ERI,13,11,2
2023-08-01,ERI,35,18,17
2023-09-01,ERI,21,10,11
2023-10-01,ERI,13,10,3
2023-11-01,ERI,26,14,12
2023-12-01,ERI,14,5,9
2024-01-01,ERI,17,10,7
2024-02-01,ERI,22,12,10
2024-03-01,ERI,21,6,15
2024-04-01,ERI,15,10,5
2024-05-01,ERI,19,12,7
2024-06-01,ERI,34,20,14
2024-07-01,ERI,18,10,8
2024-08-01,ERI,12,7,5
2024-09-01,ERI,24,10,14
2024-10-01,ERI,26,18,8
2020-01-01,ESP,3195,1891,1304
2020-02-01,ESP,2883,1720,1163
2020-03-01,ESP,1428,825,603
2020-04-01,ESP,0,0,0
2020-05-01,ESP,0,0,0
2020-06-01,ESP,3,1,2
2020-07-01,ESP,22,18,4
2020-08-01,ESP,19,10,9
2020-09-01,ESP,8,5,3
2020-10-01,ESP,12,6,6
2020-11-01,ESP,14,12,2
2020-12-01,ESP,28,17,11
2021-01-01,ESP,20,13,7
2021-02-01,ESP,18,15,3
2021-03-01,ESP,27,18,9
2021-04-01,ESP,21,16,5
2021-05-01,ESP,27,23,4
2021-06-01,ESP,14,12,2
2021-07-01,ESP,32,22,10
2021-08-01,ESP,75,45,30
2021-09-01,ESP,43,32,11
2021-10-01,ESP,19,13,6
2021-11-01,ESP,44,31,13
2021-12-01,ESP,44,30,14
2022-01-01,ESP,274,200,74
2022-02-01,ESP,134,110,24
2022-03-01,ESP,121,88,33
2022-04-01,ESP,599,366,233
2022-05-01,ESP,996,652,344
2022-06-01,ESP,1490,943,547
2022-07-01,ESP,3745,1959,1786
2022-08-01,ESP,6259,3232,3027
2022-09-01,ESP,3090,1714,1376
2022-10-01,ESP,3712,2333,1379
2022-11-01,ESP,2808,1650,1158
2022-12-01,ESP,1993,1146,847
2023-01-01,ESP,2607,1536,1071
2023-02-01,ESP,2203,1373,830
2023-03-01,ESP,2778,1632,1146
2023-04-01,ESP,3082,1710,1372
2023-05-01,ESP,2364,1443,921
2023-06-01,ESP,2213,1313,900
2023-07-01,ESP,6252,3193,3059
2023-08-01,ESP,10124,5151,4973
2023-09-01,ESP,5142,2804,2338
2023-10-01,ESP,4129,2326,1803
2023-11-01,ESP,4466,2720,1746
2023-12-01,ESP,3512,1929,1583
2024-01-01,ESP,3953,2181,1772
2024-02-01,ESP,3619,2113,1506
2024-03-01,ESP,4499,2478,2021
2024-04-01,ESP,3631,2088,1543
2024-05-01,ESP,3392,1988,1404
2024-06-01,ESP,4518,2454,2064
2024-07-01,ESP,9434,4768,4666
2024-08-01,ESP,15065,7472,7593
2024-09-01,ESP,7265,3829,3436
2024-10-01,ESP,6485,3720,2765
2020-01-01,EST,482,258,224
2020-02-01,EST,713,346,367
2020-03-01,EST,209,98,111
2020-04-01,EST,0,0,0
2020-05-01,EST,0,0,0
2020-06-01,EST,0,0,0
2020-07-01,EST,6,6,0
2020-08-01,EST,1,1,0
2020-09-01,EST,0,0,0
2020-10-01,EST,0,0,0
2020-11-01,EST,3,3,0
2020-12-01,EST,1,1,0
2021-01-01,EST,1,1,0
2021-02-01,EST,0,0,0
2021-03-01,EST,2,2,0
2021-04-01,EST,3,3,0
2021-05-01,EST,4,3,1
2021-06-01,EST,1,1,0
2021-07-01,EST,0,0,0
2021-08-01,EST,0,0,0
2021-09-01,EST,4,1,3
2021-10-01,EST,1,1,0
2021-11-01,EST,7,7,0
2021-12-01,EST,4,3,1
2022-01-01,EST,7,4,3
2022-02-01,EST,4,2,2
2022-03-01,EST,9,8,1
2022-04-01,EST,32,17,15
2022-05-01,EST,50,31,19
2022-06-01,EST,47,22,25
2022-07-01,EST,39,20,19
2022-08-01,EST,87,37,50
2022-09-01,EST,99,64,35
2022-10-01,EST,161,90,71
2022-11-01,EST,172,99,73
2022-12-01,EST,305,133,172
2023-01-01,EST,343,177,166
2023-02-01,EST,535,283,252
2023-03-01,EST,428,219,209
2023-04-01,EST,216,130,86
2023-05-01,EST,173,93,80
2023-06-01,EST,95,50,45
2023-07-01,EST,126,65,61
2023-08-01,EST,117,56,61
2023-09-01,EST,148,94,54
2023-10-01,EST,264,133,131
2023-11-01,EST,376,193,183
2023-12-01,EST,510,254,256
2024-01-01,EST,627,302,325
2024-02-01,EST,816,391,425
2024-03-01,EST,550,282,268
2024-04-01,EST,205,116,89
2024-05-01,EST,133,80,53
2024-06-01,EST,139,82,57
2024-07-01,EST,118,62,56
2024-08-01,EST,135,71,64
2024-09-01,EST,141,82,59
2024-10-01,EST,203,105,98
2020-01-01,ETH,48,29,19
2020-02-01,ETH,39,26,13
2020-03-01,ETH,13,6,7
2020-04-01,ETH,0,0,0
2020-05-01,ETH,0,0,0
2020-06-01,ETH,0,0,0
2020-07-01,ETH,3,3,0
2020-08-01,ETH,2,1,1
2020-09-01,ETH,1,1,0
2020-10-01,ETH,0,0,0
2020-11-01,ETH,0,0,0
2020-12-01,ETH,3,3,0
2021-01-01,ETH,0,0,0
2021-02-01,ETH,0,0,0
2021-03-01,ETH,9,8,1
2021-04-01,ETH,4,2,2
2021-05-01,ETH,8,4,4
2021-06-01,ETH,4,2,2
2021-07-01,ETH,3,1,2
2021-08-01,ETH,1,1,0
2021-09-01,ETH,5,5,0
2021-10-01,ETH,4,2,2
2021-11-01,ETH,10,2,8
2021-12-01,ETH,3,2,1
2022-01-01,ETH,15,9,6
2022-02-01,ETH,5,5,0
2022-03-01,ETH,13,8,5
2022-04-01,ETH,6,4,2
2022-05-01,ETH,26,23,3
2022-06-01,ETH,20,14,6
2022-07-01,ETH,37,17,20
2022-08-01,ETH,35,20,15
2022-09-01,ETH,26,14,12
2022-10-01,ETH,60,52,8
2022-11-01,ETH,35,22,13
2022-12-01,ETH,20,13,7
2023-01-01,ETH,36,23,13
2023-02-01,ETH,32,26,6
2023-03-01,ETH,22,19,3
2023-04-01,ETH,21,14,7
2023-05-01,ETH,41,21,20
2023-06-01,ETH,39,24,15
2023-07-01,ETH,54,25,29
2023-08-01,ETH,50,25,25
2023-09-01,ETH,51,30,21
2023-10-01,ETH,61,42,19
2023-11-01,ETH,37,27,10
2023-12-01,ETH,28,15,13
2024-01-01,ETH,70,39,31
2024-02-01,ETH,58,48,10
2024-03-01,ETH,31,16,15
2024-04-01,ETH,31,23,8
2024-05-01,ETH,42,32,10
2024-06-01,ETH,39,22,17
2024-07-01,ETH,54,25,29
2024-08-01,ETH,65,43,22
2024-09-01,ETH,82,53,29
2024-10-01,ETH,92,62,30
2020-01-01,FIN,2424,1288,1136
2020-02-01,FIN,2498,1308,1190
2020-03-01,FIN,786,443,343
2020-04-01,FIN,2,2,0
2020-05-01,FIN,2,1,1
2020-06-01,FIN,0,0,0
2020-07-01,FIN,8,6,2
2020-08-01,FIN,10,5,5
2020-09-01,FIN,8,4,4
2020-10-01,FIN,2,1,1
2020-11-01,FIN,5,5,0
2020-12-01,FIN,8,7,1
2021-01-01,FIN,9,6,3
2021-02-01,FIN,12,8,4
2021-03-01,FIN,15,13,2
2021-04-01,FIN,6,4,2
2021-05-01,FIN,11,11,0
2021-06-01,FIN,7,5,2
2021-07-01,FIN,16,13,3
2021-08-01,FIN,16,12,4
2021-09-01,FIN,24,20,4
2021-10-01,FIN,12,7,5
2021-11-01,FIN,19,18,1
2021-12-01,FIN,36,25,11
2022-01-01,FIN,48,31,17
2022-02-01,FIN,24,20,4
2022-03-01,FIN,59,35,24
2022-04-01,FIN,277,180,97
2022-05-01,FIN,378,245,133
2022-06-01,FIN,374,251,123
2022-07-01,FIN,384,220,164
2022-08-01,FIN,318,195,123
2022-09-01,FIN,427,288,139
2022-10-01,FIN,715,417,298
2022-11-01,FIN,906,502,404
2022-12-01,FIN,881,494,387
2023-01-01,FIN,1245,724,521
2023-02-01,FIN,1163,665,498
2023-03-01,FIN,1125,634,491
2023-04-01,FIN,813,454,359
2023-05-01,FIN,558,342,216
2023-06-01,FIN,485,285,200
2023-07-01,FIN,602,340,262
2023-08-01,FIN,506,309,197
2023-09-01,FIN,583,371,212
2023-10-01,FIN,790,431,359
2023-11-01,FIN,1042,592,450
2023-12-01,FIN,1234,702,532
2024-01-01,FIN,1886,1041,845
2024-02-01,FIN,1689,894,795
2024-03-01,FIN,1444,770,674
2024-04-01,FIN,796,417,379
2024-05-01,FIN,699,411,288
2024-06-01,FIN,627,363,264
2024-07-01,FIN,487,305,182
2024-08-01,FIN,531,316,215
2024-09-01,FIN,593,315,278
2024-10-01,FIN,838,475,363
2020-01-01,FJI,237,122,115
2020-02-01,FJI,112,69,43
2020-03-01,FJI,29,15,14
2020-04-01,FJI,0,0,0
2020-05-01,FJI,0,0,0
2020-06-01,FJI,0,0,0
2020-07-01,FJI,0,0,0
2020-08-01,FJI,1,1,0
2020-09-01,FJI,0,0,0
2020-10-01,FJI,0,0,0
2020-11-01,FJI,1,0,1
2020-12-01,FJI,5,3,2
2021-01-01,FJI,0,0,0
2021-02-01,FJI,0,0,0
2021-03-01,FJI,1,0,1
2021-04-01,FJI,1,1,0
2021-05-01,FJI,0,0,0
2021-06-01,FJI,0,0,0
2021-07-01,FJI,0,0,0
2021-08-01,FJI,0,0,0
2021-09-01,FJI,0,0,0
2021-10-01,FJI,0,0,0
2021-11-01,FJI,2,0,2
2021-12-01,FJI,6,4,2
2022-01-01,FJI,2,0,2
2022-02-01,FJI,4,3,1
2022-03-01,FJI,3,1,2
2022-04-01,FJI,29,13,16
2022-05-01,FJI,35,19,16
2022-06-01,FJI,72,51,21
2022-07-01,FJI,105,49,56
2022-08-01,FJI,87,46,41
2022-09-01,FJI,134,70,64
2022-10-01,FJI,181,99,82
2022-11-01,FJI,109,68,41
2022-12-01,FJI,167,93,74
2023-01-01,FJI,139,62,77
2023-02-01,FJI,105,57,48
2023-03-01,FJI,150,83,67
2023-04-01,FJI,177,96,81
2023-05-01,FJI,210,124,86
2023-06-01,FJI,185,85,100
2023-07-01,FJI,215,117,98
2023-08-01,FJI,256,145,111
2023-09-01,FJI,325,174,151
2023-10-01,FJI,239,118,121
2023-11-01,FJI,189,100,89
2023-12-01,FJI,489,217,272
2024-01-01,FJI,329,160,169
2024-02-01,FJI,117,60,57
2024-03-01,FJI,159,74,85
2024-04-01,FJI,228,106,122
2024-05-01,FJI,369,168,201
2024-06-01,FJI,167,89,78
2024-07-01,FJI,204,104,100
2024-08-01,FJI,238,123,115
2024-09-01,FJI,285,160,125
2024-10-01,FJI,257,123,134
2020-01-01,FRA,12753,7853,4900
2020-02-01,FRA,14414,8544,5870
2020-03-01,FRA,6280,3756,2524
2020-04-01,FRA,3,2,1
2020-05-01,FRA,7,7,0
2020-06-01,FRA,26,21,5
2020-07-01,FRA,64,42,22
2020-08-01,FRA,121,73,48
2020-09-01,FRA,87,60,27
2020-10-01,FRA,80,50,30
2020-11-01,FRA,46,37,9
2020-12-01,FRA,58,38,20
2021-01-01,FRA,119,88,31
2021-02-01,FRA,52,38,14
2021-03-01,FRA,79,64,15
2021-04-01,FRA,68,54,14
2021-05-01,FRA,80,60,20
2021-06-01,FRA,50,41,9
2021-07-01,FRA,102,75,27
2021-08-01,FRA,423,248,175
2021-09-01,FRA,250,173,77
2021-10-01,FRA,185,123,62
2021-11-01,FRA,171,125,46
2021-12-01,FRA,398,272,126
2022-01-01,FRA,677,491,186
2022-02-01,FRA,413,287,126
2022-03-01,FRA,630,469,161
2022-04-01,FRA,3129,2039,1090
2022-05-01,FRA,4967,3145,1822
2022-06-01,FRA,4908,3113,1795
2022-07-01,FRA,9552,5448,4104
2022-08-01,FRA,13949,7759,6190
2022-09-01,FRA,8145,4901,3244
2022-10-01,FRA,9373,5752,3621
2022-11-01,FRA,7046,4663,2383
2022-12-01,FRA,7267,4423,2844
2023-01-01,FRA,9004,5392,3612
2023-02-01,FRA,10655,6407,4248
2023-03-01,FRA,11311,6709,4602
2023-04-01,FRA,10501,6113,4388
2023-05-01,FRA,10627,6216,4411
2023-06-01,FRA,8143,4840,3303
2023-07-01,FRA,18945,10359,8586
2023-08-01,FRA,19840,10677,9163
2023-09-01,FRA,10430,6146,4284
2023-10-01,FRA,11030,6646,4384
2023-11-01,FRA,10388,6675,3713
2023-12-01,FRA,10954,6597,4357
2024-01-01,FRA,14055,8266,5789
2024-02-01,FRA,17370,9777,7593
2024-03-01,FRA,15009,8785,6224
2024-04-01,FRA,14838,8229,6609
2024-05-01,FRA,13475,7702,5773
2024-06-01,FRA,13429,7591,5838
2024-07-01,FRA,23515,12501,11014
2024-08-01,FRA,26726,14229,12497
2024-09-01,FRA,13731,7995,5736
2024-10-01,FRA,14599,8553,6046
2020-01-01,FSM,3,2,1
2020-02-01,FSM,0,0,0
2020-03-01,FSM,0,0,0
2020-04-01,FSM,0,0,0
2020-05-01,FSM,0,0,0
2020-06-01,FSM,0,0,0
2020-07-01,FSM,0,0,0
2020-08-01,FSM,0,0,0
2020-09-01,FSM,0,0,0
2020-10-01,FSM,0,0,0
2020-11-01,FSM,0,0,0
2020-12-01,FSM,0,0,0
2021-01-01,FSM,0,0,0
2021-02-01,FSM,0,0,0
2021-03-01,FSM,0,0,0
2021-04-01,FSM,0,0,0
2021-05-01,FSM,0,0,0
2021-06-01,FSM,0,0,0
2021-07-01,FSM,0,0,0
2021-08-01,FSM,0,0,0
2021-09-01,FSM,0,0,0
2021-10-01,FSM,0,0,0
2021-11-01,FSM,0,0,0
2021-12-01,FSM,0,0,0
2022-01-01,FSM,0,0,0
2022-02-01,FSM,0,0,0
2022-03-01,FSM,0,0,0
2022-04-01,FSM,0,0,0
2022-05-01,FSM,0,0,0
2022-06-01,FSM,0,0,0
2022-07-01,FSM,0,0,0
2022-08-01,FSM,1,0,1
2022-09-01,FSM,0,0,0
2022-10-01,FSM,1,1,0
2022-11-01,FSM,0,0,0
2022-12-01,FSM,0,0,0
2023-01-01,FSM,0,0,0
2023-02-01,FSM,0,0,0
2023-03-01,FSM,1,0,1
2023-04-01,FSM,0,0,0
2023-05-01,FSM,0,0,0
2023-06-01,FSM,2,1,1
2023-07-01,FSM,0,0,0
2023-08-01,FSM,0,0,0
2023-09-01,FSM,1,1,0
2023-10-01,FSM,1,0,1
2023-11-01,FSM,10,5,5
2023-12-01,FSM,0,0,0
2024-01-01,FSM,2,2,0
2024-02-01,FSM,1,0,1
2024-03-01,FSM,3,3,0
2024-04-01,FSM,0,0,0
2024-05-01,FSM,2,0,2
2024-06-01,FSM,1,0,1
2024-07-01,FSM,0,0,0
2024-08-01,FSM,3,1,2
2024-09-01,FSM,17,7,10
2024-10-01,FSM,2,2,0
2020-01-01,GAB,4,2,2
2020-02-01,GAB,6,4,2
2020-03-01,GAB,5,3,2
2020-04-01,GAB,0,0,0
2020-05-01,GAB,0,0,0
2020-06-01,GAB,0,0,0
2020-07-01,GAB,0,0,0
2020-08-01,GAB,1,1,0
2020-09-01,GAB,0,0,0
2020-10-01,GAB,0,0,0
2020-11-01,GAB,0,0,0
2020-12-01,GAB,0,0,0
2021-01-01,GAB,1,1,0
2021-02-01,GAB,0,0,0
2021-03-01,GAB,1,1,0
2021-04-01,GAB,1,1,0
2021-05-01,GAB,0,0,0
2021-06-01,GAB,0,0,0
2021-07-01,GAB,0,0,0
2021-08-01,GAB,0,0,0
2021-09-01,GAB,2,1,1
2021-10-01,GAB,1,1,0
2021-11-01,GAB,1,1,0
2021-12-01,GAB,1,1,0
2022-01-01,GAB,2,1,1
2022-02-01,GAB,1,0,1
2022-03-01,GAB,1,0,1
2022-04-01,GAB,8,1,7
2022-05-01,GAB,1,1,0
2022-06-01,GAB,2,2,0
2022-07-01,GAB,7,5,2
2022-08-01,GAB,17,8,9
2022-09-01,GAB,8,6,2
2022-10-01,GAB,14,8,6
2022-11-01,GAB,1,1,0
2022-12-01,GAB,6,0,6
2023-01-01,GAB,11,7,4
2023-02-01,GAB,2,1,1
2023-03-01,GAB,4,2,2
2023-04-01,GAB,4,4,0
2023-05-01,GAB,13,8,5
2023-06-01,GAB,9,3,6
2023-07-01,GAB,8,6,2
2023-08-01,GAB,9,3,6
2023-09-01,GAB,43,38,5
2023-10-01,GAB,11,4,7
2023-11-01,GAB,12,7,5
2023-12-01,GAB,8,4,4
2024-01-01,GAB,11,6,5
2024-02-01,GAB,13,9,4
2024-03-01,GAB,6,4,2
2024-04-01,GAB,12,5,7
2024-05-01,GAB,14,9,5
2024-06-01,GAB,5,2,3
2024-07-01,GAB,17,7,10
2024-08-01,GAB,18,5,13
2024-09-01,GAB,22,7,15
2024-10-01,GAB,10,6,4
2020-01-01,GBR,31639,20025,11614
2020-02-01,GBR,28520,17768,10752
2020-03-01,GBR,13306,8263,5043
2020-04-01,GBR,18,15,3
2020-05-01,GBR,59,56,3
2020-06-01,GBR,101,85,16
2020-07-01,GBR,271,203,68
2020-08-01,GBR,365,224,141
2020-09-01,GBR,246,192,54
2020-10-01,GBR,219,166,53
2020-11-01,GBR,242,201,41
2020-12-01,GBR,190,140,50
2021-01-01,GBR,243,192,51
2021-02-01,GBR,256,225,31
2021-03-01,GBR,238,191,47
2021-04-01,GBR,230,194,36
2021-05-01,GBR,246,214,32
2021-06-01,GBR,149,118,31
2021-07-01,GBR,396,255,141
2021-08-01,GBR,662,381,281
2021-09-01,GBR,369,284,85
2021-10-01,GBR,372,253,119
2021-11-01,GBR,455,347,108
2021-12-01,GBR,1391,904,487
2022-01-01,GBR,1798,1157,641
2022-02-01,GBR,989,679,310
2022-03-01,GBR,1357,993,364
2022-04-01,GBR,8297,5332,2965
2022-05-01,GBR,11114,7310,3804
2022-06-01,GBR,12646,8199,4447
2022-07-01,GBR,20099,11826,8273
2022-08-01,GBR,23627,13994,9633
2022-09-01,GBR,17771,11269,6502
2022-10-01,GBR,23481,14415,9066
2022-11-01,GBR,20416,12976,7440
2022-12-01,GBR,22403,13347,9056
2023-01-01,GBR,25040,15086,9954
2023-02-01,GBR,23886,14643,9243
2023-03-01,GBR,27052,16234,10818
2023-04-01,GBR,28367,16346,12021
2023-05-01,GBR,22963,14011,8952
2023-06-01,GBR,19438,11961,7477
2023-07-01,GBR,33270,19136,14134
2023-08-01,GBR,33345,19164,14181
2023-09-01,GBR,23628,14879,8749
2023-10-01,GBR,26957,16500,10457
2023-11-01,GBR,26501,16709,9792
2023-12-01,GBR,35206,20562,14644
2024-01-01,GBR,35792,21058,14734
2024-02-01,GBR,39306,22750,16556
2024-03-01,GBR,44040,25193,18847
2024-04-01,GBR,34606,19757,14849
2024-05-01,GBR,27973,16962,11011
2024-06-01,GBR,28668,17163,11505
2024-07-01,GBR,37912,21424,16488
2024-08-01,GBR,40209,23202,17007
2024-09-01,GBR,26851,16669,10182
2024-10-01,GBR,30162,18446,11716
2020-01-01,GEO,57,30,27
2020-02-01,GEO,57,40,17
2020-03-01,GEO,19,17,2
2020-04-01,GEO,0,0,0
2020-05-01,GEO,0,0,0
2020-06-01,GEO,1,1,0
2020-07-01,GEO,30,30,0
2020-08-01,GEO,3,3,0
2020-09-01,GEO,7,7,0
2020-10-01,GEO,9,8,1
2020-11-01,GEO,7,5,2
2020-12-01,GEO,5,5,0
2021-01-01,GEO,2,2,0
2021-02-01,GEO,1,1,0
2021-03-01,GEO,5,5,0
2021-04-01,GEO,2,2,0
2021-05-01,GEO,0,0,0
2021-06-01,GEO,5,5,0
2021-07-01,GEO,2,2,0
2021-08-01,GEO,9,9,0
2021-09-01,GEO,3,3,0
2021-10-01,GEO,2,1,1
2021-11-01,GEO,2,2,0
2021-12-01,GEO,12,10,2
2022-01-01,GEO,10,10,0
2022-02-01,GEO,1,1,0
2022-03-01,GEO,14,14,0
2022-04-01,GEO,12,8,4
2022-05-01,GEO,26,11,15
2022-06-01,GEO,30,21,9
2022-07-01,GEO,19,12,7
2022-08-01,GEO,50,40,10
2022-09-01,GEO,66,54,12
2022-10-01,GEO,55,36,19
2022-11-01,GEO,45,32,13
2022-12-01,GEO,57,33,24
2023-01-01,GEO,57,34,23
2023-02-01,GEO,85,62,23
2023-03-01,GEO,93,64,29
2023-04-01,GEO,66,37,29
2023-05-01,GEO,62,37,25
2023-06-01,GEO,55,32,23
2023-07-01,GEO,56,39,17
2023-08-01,GEO,59,34,25
2023-09-01,GEO,79,49,30
2023-10-01,GEO,53,30,23
2023-11-01,GEO,64,40,24
2023-12-01,GEO,75,41,34
2024-01-01,GEO,106,58,48
2024-02-01,GEO,87,44,43
2024-03-01,GEO,78,36,42
2024-04-01,GEO,74,50,24
2024-05-01,GEO,90,40,50
2024-06-01,GEO,72,40,32
2024-07-01,GEO,73,22,51
2024-08-01,GEO,74,48,26
2024-09-01,GEO,55,29,26
2024-10-01,GEO,60,36,24
2020-01-01,GHA,100,65,35
2020-02-01,GHA,54,43,11
2020-03-01,GHA,21,15,6
2020-04-01,GHA,0,0,0
2020-05-01,GHA,0,0,0
2020-06-01,GHA,0,0,0
2020-07-01,GHA,0,0,0
2020-08-01,GHA,0,0,0
2020-09-01,GHA,5,0,5
2020-10-01,GHA,2,1,1
2020-11-01,GHA,2,1,1
2020-12-01,GHA,6,5,1
2021-01-01,GHA,7,7,0
2021-02-01,GHA,9,9,0
2021-03-01,GHA,9,5,4
2021-04-01,GHA,10,8,2
2021-05-01,GHA,8,6,2
2021-06-01,GHA,7,6,1
2021-07-01,GHA,2,2,0
2021-08-01,GHA,10,5,5
2021-09-01,GHA,5,3,2
2021-10-01,GHA,6,3,3
2021-11-01,GHA,2,1,1
2021-12-01,GHA,9,8,1
2022-01-01,GHA,15,12,3
2022-02-01,GHA,11,8,3
2022-03-01,GHA,5,4,1
2022-04-01,GHA,16,11,5
2022-05-01,GHA,20,15,5
2022-06-01,GHA,26,14,12
2022-07-01,GHA,37,29,8
2022-08-01,GHA,48,33,15
2022-09-01,GHA,62,49,13
2022-10-01,GHA,105,74,31
2022-11-01,GHA,89,42,47
2022-12-01,GHA,73,45,28
2023-01-01,GHA,61,51,10
2023-02-01,GHA,56,40,16
2023-03-01,GHA,80,60,20
2023-04-01,GHA,51,34,17
2023-05-01,GHA,70,53,17
2023-06-01,GHA,58,46,12
2023-07-01,GHA,69,54,15
2023-08-01,GHA,139,87,52
2023-09-01,GHA,126,97,29
2023-10-01,GHA,102,66,36
2023-11-01,GHA,131,88,43
2023-12-01,GHA,147,81,66
2024-01-01,GHA,79,60,19
2024-02-01,GHA,96,68,28
2024-03-01,GHA,117,87,30
2024-04-01,GHA,101,63,38
2024-05-01,GHA,201,122,79
2024-06-01,GHA,117,77,40
2024-07-01,GHA,128,86,42
2024-08-01,GHA,202,111,91
2024-09-01,GHA,260,168,92
2024-10-01,GHA,179,128,51
2020-01-01,GIB,0,0,0
2020-02-01,GIB,0,0,0
2020-03-01,GIB,0,0,0
2020-04-01,GIB,0,0,0
2020-05-01,GIB,0,0,0
2020-06-01,GIB,0,0,0
2020-07-01,GIB,0,0,0
2020-08-01,GIB,0,0,0
2020-09-01,GIB,0,0,0
2020-10-01,GIB,0,0,0
2020-11-01,GIB,0,0,0
2020-12-01,GIB,0,0,0
2021-01-01,GIB,0,0,0
2021-02-01,GIB,0,0,0
2021-03-01,GIB,0,0,0
2021-04-01,GIB,0,0,0
2021-05-01,GIB,0,0,0
2021-06-01,GIB,0,0,0
2021-07-01,GIB,0,0,0
2021-08-01,GIB,0,0,0
2021-09-01,GIB,0,0,0
2021-10-01,GIB,0,0,0
2021-11-01,GIB,0,0,0
2021-12-01,GIB,0,0,0
2022-01-01,GIB,0,0,0
2022-02-01,GIB,0,0,0
2022-03-01,GIB,0,0,0
2022-04-01,GIB,0,0,0
2022-05-01,GIB,0,0,0
2022-06-01,GIB,0,0,0
2022-07-01,GIB,1,0,1
2022-08-01,GIB,0,0,0
2022-09-01,GIB,0,0,0
2022-10-01,GIB,0,0,0
2022-11-01,GIB,0,0,0
2022-12-01,GIB,0,0,0
2023-01-01,GIB,0,0,0
2023-02-01,GIB,0,0,0
2023-03-01,GIB,0,0,0
2023-04-01,GIB,0,0,0
2023-05-01,GIB,0,0,0
2023-06-01,GIB,0,0,0
2023-07-01,GIB,0,0,0
2023-08-01,GIB,0,0,0
2023-09-01,GIB,0,0,0
2023-10-01,GIB,1,0,1
2023-11-01,GIB,0,0,0
2023-12-01,GIB,0,0,0
2024-01-01,GIB,0,0,0
2024-02-01,GIB,0,0,0
2024-03-01,GIB,0,0,0
2024-04-01,GIB,0,0,0
2024-05-01,GIB,0,0,0
2024-06-01,GIB,0,0,0
2024-07-01,GIB,0,0,0
2024-08-01,GIB,0,0,0
2024-09-01,GIB,1,0,1
2024-10-01,GIB,2,2,0
2020-01-01,GIN,98,86,12
2020-02-01,GIN,65,54,11
2020-03-01,GIN,26,19,7
2020-04-01,GIN,0,0,0
2020-05-01,GIN,0,0,0
2020-06-01,GIN,0,0,0
2020-07-01,GIN,0,0,0
2020-08-01,GIN,0,0,0
2020-09-01,GIN,1,1,0
2020-10-01,GIN,0,0,0
2020-11-01,GIN,0,0,0
2020-12-01,GIN,1,0,1
2021-01-01,GIN,0,0,0
2021-02-01,GIN,10,5,5
2021-03-01,GIN,11,4,7
2021-04-01,GIN,24,10,14
2021-05-01,GIN,6,4,2
2021-06-01,GIN,5,4,1
2021-07-01,GIN,1,1,0
2021-08-01,GIN,4,3,1
2021-09-01,GIN,11,6,5
2021-10-01,GIN,10,7,3
2021-11-01,GIN,4,4,0
2021-12-01,GIN,8,5,3
2022-01-01,GIN,16,11,5
2022-02-01,GIN,18,16,2
2022-03-01,GIN,11,8,3
2022-04-01,GIN,14,10,4
2022-05-01,GIN,30,19,11
2022-06-01,GIN,23,18,5
2022-07-01,GIN,23,19,4
2022-08-01,GIN,41,27,14
2022-09-01,GIN,29,26,3
2022-10-01,GIN,68,47,21
2022-11-01,GIN,51,39,12
2022-12-01,GIN,41,27,14
2023-01-01,GIN,54,39,15
2023-02-01,GIN,46,34,12
2023-03-01,GIN,60,44,16
2023-04-01,GIN,33,28,5
2023-05-01,GIN,78,62,16
2023-06-01,GIN,42,27,15
2023-07-01,GIN,61,44,17
2023-08-01,GIN,66,48,18
2023-09-01,GIN,83,59,24
2023-10-01,GIN,63,41,22
2023-11-01,GIN,66,46,20
2023-12-01,GIN,68,51,17
2024-01-01,GIN,75,47,28
2024-02-01,GIN,78,56,22
2024-03-01,GIN,53,40,13
2024-04-01,GIN,38,31,7
2024-05-01,GIN,68,51,17
2024-06-01,GIN,66,51,15
2024-07-01,GIN,78,55,23
2024-08-01,GIN,100,55,45
2024-09-01,GIN,143,106,37
2024-10-01,GIN,76,59,17
2020-01-01,GLP,0,0,0
2020-02-01,GLP,0,0,0
2020-03-01,GLP,1,1,0
2020-04-01,GLP,0,0,0
2020-05-01,GLP,0,0,0
2020-06-01,GLP,0,0,0
2020-07-01,GLP,0,0,0
2020-08-01,GLP,0,0,0
2020-09-01,GLP,0,0,0
2020-10-01,GLP,0,0,0
2020-11-01,GLP,0,0,0
2020-12-01,GLP,0,0,0
2021-01-01,GLP,0,0,0
2021-02-01,GLP,0,0,0
2021-03-01,GLP,0,0,0
2021-04-01,GLP,0,0,0
2021-05-01,GLP,0,0,0
2021-06-01,GLP,0,0,0
2021-07-01,GLP,0,0,0
2021-08-01,GLP,0,0,0
2021-09-01,GLP,0,0,0
2021-10-01,GLP,0,0,0
2021-11-01,GLP,0,0,0
2021-12-01,GLP,0,0,0
2022-01-01,GLP,0,0,0
2022-02-01,GLP,0,0,0
2022-03-01,GLP,0,0,0
2022-04-01,GLP,0,0,0
2022-05-01,GLP,0,0,0
2022-06-01,GLP,0,0,0
2022-07-01,GLP,0,0,0
2022-08-01,GLP,0,0,0
2022-09-01,GLP,0,0,0
2022-10-01,GLP,0,0,0
2022-11-01,GLP,0,0,0
2022-12-01,GLP,0,0,0
2023-01-01,GLP,0,0,0
2023-02-01,GLP,0,0,0
2023-03-01,GLP,0,0,0
2023-04-01,GLP,0,0,0
2023-05-01,GLP,0,0,0
2023-06-01,GLP,0,0,0
2023-07-01,GLP,0,0,0
2023-08-01,GLP,0,0,0
2023-09-01,GLP,0,0,0
2023-10-01,GLP,0,0,0
2023-11-01,GLP,0,0,0
2023-12-01,GLP,0,0,0
2024-01-01,GLP,0,0,0
2024-02-01,GLP,0,0,0
2024-03-01,GLP,0,0,0
2024-04-01,GLP,0,0,0
2024-05-01,GLP,0,0,0
2024-06-01,GLP,0,0,0
2024-07-01,GLP,0,0,0
2024-08-01,GLP,0,0,0
2024-09-01,GLP,0,0,0
2024-10-01,GLP,0,0,0
2020-01-01,GMB,80,60,20
2020-02-01,GMB,58,47,11
2020-03-01,GMB,33,26,7
2020-04-01,GMB,0,0,0
2020-05-01,GMB,0,0,0
2020-06-01,GMB,0,0,0
2020-07-01,GMB,1,0,1
2020-08-01,GMB,0,0,0
2020-09-01,GMB,0,0,0
2020-10-01,GMB,0,0,0
2020-11-01,GMB,1,0,1
2020-12-01,GMB,1,0,1
2021-01-01,GMB,1,0,1
2021-02-01,GMB,0,0,0
2021-03-01,GMB,1,1,0
2021-04-01,GMB,1,1,0
2021-05-01,GMB,2,1,1
2021-06-01,GMB,1,1,0
2021-07-01,GMB,0,0,0
2021-08-01,GMB,0,0,0
2021-09-01,GMB,6,4,2
2021-10-01,GMB,1,1,0
2021-11-01,GMB,3,1,2
2021-12-01,GMB,3,3,0
2022-01-01,GMB,5,4,1
2022-02-01,GMB,3,1,2
2022-03-01,GMB,10,3,7
2022-04-01,GMB,13,5,8
2022-05-01,GMB,9,6,3
2022-06-01,GMB,10,6,4
2022-07-01,GMB,6,3,3
2022-08-01,GMB,25,16,9
2022-09-01,GMB,13,10,3
2022-10-01,GMB,41,36,5
2022-11-01,GMB,13,7,6
2022-12-01,GMB,16,10,6
2023-01-01,GMB,12,9,3
2023-02-01,GMB,8,6,2
2023-03-01,GMB,19,12,7
2023-04-01,GMB,16,13,3
2023-05-01,GMB,32,24,8
2023-06-01,GMB,26,19,7
2023-07-01,GMB,38,35,3
2023-08-01,GMB,42,30,12
2023-09-01,GMB,28,19,9
2023-10-01,GMB,40,31,9
2023-11-01,GMB,29,21,8
2023-12-01,GMB,26,18,8
2024-01-01,GMB,36,31,5
2024-02-01,GMB,28,19,9
2024-03-01,GMB,24,20,4
2024-04-01,GMB,20,16,4
2024-05-01,GMB,31,23,8
2024-06-01,GMB,32,14,18
2024-07-01,GMB,28,15,13
2024-08-01,GMB,29,22,7
2024-09-01,GMB,29,19,10
2024-10-01,GMB,36,20,16
2020-01-01,GNB,5,5,0
2020-02-01,GNB,2,2,0
2020-03-01,GNB,1,1,0
2020-04-01,GNB,0,0,0
2020-05-01,GNB,0,0,0
2020-06-01,GNB,0,0,0
2020-07-01,GNB,0,0,0
2020-08-01,GNB,0,0,0
2020-09-01,GNB,0,0,0
2020-10-01,GNB,0,0,0
2020-11-01,GNB,0,0,0
2020-12-01,GNB,0,0,0
2021-01-01,GNB,0,0,0
2021-02-01,GNB,0,0,0
2021-03-01,GNB,0,0,0
2021-04-01,GNB,0,0,0
2021-05-01,GNB,0,0,0
2021-06-01,GNB,0,0,0
2021-07-01,GNB,0,0,0
2021-08-01,GNB,0,0,0
2021-09-01,GNB,0,0,0
2021-10-01,GNB,0,0,0
2021-11-01,GNB,0,0,0
2021-12-01,GNB,0,0,0
2022-01-01,GNB,0,0,0
2022-02-01,GNB,0,0,0
2022-03-01,GNB,1,1,0
2022-04-01,GNB,0,0,0
2022-05-01,GNB,0,0,0
2022-06-01,GNB,0,0,0
2022-07-01,GNB,0,0,0
2022-08-01,GNB,0,0,0
2022-09-01,GNB,0,0,0
2022-10-01,GNB,2,1,1
2022-11-01,GNB,0,0,0
2022-12-01,GNB,0,0,0
2023-01-01,GNB,0,0,0
2023-02-01,GNB,0,0,0
2023-03-01,GNB,3,3,0
2023-04-01,GNB,1,1,0
2023-05-01,GNB,1,1,0
2023-06-01,GNB,1,1,0
2023-07-01,GNB,0,0,0
2023-08-01,GNB,1,1,0
2023-09-01,GNB,1,1,0
2023-10-01,GNB,0,0,0
2023-11-01,GNB,1,0,1
2023-12-01,GNB,0,0,0
2024-01-01,GNB,1,1,0
2024-02-01,GNB,0,0,0
2024-03-01,GNB,1,1,0
2024-04-01,GNB,2,1,1
2024-05-01,GNB,1,1,0
2024-06-01,GNB,1,1,0
2024-07-01,GNB,0,0,0
2024-08-01,GNB,1,0,1
2024-09-01,GNB,0,0,0
2024-10-01,GNB,0,0,0
2020-01-01,GNQ,7,4,3
2020-02-01,GNQ,1,0,1
2020-03-01,GNQ,0,0,0
2020-04-01,GNQ,0,0,0
2020-05-01,GNQ,0,0,0
2020-06-01,GNQ,0,0,0
2020-07-01,GNQ,0,0,0
2020-08-01,GNQ,0,0,0
2020-09-01,GNQ,0,0,0
2020-10-01,GNQ,0,0,0
2020-11-01,GNQ,0,0,0
2020-12-01,GNQ,1,0,1
2021-01-01,GNQ,0,0,0
2021-02-01,GNQ,0,0,0
2021-03-01,GNQ,0,0,0
2021-04-01,GNQ,2,1,1
2021-05-01,GNQ,1,0,1
2021-06-01,GNQ,1,0,1
2021-07-01,GNQ,0,0,0
2021-08-01,GNQ,0,0,0
2021-09-01,GNQ,0,0,0
2021-10-01,GNQ,0,0,0
2021-11-01,GNQ,0,0,0
2021-12-01,GNQ,8,6,2
2022-01-01,GNQ,4,4,0
2022-02-01,GNQ,0,0,0
2022-03-01,GNQ,0,0,0
2022-04-01,GNQ,0,0,0
2022-05-01,GNQ,0,0,0
2022-06-01,GNQ,1,1,0
2022-07-01,GNQ,1,1,0
2022-08-01,GNQ,1,0,1
2022-09-01,GNQ,0,0,0
2022-10-01,GNQ,0,0,0
2022-11-01,GNQ,1,1,0
2022-12-01,GNQ,0,0,0
2023-01-01,GNQ,4,1,3
2023-02-01,GNQ,1,1,0
2023-03-01,GNQ,2,2,0
2023-04-01,GNQ,2,0,2
2023-05-01,GNQ,0,0,0
2023-06-01,GNQ,1,1,0
2023-07-01,GNQ,3,0,3
2023-08-01,GNQ,2,1,1
2023-09-01,GNQ,0,0,0
2023-10-01,GNQ,3,2,1
2023-11-01,GNQ,0,0,0
2023-12-01,GNQ,1,1,0
2024-01-01,GNQ,2,2,0
2024-02-01,GNQ,2,1,1
2024-03-01,GNQ,3,1,2
2024-04-01,GNQ,3,2,1
2024-05-01,GNQ,2,1,1
2024-06-01,GNQ,2,1,1
2024-07-01,GNQ,1,0,1
2024-08-01,GNQ,1,0,1
2024-09-01,GNQ,3,3,0
2024-10-01,GNQ,5,3,2
2020-01-01,GRC,396,278,118
2020-02-01,GRC,361,264,97
2020-03-01,GRC,135,97,38
2020-04-01,GRC,0,0,0
2020-05-01,GRC,0,0,0
2020-06-01,GRC,2,1,1
2020-07-01,GRC,35,32,3
2020-08-01,GRC,15,14,1
2020-09-01,GRC,7,6,1
2020-10-01,GRC,14,13,1
2020-11-01,GRC,5,3,2
2020-12-01,GRC,6,6,0
2021-01-01,GRC,1,1,0
2021-02-01,GRC,6,5,1
2021-03-01,GRC,5,5,0
2021-04-01,GRC,9,8,1
2021-05-01,GRC,15,15,0
2021-06-01,GRC,5,4,1
2021-07-01,GRC,12,11,1
2021-08-01,GRC,10,7,3
2021-09-01,GRC,13,12,1
2021-10-01,GRC,9,7,2
2021-11-01,GRC,15,14,1
2021-12-01,GRC,8,8,0
2022-01-01,GRC,9,6,3
2022-02-01,GRC,10,10,0
2022-03-01,GRC,26,22,4
2022-04-01,GRC,85,67,18
2022-05-01,GRC,104,81,23
2022-06-01,GRC,127,101,26
2022-07-01,GRC,146,101,45
2022-08-01,GRC,256,161,95
2022-09-01,GRC,186,138,48
2022-10-01,GRC,214,149,65
2022-11-01,GRC,283,217,66
2022-12-01,GRC,230,153,77
2023-01-01,GRC,309,221,88
2023-02-01,GRC,397,287,110
2023-03-01,GRC,367,266,101
2023-04-01,GRC,322,214,108
2023-05-01,GRC,246,197,49
2023-06-01,GRC,205,160,45
2023-07-01,GRC,254,178,76
2023-08-01,GRC,507,322,185
2023-09-01,GRC,298,234,64
2023-10-01,GRC,369,264,105
2023-11-01,GRC,400,281,119
2023-12-01,GRC,569,340,229
2024-01-01,GRC,535,346,189
2024-02-01,GRC,462,286,176
2024-03-01,GRC,463,318,145
2024-04-01,GRC,381,249,132
2024-05-01,GRC,347,238,109
2024-06-01,GRC,316,230,86
2024-07-01,GRC,365,225,140
2024-08-01,GRC,518,289,229
2024-09-01,GRC,329,246,83
2024-10-01,GRC,324,229,95
2020-01-01,GRD,38,26,12
2020-02-01,GRD,15,10,5
2020-03-01,GRD,7,7,0
2020-04-01,GRD,0,0,0
2020-05-01,GRD,0,0,0
2020-06-01,GRD,0,0,0
2020-07-01,GRD,0,0,0
2020-08-01,GRD,0,0,0
2020-09-01,GRD,0,0,0
2020-10-01,GRD,0,0,0
2020-11-01,GRD,0,0,0
2020-12-01,GRD,0,0,0
2021-01-01,GRD,0,0,0
2021-02-01,GRD,0,0,0
2021-03-01,GRD,0,0,0
2021-04-01,GRD,0,0,0
2021-05-01,GRD,0,0,0
2021-06-01,GRD,1,1,0
2021-07-01,GRD,0,0,0
2021-08-01,GRD,0,0,0
2021-09-01,GRD,0,0,0
2021-10-01,GRD,3,1,2
2021-11-01,GRD,0,0,0
2021-12-01,GRD,0,0,0
2022-01-01,GRD,1,0,1
2022-02-01,GRD,0,0,0
2022-03-01,GRD,4,3,1
2022-04-01,GRD,10,8,2
2022-05-01,GRD,7,5,2
2022-06-01,GRD,9,8,1
2022-07-01,GRD,15,7,8
2022-08-01,GRD,25,17,8
2022-09-01,GRD,18,14,4
2022-10-01,GRD,18,11,7
2022-11-01,GRD,15,12,3
2022-12-01,GRD,15,12,3
2023-01-01,GRD,32,18,14
2023-02-01,GRD,10,9,1
2023-03-01,GRD,13,11,2
2023-04-01,GRD,16,11,5
2023-05-01,GRD,13,10,3
2023-06-01,GRD,14,5,9
2023-07-01,GRD,26,15,11
2023-08-01,GRD,31,22,9
2023-09-01,GRD,14,10,4
2023-10-01,GRD,32,22,10
2023-11-01,GRD,12,9,3
2023-12-01,GRD,14,7,7
2024-01-01,GRD,21,15,6
2024-02-01,GRD,11,7,4
2024-03-01,GRD,12,11,1
2024-04-01,GRD,17,9,8
2024-05-01,GRD,20,17,3
2024-06-01,GRD,16,11,5
2024-07-01,GRD,35,24,11
2024-08-01,GRD,21,12,9
2024-09-01,GRD,25,18,7
2024-10-01,GRD,26,15,11
2020-01-01,GRL,0,0,0
2020-02-01,GRL,0,0,0
2020-03-01,GRL,0,0,0
2020-04-01,GRL,0,0,0
2020-05-01,GRL,0,0,0
2020-06-01,GRL,0,0,0
2020-07-01,GRL,0,0,0
2020-08-01,GRL,0,0,0
2020-09-01,GRL,0,0,0
2020-10-01,GRL,0,0,0
2020-11-01,GRL,0,0,0
2020-12-01,GRL,0,0,0
2021-01-01,GRL,0,0,0
2021-02-01,GRL,0,0,0
2021-03-01,GRL,0,0,0
2021-04-01,GRL,0,0,0
2021-05-01,GRL,0,0,0
2021-06-01,GRL,0,0,0
2021-07-01,GRL,0,0,0
2021-08-01,GRL,0,0,0
2021-09-01,GRL,0,0,0
2021-10-01,GRL,0,0,0
2021-11-01,GRL,0,0,0
2021-12-01,GRL,0,0,0
2022-01-01,GRL,0,0,0
2022-02-01,GRL,0,0,0
2022-03-01,GRL,0,0,0
2022-04-01,GRL,0,0,0
2022-05-01,GRL,0,0,0
2022-06-01,GRL,0,0,0
2022-07-01,GRL,0,0,0
2022-08-01,GRL,0,0,0
2022-09-01,GRL,0,0,0
2022-10-01,GRL,0,0,0
2022-11-01,GRL,0,0,0
2022-12-01,GRL,0,0,0
2023-01-01,GRL,0,0,0
2023-02-01,GRL,0,0,0
2023-03-01,GRL,0,0,0
2023-04-01,GRL,0,0,0
2023-05-01,GRL,0,0,0
2023-06-01,GRL,0,0,0
2023-07-01,GRL,1,1,0
2023-08-01,GRL,0,0,0
2023-09-01,GRL,1,0,1
2023-10-01,GRL,0,0,0
2023-11-01,GRL,0,0,0
2023-12-01,GRL,0,0,0
2024-01-01,GRL,0,0,0
2024-02-01,GRL,1,0,1
2024-03-01,GRL,1,1,0
2024-04-01,GRL,0,0,0
2024-05-01,GRL,0,0,0
2024-06-01,GRL,0,0,0
2024-07-01,GRL,0,0,0
2024-08-01,GRL,0,0,0
2024-09-01,GRL,0,0,0
2024-10-01,GRL,0,0,0
2020-01-01,GTM,27,15,12
2020-02-01,GTM,17,11,6
2020-03-01,GTM,2,2,0
2020-04-01,GTM,0,0,0
2020-05-01,GTM,0,0,0
2020-06-01,GTM,0,0,0
2020-07-01,GTM,0,0,0
2020-08-01,GTM,0,0,0
2020-09-01,GTM,0,0,0
2020-10-01,GTM,0,0,0
2020-11-01,GTM,0,0,0
2020-12-01,GTM,0,0,0
2021-01-01,GTM,0,0,0
2021-02-01,GTM,0,0,0
2021-03-01,GTM,0,0,0
2021-04-01,GTM,0,0,0
2021-05-01,GTM,0,0,0
2021-06-01,GTM,1,1,0
2021-07-01,GTM,0,0,0
2021-08-01,GTM,0,0,0
2021-09-01,GTM,0,0,0
2021-10-01,GTM,2,2,0
2021-11-01,GTM,0,0,0
2021-12-01,GTM,0,0,0
2022-01-01,GTM,1,1,0
2022-02-01,GTM,1,0,1
2022-03-01,GTM,2,1,1
2022-04-01,GTM,7,5,2
2022-05-01,GTM,14,2,12
2022-06-01,GTM,15,5,10
2022-07-01,GTM,10,7,3
2022-08-01,GTM,12,10,2
2022-09-01,GTM,11,5,6
2022-10-01,GTM,13,6,7
2022-11-01,GTM,16,10,6
2022-12-01,GTM,16,10,6
2023-01-01,GTM,20,11,9
2023-02-01,GTM,23,10,13
2023-03-01,GTM,32,17,15
2023-04-01,GTM,75,37,38
2023-05-01,GTM,26,13,13
2023-06-01,GTM,18,10,8
2023-07-01,GTM,24,20,4
2023-08-01,GTM,23,13,10
2023-09-01,GTM,63,28,35
2023-10-01,GTM,48,27,21
2023-11-01,GTM,77,47,30
2023-12-01,GTM,47,24,23
2024-01-01,GTM,24,12,12
2024-02-01,GTM,29,18,11
2024-03-01,GTM,36,23,13
2024-04-01,GTM,30,16,14
2024-05-01,GTM,31,20,11
2024-06-01,GTM,34,23,11
2024-07-01,GTM,31,18,13
2024-08-01,GTM,32,21,11
2024-09-01,GTM,33,22,11
2024-10-01,GTM,45,23,22
2020-01-01,GUM,0,0,0
2020-02-01,GUM,0,0,0
2020-03-01,GUM,0,0,0
2020-04-01,GUM,0,0,0
2020-05-01,GUM,0,0,0
2020-06-01,GUM,0,0,0
2020-07-01,GUM,0,0,0
2020-08-01,GUM,0,0,0
2020-09-01,GUM,0,0,0
2020-10-01,GUM,0,0,0
2020-11-01,GUM,0,0,0
2020-12-01,GUM,0,0,0
2021-01-01,GUM,0,0,0
2021-02-01,GUM,0,0,0
2021-03-01,GUM,0,0,0
2021-04-01,GUM,0,0,0
2021-05-01,GUM,0,0,0
2021-06-01,GUM,0,0,0
2021-07-01,GUM,0,0,0
2021-08-01,GUM,0,0,0
2021-09-01,GUM,0,0,0
2021-10-01,GUM,0,0,0
2021-11-01,GUM,0,0,0
2021-12-01,GUM,0,0,0
2022-01-01,GUM,0,0,0
2022-02-01,GUM,0,0,0
2022-03-01,GUM,0,0,0
2022-04-01,GUM,0,0,0
2022-05-01,GUM,0,0,0
2022-06-01,GUM,0,0,0
2022-07-01,GUM,0,0,0
2022-08-01,GUM,0,0,0
2022-09-01,GUM,0,0,0
2022-10-01,GUM,0,0,0
2022-11-01,GUM,0,0,0
2022-12-01,GUM,0,0,0
2023-01-01,GUM,0,0,0
2023-02-01,GUM,0,0,0
2023-03-01,GUM,0,0,0
2023-04-01,GUM,0,0,0
2023-05-01,GUM,0,0,0
2023-06-01,GUM,0,0,0
2023-07-01,GUM,0,0,0
2023-08-01,GUM,0,0,0
2023-09-01,GUM,0,0,0
2023-10-01,GUM,0,0,0
2023-11-01,GUM,0,0,0
2023-12-01,GUM,0,0,0
2024-01-01,GUM,0,0,0
2024-02-01,GUM,0,0,0
2024-03-01,GUM,0,0,0
2024-04-01,GUM,0,0,0
2024-05-01,GUM,0,0,0
2024-06-01,GUM,0,0,0
2024-07-01,GUM,0,0,0
2024-08-01,GUM,0,0,0
2024-09-01,GUM,1,0,1
2024-10-01,GUM,0,0,0
2020-01-01,GUY,10,6,4
2020-02-01,GUY,5,2,3
2020-03-01,GUY,3,3,0
2020-04-01,GUY,0,0,0
2020-05-01,GUY,0,0,0
2020-06-01,GUY,0,0,0
2020-07-01,GUY,0,0,0
2020-08-01,GUY,0,0,0
2020-09-01,GUY,0,0,0
2020-10-01,GUY,0,0,0
2020-11-01,GUY,0,0,0
2020-12-01,GUY,0,0,0
2021-01-01,GUY,0,0,0
2021-02-01,GUY,0,0,0
2021-03-01,GUY,0,0,0
2021-04-01,GUY,0,0,0
2021-05-01,GUY,0,0,0
2021-06-01,GUY,0,0,0
2021-07-01,GUY,0,0,0
2021-08-01,GUY,0,0,0
2021-09-01,GUY,0,0,0
2021-10-01,GUY,0,0,0
2021-11-01,GUY,0,0,0
2021-12-01,GUY,0,0,0
2022-01-01,GUY,0,0,0
2022-02-01,GUY,0,0,0
2022-03-01,GUY,0,0,0
2022-04-01,GUY,0,0,0
2022-05-01,GUY,1,1,0
2022-06-01,GUY,5,4,1
2022-07-01,GUY,1,0,1
2022-08-01,GUY,6,5,1
2022-09-01,GUY,2,1,1
2022-10-01,GUY,3,1,2
2022-11-01,GUY,4,3,1
2022-12-01,GUY,6,4,2
2023-01-01,GUY,0,0,0
2023-02-01,GUY,16,8,8
2023-03-01,GUY,6,3,3
2023-04-01,GUY,3,3,0
2023-05-01,GUY,5,2,3
2023-06-01,GUY,4,2,2
2023-07-01,GUY,5,1,4
2023-08-01,GUY,9,5,4
2023-09-01,GUY,7,5,2
2023-10-01,GUY,3,0,3
2023-11-01,GUY,17,10,7
2023-12-01,GUY,16,10,6
2024-01-01,GUY,8,7,1
2024-02-01,GUY,13,8,5
2024-03-01,GUY,15,8,7
2024-04-01,GUY,8,5,3
2024-05-01,GUY,12,7,5
2024-06-01,GUY,4,3,1
2024-07-01,GUY,13,5,8
2024-08-01,GUY,9,6,3
2024-09-01,GUY,17,8,9
2024-10-01,GUY,22,15,7
2020-01-01,HKG,35,19,16
2020-02-01,HKG,30,16,14
2020-03-01,HKG,9,5,4
2020-04-01,HKG,0,0,0
2020-05-01,HKG,0,0,0
2020-06-01,HKG,0,0,0
2020-07-01,HKG,7,6,1
2020-08-01,HKG,2,1,1
2020-09-01,HKG,0,0,0
2020-10-01,HKG,0,0,0
2020-11-01,HKG,2,1,1
2020-12-01,HKG,14,10,4
