date,index,state,division
2010-01-01,99.4,Johor,overall
2010-02-01,99.4,Johor,overall
2010-03-01,99.4,Johor,overall
2010-04-01,99.4,Johor,overall
2010-05-01,99.6,Johor,overall
2010-06-01,99.8,Johor,overall
2010-07-01,100.1,Johor,overall
2010-08-01,100.3,Johor,overall
2010-09-01,100.3,Johor,overall
2010-10-01,100.5,Johor,overall
2010-11-01,100.8,Johor,overall
2010-12-01,101.1,Johor,overall
2011-01-01,101.7,Johor,overall
2011-02-01,102.4,Johor,overall
2011-03-01,102.3,Johor,overall
2011-04-01,102.5,Johor,overall
2011-05-01,102.8,Johor,overall
2011-06-01,103.3,Johor,overall
2011-07-01,103.6,Johor,overall
2011-08-01,103.7,Johor,overall
2011-09-01,103.9,Johor,overall
2011-10-01,104.2,Johor,overall
2011-11-01,104.2,Johor,overall
2011-12-01,104.4,Johor,overall
2012-01-01,105.0,Johor,overall
2012-02-01,104.7,Johor,overall
2012-03-01,104.5,Johor,overall
2012-04-01,104.5,Johor,overall
2012-05-01,104.9,Johor,overall
2012-06-01,105.1,Johor,overall
2012-07-01,105.1,Johor,overall
2012-08-01,105.4,Johor,overall
2012-09-01,105.6,Johor,overall
2012-10-01,105.6,Johor,overall
2012-11-01,105.8,Johor,overall
2012-12-01,105.9,Johor,overall
2013-01-01,106.5,Johor,overall
2013-02-01,106.7,Johor,overall
2013-03-01,106.7,Johor,overall
2013-04-01,106.6,Johor,overall
2013-05-01,106.9,Johor,overall
2013-06-01,107.1,Johor,overall
2013-07-01,107.4,Johor,overall
2013-08-01,107.6,Johor,overall
2013-09-01,108.7,Johor,overall
2013-10-01,109.3,Johor,overall
2013-11-01,109.5,Johor,overall
2013-12-01,110.0,Johor,overall
2014-01-01,110.5,Johor,overall
2014-02-01,110.7,Johor,overall
2014-03-01,110.8,Johor,overall
2014-04-01,110.9,Johor,overall
2014-05-01,111.0,Johor,overall
2014-06-01,111.2,Johor,overall
2014-07-01,111.4,Johor,overall
2014-08-01,111.8,Johor,overall
2014-09-01,112.0,Johor,overall
2014-10-01,112.7,Johor,overall
2014-11-01,113.4,Johor,overall
2014-12-01,113.3,Johor,overall
2015-01-01,112.2,Johor,overall
2015-02-01,111.1,Johor,overall
2015-03-01,112.3,Johor,overall
2015-04-01,113.6,Johor,overall
2015-05-01,114.0,Johor,overall
2015-06-01,114.9,Johor,overall
2015-07-01,115.9,Johor,overall
2015-08-01,116.3,Johor,overall
2015-09-01,115.9,Johor,overall
2015-10-01,116.5,Johor,overall
2015-11-01,117.5,Johor,overall
2015-12-01,117.6,Johor,overall
2016-01-01,117.4,Johor,overall
2016-02-01,117.2,Johor,overall
2016-03-01,116.5,Johor,overall
2016-04-01,117.1,Johor,overall
2016-05-01,117.4,Johor,overall
2016-06-01,117.6,Johor,overall
2016-07-01,118.1,Johor,overall
2016-08-01,118.5,Johor,overall
2016-09-01,118.2,Johor,overall
2016-10-01,118.5,Johor,overall
2016-11-01,119.7,Johor,overall
2016-12-01,119.7,Johor,overall
2017-01-01,121.4,Johor,overall
2017-02-01,123.2,Johor,overall
2017-03-01,123.0,Johor,overall
2017-04-01,122.8,Johor,overall
2017-05-01,122.3,Johor,overall
2017-06-01,122.2,Johor,overall
2017-07-01,122.1,Johor,overall
2017-08-01,123.3,Johor,overall
2017-09-01,123.7,Johor,overall
2017-10-01,123.5,Johor,overall
2017-11-01,124.3,Johor,overall
2017-12-01,124.5,Johor,overall
2018-01-01,124.9,Johor,overall
2018-02-01,125.0,Johor,overall
2018-03-01,124.4,Johor,overall
2018-04-01,124.4,Johor,overall
2018-05-01,124.7,Johor,overall
2018-06-01,123.1,Johor,overall
2018-07-01,123.3,Johor,overall
2018-08-01,123.6,Johor,overall
2018-09-01,124.0,Johor,overall
2018-10-01,124.3,Johor,overall
2018-11-01,124.7,Johor,overall
2018-12-01,124.6,Johor,overall
2019-01-01,124.0,Johor,overall
2019-02-01,124.3,Johor,overall
2019-03-01,124.6,Johor,overall
2019-04-01,124.7,Johor,overall
2019-05-01,125.0,Johor,overall
2019-06-01,125.0,Johor,overall
2019-07-01,125.2,Johor,overall
2019-08-01,125.3,Johor,overall
2019-09-01,125.5,Johor,overall
2019-10-01,125.7,Johor,overall
2019-11-01,125.7,Johor,overall
2019-12-01,126.0,Johor,overall
2020-01-01,126.2,Johor,overall
2020-02-01,126.0,Johor,overall
2020-03-01,124.3,Johor,overall
2020-04-01,120.5,Johor,overall
2020-05-01,120.8,Johor,overall
2020-06-01,122.3,Johor,overall
2020-07-01,123.1,Johor,overall
2020-08-01,123.2,Johor,overall
2020-09-01,123.1,Johor,overall
2020-10-01,123.1,Johor,overall
2020-11-01,123.0,Johor,overall
2020-12-01,123.5,Johor,overall
2021-01-01,125.2,Johor,overall
2021-02-01,125.7,Johor,overall
2021-03-01,126.2,Johor,overall
2021-04-01,126.4,Johor,overall
2021-05-01,126.3,Johor,overall
2021-06-01,126.5,Johor,overall
2021-07-01,125.7,Johor,overall
2021-08-01,125.7,Johor,overall
2021-09-01,126.0,Johor,overall
2021-10-01,126.9,Johor,overall
2021-11-01,127.3,Johor,overall
2021-12-01,127.7,Johor,overall
2022-01-01,128.0,Johor,overall
2022-02-01,128.1,Johor,overall
2022-03-01,128.7,Johor,overall
2022-04-01,129.0,Johor,overall
2022-05-01,130.0,Johor,overall
2022-06-01,131.2,Johor,overall
2022-07-01,131.6,Johor,overall
2022-08-01,131.8,Johor,overall
2022-09-01,131.9,Johor,overall
2022-10-01,131.9,Johor,overall
2022-11-01,132.6,Johor,overall
2022-12-01,132.7,Johor,overall
2023-01-01,132.9,Johor,overall
2023-02-01,133.4,Johor,overall
2023-03-01,133.4,Johor,overall
2023-04-01,133.3,Johor,overall
2023-05-01,133.5,Johor,overall
2023-06-01,133.7,Johor,overall
2023-07-01,133.8,Johor,overall
2023-08-01,134.1,Johor,overall
2023-09-01,134.2,Johor,overall
2023-10-01,134.2,Johor,overall
2023-11-01,134.3,Johor,overall
2023-12-01,134.6,Johor,overall
2024-01-01,134.9,Johor,overall
2024-02-01,135.4,Johor,overall
2024-03-01,135.4,Johor,overall
2024-04-01,135.4,Johor,overall
2024-05-01,136.0,Johor,overall
2024-06-01,136.4,Johor,overall
2024-07-01,136.4,Johor,overall
2024-08-01,136.5,Johor,overall
2024-09-01,136.6,Johor,overall
2024-10-01,136.8,Johor,overall
2024-11-01,136.8,Johor,overall
2024-12-01,137.0,Johor,overall
2025-01-01,137.4,Johor,overall
2025-02-01,138.3,Johor,overall
2025-03-01,138.2,Johor,overall
2025-04-01,138.4,Johor,overall
2025-05-01,138.4,Johor,overall
2025-06-01,138.5,Johor,overall
2025-07-01,138.9,Johor,overall
2025-08-01,139.2,Johor,overall
2025-09-01,139.4,Johor,overall
2025-10-01,139.4,Johor,overall
2025-11-01,139.4,Johor,overall
2025-12-01,140.1,Johor,overall
2026-01-01,140.3,Johor,overall
2026-02-01,140.6,Johor,overall
2026-03-01,140.9,Johor,overall
2026-04-01,141.7,Johor,overall
2026-05-01,141.9,Johor,overall
2026-06-01,141.9,Johor,overall
2026-07-01,141.8,Johor,overall
2010-01-01,99.6,Kedah,overall
2010-02-01,99.5,Kedah,overall
2010-03-01,99.3,Kedah,overall
2010-04-01,99.3,Kedah,overall
2010-05-01,99.5,Kedah,overall
2010-06-01,99.7,Kedah,overall
2010-07-01,99.9,Kedah,overall
2010-08-01,100.2,Kedah,overall
2010-09-01,100.1,Kedah,overall
2010-10-01,100.6,Kedah,overall
2010-11-01,101.0,Kedah,overall
2010-12-01,101.3,Kedah,overall
2011-01-01,101.8,Kedah,overall
2011-02-01,102.3,Kedah,overall
2011-03-01,102.4,Kedah,overall
2011-04-01,102.6,Kedah,overall
2011-05-01,102.9,Kedah,overall
2011-06-01,103.1,Kedah,overall
2011-07-01,103.3,Kedah,overall
2011-08-01,103.4,Kedah,overall
2011-09-01,103.7,Kedah,overall
2011-10-01,104.0,Kedah,overall
2011-11-01,104.1,Kedah,overall
2011-12-01,104.2,Kedah,overall
2012-01-01,104.6,Kedah,overall
2012-02-01,104.5,Kedah,overall
2012-03-01,104.3,Kedah,overall
2012-04-01,104.4,Kedah,overall
2012-05-01,104.8,Kedah,overall
2012-06-01,105.0,Kedah,overall
2012-07-01,104.9,Kedah,overall
2012-08-01,105.0,Kedah,overall
2012-09-01,105.3,Kedah,overall
2012-10-01,105.7,Kedah,overall
2012-11-01,105.6,Kedah,overall
2012-12-01,105.6,Kedah,overall
2013-01-01,106.3,Kedah,overall
2013-02-01,106.3,Kedah,overall
2013-03-01,106.4,Kedah,overall
2013-04-01,106.5,Kedah,overall
2013-05-01,106.7,Kedah,overall
2013-06-01,106.8,Kedah,overall
2013-07-01,107.1,Kedah,overall
2013-08-01,107.2,Kedah,overall
2013-09-01,108.3,Kedah,overall
2013-10-01,108.7,Kedah,overall
2013-11-01,108.7,Kedah,overall
2013-12-01,109.1,Kedah,overall
2014-01-01,109.7,Kedah,overall
2014-02-01,110.0,Kedah,overall
2014-03-01,110.2,Kedah,overall
2014-04-01,110.1,Kedah,overall
2014-05-01,110.0,Kedah,overall
2014-06-01,110.1,Kedah,overall
2014-07-01,110.3,Kedah,overall
2014-08-01,110.4,Kedah,overall
2014-09-01,110.6,Kedah,overall
2014-10-01,111.4,Kedah,overall
2014-11-01,111.7,Kedah,overall
2014-12-01,111.6,Kedah,overall
2015-01-01,110.4,Kedah,overall
2015-02-01,109.6,Kedah,overall
2015-03-01,110.7,Kedah,overall
2015-04-01,111.5,Kedah,overall
2015-05-01,112.2,Kedah,overall
2015-06-01,112.8,Kedah,overall
2015-07-01,113.7,Kedah,overall
2015-08-01,113.5,Kedah,overall
2015-09-01,113.4,Kedah,overall
2015-10-01,113.9,Kedah,overall
2015-11-01,114.2,Kedah,overall
2015-12-01,114.1,Kedah,overall
2016-01-01,114.0,Kedah,overall
2016-02-01,113.6,Kedah,overall
2016-03-01,113.0,Kedah,overall
2016-04-01,113.5,Kedah,overall
2016-05-01,113.7,Kedah,overall
2016-06-01,114.0,Kedah,overall
2016-07-01,114.4,Kedah,overall
2016-08-01,114.8,Kedah,overall
2016-09-01,114.5,Kedah,overall
2016-10-01,114.9,Kedah,overall
2016-11-01,115.8,Kedah,overall
2016-12-01,116.0,Kedah,overall
2017-01-01,117.6,Kedah,overall
2017-02-01,119.1,Kedah,overall
2017-03-01,119.0,Kedah,overall
2017-04-01,118.6,Kedah,overall
2017-05-01,118.3,Kedah,overall
2017-06-01,118.1,Kedah,overall
2017-07-01,118.0,Kedah,overall
2017-08-01,119.1,Kedah,overall
2017-09-01,119.5,Kedah,overall
2017-10-01,119.2,Kedah,overall
2017-11-01,119.9,Kedah,overall
2017-12-01,120.0,Kedah,overall
2018-01-01,114.3,Kedah,overall
2018-02-01,114.5,Kedah,overall
2018-03-01,113.9,Kedah,overall
2018-04-01,119.8,Kedah,overall
2018-05-01,119.8,Kedah,overall
2018-06-01,118.5,Kedah,overall
2018-07-01,118.5,Kedah,overall
2018-08-01,118.7,Kedah,overall
2018-09-01,118.9,Kedah,overall
2018-10-01,119.1,Kedah,overall
2018-11-01,119.1,Kedah,overall
2018-12-01,119.3,Kedah,overall
2019-01-01,118.5,Kedah,overall
2019-02-01,118.8,Kedah,overall
2019-03-01,119.2,Kedah,overall
2019-04-01,119.1,Kedah,overall
2019-05-01,119.4,Kedah,overall
2019-06-01,119.4,Kedah,overall
2019-07-01,119.5,Kedah,overall
2019-08-01,119.8,Kedah,overall
2019-09-01,119.8,Kedah,overall
2019-10-01,120.0,Kedah,overall
2019-11-01,120.0,Kedah,overall
2019-12-01,120.2,Kedah,overall
2020-01-01,120.2,Kedah,overall
2020-02-01,120.1,Kedah,overall
2020-03-01,118.5,Kedah,overall
2020-04-01,114.6,Kedah,overall
2020-05-01,115.0,Kedah,overall
2020-06-01,116.4,Kedah,overall
2020-07-01,117.2,Kedah,overall
2020-08-01,117.3,Kedah,overall
2020-09-01,117.3,Kedah,overall
2020-10-01,117.2,Kedah,overall
2020-11-01,116.9,Kedah,overall
2020-12-01,117.6,Kedah,overall
2021-01-01,119.3,Kedah,overall
2021-02-01,119.8,Kedah,overall
2021-03-01,120.3,Kedah,overall
2021-04-01,120.5,Kedah,overall
2021-05-01,120.5,Kedah,overall
2021-06-01,120.5,Kedah,overall
2021-07-01,119.7,Kedah,overall
2021-08-01,119.8,Kedah,overall
2021-09-01,119.9,Kedah,overall
2021-10-01,120.9,Kedah,overall
2021-11-01,121.2,Kedah,overall
2021-12-01,121.9,Kedah,overall
2022-01-01,122.1,Kedah,overall
2022-02-01,122.4,Kedah,overall
2022-03-01,122.6,Kedah,overall
2022-04-01,122.8,Kedah,overall
2022-05-01,123.1,Kedah,overall
2022-06-01,123.6,Kedah,overall
2022-07-01,123.9,Kedah,overall
2022-08-01,123.9,Kedah,overall
2022-09-01,124.0,Kedah,overall
2022-10-01,124.2,Kedah,overall
2022-11-01,124.5,Kedah,overall
2022-12-01,124.6,Kedah,overall
2023-01-01,124.8,Kedah,overall
2023-02-01,125.2,Kedah,overall
2023-03-01,125.2,Kedah,overall
2023-04-01,125.3,Kedah,overall
2023-05-01,125.5,Kedah,overall
2023-06-01,125.6,Kedah,overall
2023-07-01,125.7,Kedah,overall
2023-08-01,125.7,Kedah,overall
2023-09-01,125.8,Kedah,overall
2023-10-01,125.8,Kedah,overall
2023-11-01,126.0,Kedah,overall
2023-12-01,126.2,Kedah,overall
2024-01-01,126.4,Kedah,overall
2024-02-01,126.3,Kedah,overall
2024-03-01,127.0,Kedah,overall
2024-04-01,127.0,Kedah,overall
2024-05-01,127.3,Kedah,overall
2024-06-01,127.4,Kedah,overall
2024-07-01,127.5,Kedah,overall
2024-08-01,127.5,Kedah,overall
2024-09-01,127.5,Kedah,overall
2024-10-01,127.6,Kedah,overall
2024-11-01,127.5,Kedah,overall
2024-12-01,127.4,Kedah,overall
2025-01-01,127.6,Kedah,overall
2025-02-01,127.9,Kedah,overall
2025-03-01,127.8,Kedah,overall
2025-04-01,128.1,Kedah,overall
2025-05-01,128.0,Kedah,overall
2025-06-01,128.2,Kedah,overall
2025-07-01,128.0,Kedah,overall
2025-08-01,128.2,Kedah,overall
2025-09-01,128.6,Kedah,overall
2025-10-01,128.3,Kedah,overall
2025-11-01,128.4,Kedah,overall
2025-12-01,128.8,Kedah,overall
2026-01-01,129.1,Kedah,overall
2026-02-01,129.6,Kedah,overall
2026-03-01,130.2,Kedah,overall
2026-04-01,130.5,Kedah,overall
2026-05-01,130.8,Kedah,overall
2026-06-01,130.8,Kedah,overall
2026-07-01,130.9,Kedah,overall
2010-01-01,99.1,Kelantan,overall
2010-02-01,99.0,Kelantan,overall
2010-03-01,99.0,Kelantan,overall
2010-04-01,99.2,Kelantan,overall
2010-05-01,99.4,Kelantan,overall
2010-06-01,99.7,Kelantan,overall
2010-07-01,100.0,Kelantan,overall
2010-08-01,100.5,Kelantan,overall
2010-09-01,100.6,Kelantan,overall
2010-10-01,100.7,Kelantan,overall
2010-11-01,101.2,Kelantan,overall
2010-12-01,101.7,Kelantan,overall
2011-01-01,102.4,Kelantan,overall
2011-02-01,102.6,Kelantan,overall
2011-03-01,102.8,Kelantan,overall
2011-04-01,103.3,Kelantan,overall
2011-05-01,103.8,Kelantan,overall
2011-06-01,104.1,Kelantan,overall
2011-07-01,104.3,Kelantan,overall
2011-08-01,104.6,Kelantan,overall
2011-09-01,104.7,Kelantan,overall
2011-10-01,104.8,Kelantan,overall
2011-11-01,104.8,Kelantan,overall
2011-12-01,105.1,Kelantan,overall
2012-01-01,105.6,Kelantan,overall
2012-02-01,105.3,Kelantan,overall
2012-03-01,105.2,Kelantan,overall
2012-04-01,105.1,Kelantan,overall
2012-05-01,105.5,Kelantan,overall
2012-06-01,106.0,Kelantan,overall
2012-07-01,105.8,Kelantan,overall
2012-08-01,106.1,Kelantan,overall
2012-09-01,106.0,Kelantan,overall
2012-10-01,105.9,Kelantan,overall
2012-11-01,106.0,Kelantan,overall
2012-12-01,106.1,Kelantan,overall
2013-01-01,106.6,Kelantan,overall
2013-02-01,106.8,Kelantan,overall
2013-03-01,106.8,Kelantan,overall
2013-04-01,106.9,Kelantan,overall
2013-05-01,107.3,Kelantan,overall
2013-06-01,107.8,Kelantan,overall
2013-07-01,108.3,Kelantan,overall
2013-08-01,108.3,Kelantan,overall
2013-09-01,109.0,Kelantan,overall
2013-10-01,109.4,Kelantan,overall
2013-11-01,109.7,Kelantan,overall
2013-12-01,110.2,Kelantan,overall
2014-01-01,110.6,Kelantan,overall
2014-02-01,110.8,Kelantan,overall
2014-03-01,110.9,Kelantan,overall
2014-04-01,110.9,Kelantan,overall
2014-05-01,111.1,Kelantan,overall
2014-06-01,111.3,Kelantan,overall
2014-07-01,111.8,Kelantan,overall
2014-08-01,111.8,Kelantan,overall
2014-09-01,111.8,Kelantan,overall
2014-10-01,112.5,Kelantan,overall
2014-11-01,112.8,Kelantan,overall
2014-12-01,113.1,Kelantan,overall
2015-01-01,111.8,Kelantan,overall
2015-02-01,110.8,Kelantan,overall
2015-03-01,111.6,Kelantan,overall
2015-04-01,112.8,Kelantan,overall
2015-05-01,113.2,Kelantan,overall
2015-06-01,113.9,Kelantan,overall
2015-07-01,115.3,Kelantan,overall
2015-08-01,114.6,Kelantan,overall
2015-09-01,114.1,Kelantan,overall
2015-10-01,114.5,Kelantan,overall
2015-11-01,115.2,Kelantan,overall
2015-12-01,115.1,Kelantan,overall
2016-01-01,114.9,Kelantan,overall
2016-02-01,114.9,Kelantan,overall
2016-03-01,114.0,Kelantan,overall
2016-04-01,114.3,Kelantan,overall
2016-05-01,114.7,Kelantan,overall
2016-06-01,115.3,Kelantan,overall
2016-07-01,115.8,Kelantan,overall
2016-08-01,115.8,Kelantan,overall
2016-09-01,115.5,Kelantan,overall
2016-10-01,115.5,Kelantan,overall
2016-11-01,116.7,Kelantan,overall
2016-12-01,116.8,Kelantan,overall
2017-01-01,118.3,Kelantan,overall
2017-02-01,119.5,Kelantan,overall
2017-03-01,119.3,Kelantan,overall
2017-04-01,118.7,Kelantan,overall
2017-05-01,118.7,Kelantan,overall
2017-06-01,118.6,Kelantan,overall
2017-07-01,118.7,Kelantan,overall
2017-08-01,119.7,Kelantan,overall
2017-09-01,119.8,Kelantan,overall
2017-10-01,119.6,Kelantan,overall
2017-11-01,120.3,Kelantan,overall
2017-12-01,120.5,Kelantan,overall
2018-01-01,120.9,Kelantan,overall
2018-02-01,120.8,Kelantan,overall
2018-03-01,120.2,Kelantan,overall
2018-04-01,120.0,Kelantan,overall
2018-05-01,120.4,Kelantan,overall
2018-06-01,119.4,Kelantan,overall
2018-07-01,119.5,Kelantan,overall
2018-08-01,119.6,Kelantan,overall
2018-09-01,119.8,Kelantan,overall
2018-10-01,119.8,Kelantan,overall
2018-11-01,120.2,Kelantan,overall
2018-12-01,120.5,Kelantan,overall
2019-01-01,120.0,Kelantan,overall
2019-02-01,120.0,Kelantan,overall
2019-03-01,120.0,Kelantan,overall
2019-04-01,119.9,Kelantan,overall
2019-05-01,120.7,Kelantan,overall
2019-06-01,120.8,Kelantan,overall
2019-07-01,120.8,Kelantan,overall
2019-08-01,121.0,Kelantan,overall
2019-09-01,120.8,Kelantan,overall
2019-10-01,120.8,Kelantan,overall
2019-11-01,120.7,Kelantan,overall
2019-12-01,121.1,Kelantan,overall
2020-01-01,121.2,Kelantan,overall
2020-02-01,121.1,Kelantan,overall
2020-03-01,119.5,Kelantan,overall
2020-04-01,115.9,Kelantan,overall
2020-05-01,116.2,Kelantan,overall
2020-06-01,117.9,Kelantan,overall
2020-07-01,118.9,Kelantan,overall
2020-08-01,118.9,Kelantan,overall
2020-09-01,118.8,Kelantan,overall
2020-10-01,118.8,Kelantan,overall
2020-11-01,118.6,Kelantan,overall
2020-12-01,119.6,Kelantan,overall
2021-01-01,121.4,Kelantan,overall
2021-02-01,121.9,Kelantan,overall
2021-03-01,122.2,Kelantan,overall
2021-04-01,122.5,Kelantan,overall
2021-05-01,122.7,Kelantan,overall
2021-06-01,122.7,Kelantan,overall
2021-07-01,121.8,Kelantan,overall
2021-08-01,121.8,Kelantan,overall
2021-09-01,122.1,Kelantan,overall
2021-10-01,123.1,Kelantan,overall
2021-11-01,123.4,Kelantan,overall
2021-12-01,124.1,Kelantan,overall
2022-01-01,124.3,Kelantan,overall
2022-02-01,124.5,Kelantan,overall
2022-03-01,124.8,Kelantan,overall
2022-04-01,125.0,Kelantan,overall
2022-05-01,125.6,Kelantan,overall
2022-06-01,126.2,Kelantan,overall
2022-07-01,126.4,Kelantan,overall
2022-08-01,126.3,Kelantan,overall
2022-09-01,126.5,Kelantan,overall
2022-10-01,126.7,Kelantan,overall
2022-11-01,127.0,Kelantan,overall
2022-12-01,127.2,Kelantan,overall
2023-01-01,127.4,Kelantan,overall
2023-02-01,127.6,Kelantan,overall
2023-03-01,127.8,Kelantan,overall
2023-04-01,127.9,Kelantan,overall
2023-05-01,127.9,Kelantan,overall
2023-06-01,128.0,Kelantan,overall
2023-07-01,128.2,Kelantan,overall
2023-08-01,128.2,Kelantan,overall
2023-09-01,128.2,Kelantan,overall
2023-10-01,128.3,Kelantan,overall
2023-11-01,128.1,Kelantan,overall
2023-12-01,128.4,Kelantan,overall
2024-01-01,128.6,Kelantan,overall
2024-02-01,129.2,Kelantan,overall
2024-03-01,129.2,Kelantan,overall
2024-04-01,129.2,Kelantan,overall
2024-05-01,129.4,Kelantan,overall
2024-06-01,129.6,Kelantan,overall
2024-07-01,129.5,Kelantan,overall
2024-08-01,129.4,Kelantan,overall
2024-09-01,129.3,Kelantan,overall
2024-10-01,129.5,Kelantan,overall
2024-11-01,129.3,Kelantan,overall
2024-12-01,129.3,Kelantan,overall
2025-01-01,129.6,Kelantan,overall
2025-02-01,129.8,Kelantan,overall
2025-03-01,129.8,Kelantan,overall
2025-04-01,129.9,Kelantan,overall
2025-05-01,129.8,Kelantan,overall
2025-06-01,129.8,Kelantan,overall
2025-07-01,129.5,Kelantan,overall
2025-08-01,129.5,Kelantan,overall
2025-09-01,130.0,Kelantan,overall
2025-10-01,129.6,Kelantan,overall
2025-11-01,129.6,Kelantan,overall
2025-12-01,129.9,Kelantan,overall
2026-01-01,130.0,Kelantan,overall
2026-02-01,130.1,Kelantan,overall
2026-03-01,130.7,Kelantan,overall
2026-04-01,130.9,Kelantan,overall
2026-05-01,130.9,Kelantan,overall
2026-06-01,130.9,Kelantan,overall
2026-07-01,130.7,Kelantan,overall
2010-01-01,99.5,Melaka,overall
2010-02-01,99.5,Melaka,overall
2010-03-01,99.4,Melaka,overall
2010-04-01,99.4,Melaka,overall
2010-05-01,99.6,Melaka,overall
2010-06-01,99.7,Melaka,overall
2010-07-01,100.1,Melaka,overall
2010-08-01,100.3,Melaka,overall
2010-09-01,100.3,Melaka,overall
2010-10-01,100.4,Melaka,overall
2010-11-01,100.6,Melaka,overall
2010-12-01,101.1,Melaka,overall
2011-01-01,101.8,Melaka,overall
2011-02-01,102.3,Melaka,overall
2011-03-01,102.2,Melaka,overall
2011-04-01,102.4,Melaka,overall
2011-05-01,102.5,Melaka,overall
2011-06-01,102.8,Melaka,overall
2011-07-01,103.0,Melaka,overall
2011-08-01,103.0,Melaka,overall
2011-09-01,103.4,Melaka,overall
2011-10-01,103.6,Melaka,overall
2011-11-01,103.9,Melaka,overall
2011-12-01,104.1,Melaka,overall
2012-01-01,104.4,Melaka,overall
2012-02-01,104.2,Melaka,overall
2012-03-01,104.2,Melaka,overall
2012-04-01,104.2,Melaka,overall
2012-05-01,104.6,Melaka,overall
2012-06-01,104.7,Melaka,overall
2012-07-01,104.8,Melaka,overall
2012-08-01,105.0,Melaka,overall
2012-09-01,105.2,Melaka,overall
2012-10-01,105.3,Melaka,overall
2012-11-01,105.2,Melaka,overall
2012-12-01,105.3,Melaka,overall
2013-01-01,105.8,Melaka,overall
2013-02-01,105.8,Melaka,overall
2013-03-01,105.8,Melaka,overall
2013-04-01,105.9,Melaka,overall
2013-05-01,106.2,Melaka,overall
2013-06-01,106.3,Melaka,overall
2013-07-01,106.5,Melaka,overall
2013-08-01,106.6,Melaka,overall
2013-09-01,107.8,Melaka,overall
2013-10-01,107.9,Melaka,overall
2013-11-01,108.3,Melaka,overall
2013-12-01,108.6,Melaka,overall
2014-01-01,109.2,Melaka,overall
2014-02-01,109.5,Melaka,overall
2014-03-01,109.7,Melaka,overall
2014-04-01,109.6,Melaka,overall
2014-05-01,109.8,Melaka,overall
2014-06-01,109.9,Melaka,overall
2014-07-01,110.0,Melaka,overall
2014-08-01,110.3,Melaka,overall
2014-09-01,110.4,Melaka,overall
2014-10-01,111.0,Melaka,overall
2014-11-01,111.6,Melaka,overall
2014-12-01,111.5,Melaka,overall
2015-01-01,110.4,Melaka,overall
2015-02-01,109.8,Melaka,overall
2015-03-01,110.8,Melaka,overall
2015-04-01,111.4,Melaka,overall
2015-05-01,111.7,Melaka,overall
2015-06-01,112.6,Melaka,overall
2015-07-01,113.5,Melaka,overall
2015-08-01,113.2,Melaka,overall
2015-09-01,113.3,Melaka,overall
2015-10-01,113.6,Melaka,overall
2015-11-01,114.3,Melaka,overall
2015-12-01,114.2,Melaka,overall
2016-01-01,114.1,Melaka,overall
2016-02-01,114.1,Melaka,overall
2016-03-01,113.4,Melaka,overall
2016-04-01,113.9,Melaka,overall
2016-05-01,114.1,Melaka,overall
2016-06-01,114.3,Melaka,overall
2016-07-01,114.7,Melaka,overall
2016-08-01,115.0,Melaka,overall
2016-09-01,114.6,Melaka,overall
2016-10-01,115.0,Melaka,overall
2016-11-01,116.2,Melaka,overall
2016-12-01,116.4,Melaka,overall
2017-01-01,117.8,Melaka,overall
2017-02-01,119.4,Melaka,overall
2017-03-01,119.2,Melaka,overall
2017-04-01,119.1,Melaka,overall
2017-05-01,118.9,Melaka,overall
2017-06-01,118.7,Melaka,overall
2017-07-01,118.6,Melaka,overall
2017-08-01,119.6,Melaka,overall
2017-09-01,120.1,Melaka,overall
2017-10-01,119.8,Melaka,overall
2017-11-01,120.7,Melaka,overall
2017-12-01,121.0,Melaka,overall
2018-01-01,121.3,Melaka,overall
2018-02-01,121.5,Melaka,overall
2018-03-01,121.0,Melaka,overall
2018-04-01,120.8,Melaka,overall
2018-05-01,120.9,Melaka,overall
2018-06-01,118.9,Melaka,overall
2018-07-01,119.2,Melaka,overall
2018-08-01,119.3,Melaka,overall
2018-09-01,119.6,Melaka,overall
2018-10-01,119.9,Melaka,overall
2018-11-01,120.2,Melaka,overall
2018-12-01,120.4,Melaka,overall
2019-01-01,119.7,Melaka,overall
2019-02-01,119.9,Melaka,overall
2019-03-01,120.2,Melaka,overall
2019-04-01,120.0,Melaka,overall
2019-05-01,120.3,Melaka,overall
2019-06-01,120.2,Melaka,overall
2019-07-01,120.4,Melaka,overall
2019-08-01,120.6,Melaka,overall
2019-09-01,120.6,Melaka,overall
2019-10-01,120.7,Melaka,overall
2019-11-01,120.8,Melaka,overall
2019-12-01,120.8,Melaka,overall
2020-01-01,120.8,Melaka,overall
2020-02-01,120.6,Melaka,overall
2020-03-01,119.1,Melaka,overall
2020-04-01,115.7,Melaka,overall
2020-05-01,116.0,Melaka,overall
2020-06-01,117.1,Melaka,overall
2020-07-01,117.8,Melaka,overall
2020-08-01,117.9,Melaka,overall
2020-09-01,117.9,Melaka,overall
2020-10-01,117.9,Melaka,overall
2020-11-01,117.7,Melaka,overall
2020-12-01,118.4,Melaka,overall
2021-01-01,120.1,Melaka,overall
2021-02-01,120.3,Melaka,overall
2021-03-01,120.6,Melaka,overall
2021-04-01,120.8,Melaka,overall
2021-05-01,120.8,Melaka,overall
2021-06-01,120.9,Melaka,overall
2021-07-01,120.2,Melaka,overall
2021-08-01,120.2,Melaka,overall
2021-09-01,120.6,Melaka,overall
2021-10-01,121.6,Melaka,overall
2021-11-01,122.0,Melaka,overall
2021-12-01,122.2,Melaka,overall
2022-01-01,122.5,Melaka,overall
2022-02-01,122.7,Melaka,overall
2022-03-01,122.9,Melaka,overall
2022-04-01,123.0,Melaka,overall
2022-05-01,123.3,Melaka,overall
2022-06-01,123.9,Melaka,overall
2022-07-01,124.6,Melaka,overall
2022-08-01,124.8,Melaka,overall
2022-09-01,125.1,Melaka,overall
2022-10-01,125.5,Melaka,overall
2022-11-01,125.8,Melaka,overall
2022-12-01,126.2,Melaka,overall
2023-01-01,126.5,Melaka,overall
2023-02-01,126.7,Melaka,overall
2023-03-01,126.8,Melaka,overall
2023-04-01,127.0,Melaka,overall
2023-05-01,127.1,Melaka,overall
2023-06-01,127.2,Melaka,overall
2023-07-01,127.3,Melaka,overall
2023-08-01,127.4,Melaka,overall
2023-09-01,127.4,Melaka,overall
2023-10-01,127.5,Melaka,overall
2023-11-01,127.4,Melaka,overall
2023-12-01,127.6,Melaka,overall
2024-01-01,127.8,Melaka,overall
2024-02-01,128.3,Melaka,overall
2024-03-01,128.2,Melaka,overall
2024-04-01,128.4,Melaka,overall
2024-05-01,128.7,Melaka,overall
2024-06-01,128.9,Melaka,overall
2024-07-01,129.1,Melaka,overall
2024-08-01,129.2,Melaka,overall
2024-09-01,129.1,Melaka,overall
2024-10-01,129.5,Melaka,overall
2024-11-01,129.4,Melaka,overall
2024-12-01,129.7,Melaka,overall
2025-01-01,130.0,Melaka,overall
2025-02-01,130.4,Melaka,overall
2025-03-01,130.3,Melaka,overall
2025-04-01,130.4,Melaka,overall
2025-05-01,130.6,Melaka,overall
2025-06-01,130.6,Melaka,overall
2025-07-01,130.8,Melaka,overall
2025-08-01,130.9,Melaka,overall
2025-09-01,131.4,Melaka,overall
2025-10-01,131.3,Melaka,overall
2025-11-01,131.1,Melaka,overall
2025-12-01,131.5,Melaka,overall
2026-01-01,131.8,Melaka,overall
2026-02-01,132.2,Melaka,overall
2026-03-01,132.4,Melaka,overall
2026-04-01,132.9,Melaka,overall
2026-05-01,133.3,Melaka,overall
2026-06-01,133.1,Melaka,overall
2026-07-01,133.1,Melaka,overall
2010-01-01,99.3,Negeri Sembilan,overall
2010-02-01,99.3,Negeri Sembilan,overall
2010-03-01,99.2,Negeri Sembilan,overall
2010-04-01,99.3,Negeri Sembilan,overall
2010-05-01,99.5,Negeri Sembilan,overall
2010-06-01,99.7,Negeri Sembilan,overall
2010-07-01,99.9,Negeri Sembilan,overall
2010-08-01,100.3,Negeri Sembilan,overall
2010-09-01,100.3,Negeri Sembilan,overall
2010-10-01,100.7,Negeri Sembilan,overall
2010-11-01,101.0,Negeri Sembilan,overall
2010-12-01,101.5,Negeri Sembilan,overall
2011-01-01,102.1,Negeri Sembilan,overall
2011-02-01,102.8,Negeri Sembilan,overall
2011-03-01,102.8,Negeri Sembilan,overall
2011-04-01,103.2,Negeri Sembilan,overall
2011-05-01,103.5,Negeri Sembilan,overall
2011-06-01,103.8,Negeri Sembilan,overall
2011-07-01,104.1,Negeri Sembilan,overall
2011-08-01,104.2,Negeri Sembilan,overall
2011-09-01,104.4,Negeri Sembilan,overall
2011-10-01,104.7,Negeri Sembilan,overall
2011-11-01,104.6,Negeri Sembilan,overall
2011-12-01,104.7,Negeri Sembilan,overall
2012-01-01,104.9,Negeri Sembilan,overall
2012-02-01,104.8,Negeri Sembilan,overall
2012-03-01,104.6,Negeri Sembilan,overall
2012-04-01,104.6,Negeri Sembilan,overall
2012-05-01,104.8,Negeri Sembilan,overall
2012-06-01,105.1,Negeri Sembilan,overall
2012-07-01,105.0,Negeri Sembilan,overall
2012-08-01,105.1,Negeri Sembilan,overall
2012-09-01,105.3,Negeri Sembilan,overall
2012-10-01,105.5,Negeri Sembilan,overall
2012-11-01,105.5,Negeri Sembilan,overall
2012-12-01,105.6,Negeri Sembilan,overall
2013-01-01,106.0,Negeri Sembilan,overall
2013-02-01,106.4,Negeri Sembilan,overall
2013-03-01,106.5,Negeri Sembilan,overall
2013-04-01,106.5,Negeri Sembilan,overall
2013-05-01,106.7,Negeri Sembilan,overall
2013-06-01,106.8,Negeri Sembilan,overall
2013-07-01,107.0,Negeri Sembilan,overall
2013-08-01,107.0,Negeri Sembilan,overall
2013-09-01,108.2,Negeri Sembilan,overall
2013-10-01,108.5,Negeri Sembilan,overall
2013-11-01,108.8,Negeri Sembilan,overall
2013-12-01,109.2,Negeri Sembilan,overall
2014-01-01,109.5,Negeri Sembilan,overall
2014-02-01,109.5,Negeri Sembilan,overall
2014-03-01,109.6,Negeri Sembilan,overall
2014-04-01,109.7,Negeri Sembilan,overall
2014-05-01,109.8,Negeri Sembilan,overall
2014-06-01,110.0,Negeri Sembilan,overall
2014-07-01,110.1,Negeri Sembilan,overall
2014-08-01,110.5,Negeri Sembilan,overall
2014-09-01,110.7,Negeri Sembilan,overall
2014-10-01,111.6,Negeri Sembilan,overall
2014-11-01,112.1,Negeri Sembilan,overall
2014-12-01,112.1,Negeri Sembilan,overall
2015-01-01,110.8,Negeri Sembilan,overall
2015-02-01,109.8,Negeri Sembilan,overall
2015-03-01,111.1,Negeri Sembilan,overall
2015-04-01,112.1,Negeri Sembilan,overall
2015-05-01,112.5,Negeri Sembilan,overall
2015-06-01,113.4,Negeri Sembilan,overall
2015-07-01,114.4,Negeri Sembilan,overall
2015-08-01,114.3,Negeri Sembilan,overall
2015-09-01,114.1,Negeri Sembilan,overall
2015-10-01,114.6,Negeri Sembilan,overall
2015-11-01,115.4,Negeri Sembilan,overall
2015-12-01,115.4,Negeri Sembilan,overall
2016-01-01,114.9,Negeri Sembilan,overall
2016-02-01,114.7,Negeri Sembilan,overall
2016-03-01,113.9,Negeri Sembilan,overall
2016-04-01,114.5,Negeri Sembilan,overall
2016-05-01,114.7,Negeri Sembilan,overall
2016-06-01,115.0,Negeri Sembilan,overall
2016-07-01,115.4,Negeri Sembilan,overall
2016-08-01,115.9,Negeri Sembilan,overall
2016-09-01,115.5,Negeri Sembilan,overall
2016-10-01,116.0,Negeri Sembilan,overall
2016-11-01,117.2,Negeri Sembilan,overall
2016-12-01,117.2,Negeri Sembilan,overall
2017-01-01,118.7,Negeri Sembilan,overall
2017-02-01,120.6,Negeri Sembilan,overall
2017-03-01,120.4,Negeri Sembilan,overall
2017-04-01,120.0,Negeri Sembilan,overall
2017-05-01,119.6,Negeri Sembilan,overall
2017-06-01,119.3,Negeri Sembilan,overall
2017-07-01,119.2,Negeri Sembilan,overall
2017-08-01,120.3,Negeri Sembilan,overall
2017-09-01,120.8,Negeri Sembilan,overall
2017-10-01,120.6,Negeri Sembilan,overall
2017-11-01,121.5,Negeri Sembilan,overall
2017-12-01,121.7,Negeri Sembilan,overall
2018-01-01,122.0,Negeri Sembilan,overall
2018-02-01,122.2,Negeri Sembilan,overall
2018-03-01,121.7,Negeri Sembilan,overall
2018-04-01,121.6,Negeri Sembilan,overall
2018-05-01,121.7,Negeri Sembilan,overall
2018-06-01,120.6,Negeri Sembilan,overall
2018-07-01,120.8,Negeri Sembilan,overall
2018-08-01,121.0,Negeri Sembilan,overall
2018-09-01,121.7,Negeri Sembilan,overall
2018-10-01,121.9,Negeri Sembilan,overall
2018-11-01,122.2,Negeri Sembilan,overall
2018-12-01,122.2,Negeri Sembilan,overall
2019-01-01,121.5,Negeri Sembilan,overall
2019-02-01,121.9,Negeri Sembilan,overall
2019-03-01,122.1,Negeri Sembilan,overall
2019-04-01,122.2,Negeri Sembilan,overall
2019-05-01,122.4,Negeri Sembilan,overall
2019-06-01,122.3,Negeri Sembilan,overall
2019-07-01,122.5,Negeri Sembilan,overall
2019-08-01,122.8,Negeri Sembilan,overall
2019-09-01,122.8,Negeri Sembilan,overall
2019-10-01,123.0,Negeri Sembilan,overall
2019-11-01,123.1,Negeri Sembilan,overall
2019-12-01,123.2,Negeri Sembilan,overall
2020-01-01,123.4,Negeri Sembilan,overall
2020-02-01,123.3,Negeri Sembilan,overall
2020-03-01,121.4,Negeri Sembilan,overall
2020-04-01,117.7,Negeri Sembilan,overall
2020-05-01,118.0,Negeri Sembilan,overall
2020-06-01,119.4,Negeri Sembilan,overall
2020-07-01,120.3,Negeri Sembilan,overall
2020-08-01,120.5,Negeri Sembilan,overall
2020-09-01,120.5,Negeri Sembilan,overall
2020-10-01,120.5,Negeri Sembilan,overall
2020-11-01,120.1,Negeri Sembilan,overall
2020-12-01,120.9,Negeri Sembilan,overall
2021-01-01,122.8,Negeri Sembilan,overall
2021-02-01,123.2,Negeri Sembilan,overall
2021-03-01,123.6,Negeri Sembilan,overall
2021-04-01,123.6,Negeri Sembilan,overall
2021-05-01,123.6,Negeri Sembilan,overall
2021-06-01,123.6,Negeri Sembilan,overall
2021-07-01,122.8,Negeri Sembilan,overall
2021-08-01,122.9,Negeri Sembilan,overall
2021-09-01,123.2,Negeri Sembilan,overall
2021-10-01,124.3,Negeri Sembilan,overall
2021-11-01,124.6,Negeri Sembilan,overall
2021-12-01,124.9,Negeri Sembilan,overall
2022-01-01,125.0,Negeri Sembilan,overall
2022-02-01,125.4,Negeri Sembilan,overall
2022-03-01,125.6,Negeri Sembilan,overall
2022-04-01,125.8,Negeri Sembilan,overall
2022-05-01,126.4,Negeri Sembilan,overall
2022-06-01,127.2,Negeri Sembilan,overall
2022-07-01,127.5,Negeri Sembilan,overall
2022-08-01,127.7,Negeri Sembilan,overall
2022-09-01,127.9,Negeri Sembilan,overall
2022-10-01,128.1,Negeri Sembilan,overall
2022-11-01,128.5,Negeri Sembilan,overall
2022-12-01,128.7,Negeri Sembilan,overall
2023-01-01,128.9,Negeri Sembilan,overall
2023-02-01,129.2,Negeri Sembilan,overall
2023-03-01,129.2,Negeri Sembilan,overall
2023-04-01,129.2,Negeri Sembilan,overall
2023-05-01,129.3,Negeri Sembilan,overall
2023-06-01,129.5,Negeri Sembilan,overall
2023-07-01,129.5,Negeri Sembilan,overall
2023-08-01,129.7,Negeri Sembilan,overall
2023-09-01,129.6,Negeri Sembilan,overall
2023-10-01,129.8,Negeri Sembilan,overall
2023-11-01,129.7,Negeri Sembilan,overall
2023-12-01,130.0,Negeri Sembilan,overall
2024-01-01,130.1,Negeri Sembilan,overall
2024-02-01,130.5,Negeri Sembilan,overall
2024-03-01,130.4,Negeri Sembilan,overall
2024-04-01,130.5,Negeri Sembilan,overall
2024-05-01,130.8,Negeri Sembilan,overall
2024-06-01,131.1,Negeri Sembilan,overall
2024-07-01,131.2,Negeri Sembilan,overall
2024-08-01,131.6,Negeri Sembilan,overall
2024-09-01,131.5,Negeri Sembilan,overall
2024-10-01,131.7,Negeri Sembilan,overall
2024-11-01,131.6,Negeri Sembilan,overall
2024-12-01,131.8,Negeri Sembilan,overall
2025-01-01,132.1,Negeri Sembilan,overall
2025-02-01,132.4,Negeri Sembilan,overall
2025-03-01,132.6,Negeri Sembilan,overall
2025-04-01,132.7,Negeri Sembilan,overall
2025-05-01,132.9,Negeri Sembilan,overall
2025-06-01,133.2,Negeri Sembilan,overall
2025-07-01,133.1,Negeri Sembilan,overall
2025-08-01,133.5,Negeri Sembilan,overall
2025-09-01,134.0,Negeri Sembilan,overall
2025-10-01,133.9,Negeri Sembilan,overall
2025-11-01,134.1,Negeri Sembilan,overall
2025-12-01,134.7,Negeri Sembilan,overall
2026-01-01,134.7,Negeri Sembilan,overall
2026-02-01,135.0,Negeri Sembilan,overall
2026-03-01,135.5,Negeri Sembilan,overall
2026-04-01,136.0,Negeri Sembilan,overall
2026-05-01,136.4,Negeri Sembilan,overall
2026-06-01,136.5,Negeri Sembilan,overall
2026-07-01,136.4,Negeri Sembilan,overall
2010-01-01,99.4,Pahang,overall
2010-02-01,99.3,Pahang,overall
2010-03-01,99.3,Pahang,overall
2010-04-01,99.4,Pahang,overall
2010-05-01,99.8,Pahang,overall
2010-06-01,99.9,Pahang,overall
2010-07-01,100.1,Pahang,overall
2010-08-01,100.3,Pahang,overall
2010-09-01,100.2,Pahang,overall
2010-10-01,100.4,Pahang,overall
2010-11-01,100.6,Pahang,overall
2010-12-01,101.2,Pahang,overall
2011-01-01,101.6,Pahang,overall
2011-02-01,102.0,Pahang,overall
2011-03-01,102.1,Pahang,overall
2011-04-01,102.5,Pahang,overall
2011-05-01,102.8,Pahang,overall
2011-06-01,103.1,Pahang,overall
2011-07-01,103.3,Pahang,overall
2011-08-01,103.4,Pahang,overall
2011-09-01,103.6,Pahang,overall
2011-10-01,104.0,Pahang,overall
2011-11-01,104.0,Pahang,overall
2011-12-01,104.2,Pahang,overall
2012-01-01,104.4,Pahang,overall
2012-02-01,104.4,Pahang,overall
2012-03-01,104.4,Pahang,overall
2012-04-01,104.4,Pahang,overall
2012-05-01,104.8,Pahang,overall
2012-06-01,104.9,Pahang,overall
2012-07-01,105.0,Pahang,overall
2012-08-01,105.0,Pahang,overall
2012-09-01,105.3,Pahang,overall
2012-10-01,105.4,Pahang,overall
2012-11-01,105.8,Pahang,overall
2012-12-01,105.8,Pahang,overall
2013-01-01,106.4,Pahang,overall
2013-02-01,106.4,Pahang,overall
2013-03-01,106.7,Pahang,overall
2013-04-01,106.6,Pahang,overall
2013-05-01,106.9,Pahang,overall
2013-06-01,106.8,Pahang,overall
2013-07-01,107.0,Pahang,overall
2013-08-01,107.0,Pahang,overall
2013-09-01,108.2,Pahang,overall
2013-10-01,108.6,Pahang,overall
2013-11-01,108.9,Pahang,overall
2013-12-01,109.5,Pahang,overall
2014-01-01,109.9,Pahang,overall
2014-02-01,110.1,Pahang,overall
2014-03-01,110.2,Pahang,overall
2014-04-01,110.3,Pahang,overall
2014-05-01,110.4,Pahang,overall
2014-06-01,110.4,Pahang,overall
2014-07-01,110.3,Pahang,overall
2014-08-01,110.5,Pahang,overall
2014-09-01,110.5,Pahang,overall
2014-10-01,111.2,Pahang,overall
2014-11-01,111.6,Pahang,overall
2014-12-01,111.6,Pahang,overall
2015-01-01,110.7,Pahang,overall
2015-02-01,109.6,Pahang,overall
2015-03-01,110.6,Pahang,overall
2015-04-01,111.6,Pahang,overall
2015-05-01,111.9,Pahang,overall
2015-06-01,112.6,Pahang,overall
2015-07-01,113.2,Pahang,overall
2015-08-01,113.2,Pahang,overall
2015-09-01,113.0,Pahang,overall
2015-10-01,113.6,Pahang,overall
2015-11-01,114.2,Pahang,overall
2015-12-01,114.4,Pahang,overall
2016-01-01,114.0,Pahang,overall
2016-02-01,113.9,Pahang,overall
2016-03-01,113.3,Pahang,overall
2016-04-01,113.7,Pahang,overall
2016-05-01,113.9,Pahang,overall
2016-06-01,114.1,Pahang,overall
2016-07-01,114.5,Pahang,overall
2016-08-01,114.8,Pahang,overall
2016-09-01,114.5,Pahang,overall
2016-10-01,114.7,Pahang,overall
2016-11-01,115.9,Pahang,overall
2016-12-01,115.8,Pahang,overall
2017-01-01,116.8,Pahang,overall
2017-02-01,118.3,Pahang,overall
2017-03-01,118.1,Pahang,overall
2017-04-01,117.8,Pahang,overall
2017-05-01,117.5,Pahang,overall
2017-06-01,117.2,Pahang,overall
2017-07-01,117.2,Pahang,overall
2017-08-01,118.1,Pahang,overall
2017-09-01,118.3,Pahang,overall
2017-10-01,118.3,Pahang,overall
2017-11-01,118.9,Pahang,overall
2017-12-01,119.2,Pahang,overall
2018-01-01,119.5,Pahang,overall
2018-02-01,119.3,Pahang,overall
2018-03-01,118.9,Pahang,overall
2018-04-01,118.8,Pahang,overall
2018-05-01,119.0,Pahang,overall
2018-06-01,117.8,Pahang,overall
2018-07-01,118.0,Pahang,overall
2018-08-01,118.1,Pahang,overall
2018-09-01,118.3,Pahang,overall
2018-10-01,118.7,Pahang,overall
2018-11-01,118.8,Pahang,overall
2018-12-01,119.1,Pahang,overall
2019-01-01,118.2,Pahang,overall
2019-02-01,118.4,Pahang,overall
2019-03-01,118.7,Pahang,overall
2019-04-01,118.6,Pahang,overall
2019-05-01,118.9,Pahang,overall
2019-06-01,118.8,Pahang,overall
2019-07-01,119.0,Pahang,overall
2019-08-01,119.1,Pahang,overall
2019-09-01,119.1,Pahang,overall
2019-10-01,119.6,Pahang,overall
2019-11-01,119.7,Pahang,overall
2019-12-01,119.9,Pahang,overall
2020-01-01,120.0,Pahang,overall
2020-02-01,120.2,Pahang,overall
2020-03-01,118.6,Pahang,overall
2020-04-01,114.9,Pahang,overall
2020-05-01,115.2,Pahang,overall
2020-06-01,116.8,Pahang,overall
2020-07-01,117.5,Pahang,overall
2020-08-01,117.5,Pahang,overall
2020-09-01,117.5,Pahang,overall
2020-10-01,117.5,Pahang,overall
2020-11-01,117.2,Pahang,overall
2020-12-01,118.3,Pahang,overall
2021-01-01,120.1,Pahang,overall
2021-02-01,120.4,Pahang,overall
2021-03-01,120.9,Pahang,overall
2021-04-01,121.3,Pahang,overall
2021-05-01,121.1,Pahang,overall
2021-06-01,121.3,Pahang,overall
2021-07-01,120.4,Pahang,overall
2021-08-01,120.3,Pahang,overall
2021-09-01,120.8,Pahang,overall
2021-10-01,121.8,Pahang,overall
2021-11-01,122.0,Pahang,overall
2021-12-01,122.5,Pahang,overall
2022-01-01,122.6,Pahang,overall
2022-02-01,122.7,Pahang,overall
2022-03-01,123.1,Pahang,overall
2022-04-01,123.3,Pahang,overall
2022-05-01,123.9,Pahang,overall
2022-06-01,124.5,Pahang,overall
2022-07-01,125.1,Pahang,overall
2022-08-01,125.4,Pahang,overall
2022-09-01,125.8,Pahang,overall
2022-10-01,126.2,Pahang,overall
2022-11-01,126.7,Pahang,overall
2022-12-01,126.9,Pahang,overall
2023-01-01,127.2,Pahang,overall
2023-02-01,127.6,Pahang,overall
2023-03-01,127.7,Pahang,overall
2023-04-01,127.6,Pahang,overall
2023-05-01,127.8,Pahang,overall
2023-06-01,128.1,Pahang,overall
2023-07-01,128.3,Pahang,overall
2023-08-01,128.2,Pahang,overall
2023-09-01,128.3,Pahang,overall
2023-10-01,128.3,Pahang,overall
2023-11-01,128.4,Pahang,overall
2023-12-01,128.7,Pahang,overall
2024-01-01,129.4,Pahang,overall
2024-02-01,130.6,Pahang,overall
2024-03-01,130.4,Pahang,overall
2024-04-01,130.6,Pahang,overall
2024-05-01,131.1,Pahang,overall
2024-06-01,131.5,Pahang,overall
2024-07-01,131.6,Pahang,overall
2024-08-01,131.8,Pahang,overall
2024-09-01,131.7,Pahang,overall
2024-10-01,131.7,Pahang,overall
2024-11-01,131.5,Pahang,overall
2024-12-01,131.6,Pahang,overall
2025-01-01,131.9,Pahang,overall
2025-02-01,132.0,Pahang,overall
2025-03-01,131.9,Pahang,overall
2025-04-01,131.9,Pahang,overall
2025-05-01,132.0,Pahang,overall
2025-06-01,132.4,Pahang,overall
2025-07-01,132.7,Pahang,overall
2025-08-01,133.2,Pahang,overall
2025-09-01,133.5,Pahang,overall
2025-10-01,133.4,Pahang,overall
2025-11-01,133.4,Pahang,overall
2025-12-01,134.0,Pahang,overall
2026-01-01,134.4,Pahang,overall
2026-02-01,134.8,Pahang,overall
2026-03-01,135.2,Pahang,overall
2026-04-01,135.6,Pahang,overall
2026-05-01,135.7,Pahang,overall
2026-06-01,135.9,Pahang,overall
2026-07-01,135.8,Pahang,overall
2010-01-01,99.4,Perak,overall
2010-02-01,99.4,Perak,overall
2010-03-01,99.4,Perak,overall
2010-04-01,99.4,Perak,overall
2010-05-01,99.6,Perak,overall
2010-06-01,99.7,Perak,overall
2010-07-01,100.0,Perak,overall
2010-08-01,100.3,Perak,overall
2010-09-01,100.3,Perak,overall
2010-10-01,100.5,Perak,overall
2010-11-01,100.8,Perak,overall
2010-12-01,101.2,Perak,overall
2011-01-01,101.8,Perak,overall
2011-02-01,102.2,Perak,overall
2011-03-01,102.3,Perak,overall
2011-04-01,102.5,Perak,overall
2011-05-01,102.8,Perak,overall
2011-06-01,103.0,Perak,overall
2011-07-01,103.2,Perak,overall
2011-08-01,103.3,Perak,overall
2011-09-01,103.5,Perak,overall
2011-10-01,103.8,Perak,overall
2011-11-01,103.8,Perak,overall
2011-12-01,103.9,Perak,overall
2012-01-01,104.2,Perak,overall
2012-02-01,104.0,Perak,overall
2012-03-01,104.0,Perak,overall
2012-04-01,103.8,Perak,overall
2012-05-01,104.0,Perak,overall
2012-06-01,104.2,Perak,overall
2012-07-01,104.1,Perak,overall
2012-08-01,104.1,Perak,overall
2012-09-01,104.5,Perak,overall
2012-10-01,104.7,Perak,overall
2012-11-01,104.8,Perak,overall
2012-12-01,104.7,Perak,overall
2013-01-01,105.1,Perak,overall
2013-02-01,105.4,Perak,overall
2013-03-01,105.4,Perak,overall
2013-04-01,105.4,Perak,overall
2013-05-01,105.6,Perak,overall
2013-06-01,105.7,Perak,overall
2013-07-01,105.9,Perak,overall
2013-08-01,106.0,Perak,overall
2013-09-01,107.1,Perak,overall
2013-10-01,107.5,Perak,overall
2013-11-01,107.7,Perak,overall
2013-12-01,108.0,Perak,overall
2014-01-01,108.4,Perak,overall
2014-02-01,108.5,Perak,overall
2014-03-01,108.6,Perak,overall
2014-04-01,108.5,Perak,overall
2014-05-01,108.6,Perak,overall
2014-06-01,108.8,Perak,overall
2014-07-01,108.9,Perak,overall
2014-08-01,109.0,Perak,overall
2014-09-01,109.1,Perak,overall
2014-10-01,109.9,Perak,overall
2014-11-01,110.2,Perak,overall
2014-12-01,110.1,Perak,overall
2015-01-01,108.9,Perak,overall
2015-02-01,108.0,Perak,overall
2015-03-01,109.1,Perak,overall
2015-04-01,110.1,Perak,overall
2015-05-01,110.5,Perak,overall
2015-06-01,111.2,Perak,overall
2015-07-01,111.9,Perak,overall
2015-08-01,111.7,Perak,overall
2015-09-01,111.5,Perak,overall
2015-10-01,112.1,Perak,overall
2015-11-01,112.5,Perak,overall
2015-12-01,112.4,Perak,overall
2016-01-01,112.1,Perak,overall
2016-02-01,111.9,Perak,overall
2016-03-01,111.2,Perak,overall
2016-04-01,111.7,Perak,overall
2016-05-01,111.9,Perak,overall
2016-06-01,112.0,Perak,overall
2016-07-01,112.3,Perak,overall
2016-08-01,112.6,Perak,overall
2016-09-01,112.3,Perak,overall
2016-10-01,112.7,Perak,overall
2016-11-01,113.7,Perak,overall
2016-12-01,113.7,Perak,overall
2017-01-01,114.9,Perak,overall
2017-02-01,116.3,Perak,overall
2017-03-01,116.1,Perak,overall
2017-04-01,115.7,Perak,overall
2017-05-01,115.4,Perak,overall
2017-06-01,115.1,Perak,overall
2017-07-01,115.2,Perak,overall
2017-08-01,116.1,Perak,overall
2017-09-01,116.5,Perak,overall
2017-10-01,116.4,Perak,overall
2017-11-01,117.1,Perak,overall
2017-12-01,117.3,Perak,overall
2018-01-01,117.6,Perak,overall
2018-02-01,117.6,Perak,overall
2018-03-01,117.1,Perak,overall
2018-04-01,117.0,Perak,overall
2018-05-01,117.3,Perak,overall
2018-06-01,115.7,Perak,overall
2018-07-01,116.0,Perak,overall
2018-08-01,116.0,Perak,overall
2018-09-01,116.4,Perak,overall
2018-10-01,116.8,Perak,overall
2018-11-01,116.9,Perak,overall
2018-12-01,117.1,Perak,overall
2019-01-01,116.7,Perak,overall
2019-02-01,116.9,Perak,overall
2019-03-01,117.2,Perak,overall
2019-04-01,117.2,Perak,overall
2019-05-01,117.3,Perak,overall
2019-06-01,117.4,Perak,overall
2019-07-01,117.6,Perak,overall
2019-08-01,117.8,Perak,overall
2019-09-01,117.8,Perak,overall
2019-10-01,117.9,Perak,overall
2019-11-01,118.0,Perak,overall
2019-12-01,118.1,Perak,overall
2020-01-01,118.3,Perak,overall
2020-02-01,118.4,Perak,overall
2020-03-01,116.9,Perak,overall
2020-04-01,113.7,Perak,overall
2020-05-01,113.9,Perak,overall
2020-06-01,115.1,Perak,overall
2020-07-01,115.8,Perak,overall
2020-08-01,116.0,Perak,overall
2020-09-01,115.9,Perak,overall
2020-10-01,115.9,Perak,overall
2020-11-01,115.6,Perak,overall
2020-12-01,116.4,Perak,overall
2021-01-01,118.2,Perak,overall
2021-02-01,118.6,Perak,overall
2021-03-01,118.9,Perak,overall
2021-04-01,119.0,Perak,overall
2021-05-01,119.0,Perak,overall
2021-06-01,119.2,Perak,overall
2021-07-01,118.4,Perak,overall
2021-08-01,118.4,Perak,overall
2021-09-01,118.8,Perak,overall
2021-10-01,119.8,Perak,overall
2021-11-01,120.2,Perak,overall
2021-12-01,120.7,Perak,overall
2022-01-01,121.1,Perak,overall
2022-02-01,121.2,Perak,overall
2022-03-01,121.5,Perak,overall
2022-04-01,121.8,Perak,overall
2022-05-01,122.3,Perak,overall
2022-06-01,123.0,Perak,overall
2022-07-01,123.5,Perak,overall
2022-08-01,123.8,Perak,overall
2022-09-01,123.9,Perak,overall
2022-10-01,124.1,Perak,overall
2022-11-01,124.5,Perak,overall
2022-12-01,124.7,Perak,overall
2023-01-01,125.4,Perak,overall
2023-02-01,125.8,Perak,overall
2023-03-01,125.9,Perak,overall
2023-04-01,126.0,Perak,overall
2023-05-01,126.2,Perak,overall
2023-06-01,126.3,Perak,overall
2023-07-01,126.5,Perak,overall
2023-08-01,126.7,Perak,overall
2023-09-01,126.8,Perak,overall
2023-10-01,126.8,Perak,overall
2023-11-01,126.9,Perak,overall
2023-12-01,127.1,Perak,overall
2024-01-01,127.0,Perak,overall
2024-02-01,127.3,Perak,overall
2024-03-01,127.2,Perak,overall
2024-04-01,127.3,Perak,overall
2024-05-01,127.7,Perak,overall
2024-06-01,127.9,Perak,overall
2024-07-01,127.8,Perak,overall
2024-08-01,127.9,Perak,overall
2024-09-01,128.0,Perak,overall
2024-10-01,128.2,Perak,overall
2024-11-01,128.2,Perak,overall
2024-12-01,128.3,Perak,overall
2025-01-01,128.4,Perak,overall
2025-02-01,128.6,Perak,overall
2025-03-01,128.6,Perak,overall
2025-04-01,128.7,Perak,overall
2025-05-01,128.7,Perak,overall
2025-06-01,128.8,Perak,overall
2025-07-01,128.8,Perak,overall
2025-08-01,128.9,Perak,overall
2025-09-01,129.1,Perak,overall
2025-10-01,128.9,Perak,overall
2025-11-01,128.8,Perak,overall
2025-12-01,129.4,Perak,overall
2026-01-01,129.7,Perak,overall
2026-02-01,129.8,Perak,overall
2026-03-01,130.0,Perak,overall
2026-04-01,130.2,Perak,overall
2026-05-01,130.4,Perak,overall
2026-06-01,130.5,Perak,overall
2026-07-01,130.3,Perak,overall
2010-01-01,99.0,Perlis,overall
2010-02-01,98.9,Perlis,overall
2010-03-01,98.9,Perlis,overall
2010-04-01,98.8,Perlis,overall
2010-05-01,99.4,Perlis,overall
2010-06-01,99.5,Perlis,overall
2010-07-01,99.9,Perlis,overall
2010-08-01,100.7,Perlis,overall
2010-09-01,100.7,Perlis,overall
2010-10-01,100.9,Perlis,overall
2010-11-01,101.3,Perlis,overall
2010-12-01,102.0,Perlis,overall
2011-01-01,102.5,Perlis,overall
2011-02-01,102.5,Perlis,overall
2011-03-01,103.3,Perlis,overall
2011-04-01,103.6,Perlis,overall
2011-05-01,102.2,Perlis,overall
2011-06-01,102.3,Perlis,overall
2011-07-01,102.5,Perlis,overall
2011-08-01,102.6,Perlis,overall
2011-09-01,102.9,Perlis,overall
2011-10-01,103.3,Perlis,overall
2011-11-01,103.1,Perlis,overall
2011-12-01,103.0,Perlis,overall
2012-01-01,103.0,Perlis,overall
2012-02-01,104.0,Perlis,overall
2012-03-01,103.9,Perlis,overall
2012-04-01,103.9,Perlis,overall
2012-05-01,104.0,Perlis,overall
2012-06-01,104.2,Perlis,overall
2012-07-01,104.2,Perlis,overall
2012-08-01,104.3,Perlis,overall
2012-09-01,104.5,Perlis,overall
2012-10-01,104.6,Perlis,overall
2012-11-01,104.6,Perlis,overall
2012-12-01,104.7,Perlis,overall
2013-01-01,104.9,Perlis,overall
2013-02-01,104.8,Perlis,overall
2013-03-01,104.9,Perlis,overall
2013-04-01,105.0,Perlis,overall
2013-05-01,105.0,Perlis,overall
2013-06-01,104.9,Perlis,overall
2013-07-01,105.1,Perlis,overall
2013-08-01,105.8,Perlis,overall
2013-09-01,106.8,Perlis,overall
2013-10-01,107.8,Perlis,overall
2013-11-01,107.6,Perlis,overall
2013-12-01,107.9,Perlis,overall
2014-01-01,108.3,Perlis,overall
2014-02-01,107.8,Perlis,overall
2014-03-01,108.1,Perlis,overall
2014-04-01,107.9,Perlis,overall
2014-05-01,107.8,Perlis,overall
2014-06-01,108.0,Perlis,overall
2014-07-01,108.1,Perlis,overall
2014-08-01,108.1,Perlis,overall
2014-09-01,108.1,Perlis,overall
2014-10-01,108.8,Perlis,overall
2014-11-01,109.3,Perlis,overall
2014-12-01,109.1,Perlis,overall
2015-01-01,107.2,Perlis,overall
2015-02-01,106.4,Perlis,overall
2015-03-01,107.7,Perlis,overall
2015-04-01,108.7,Perlis,overall
2015-05-01,108.8,Perlis,overall
2015-06-01,109.7,Perlis,overall
2015-07-01,110.8,Perlis,overall
2015-08-01,110.1,Perlis,overall
2015-09-01,109.9,Perlis,overall
2015-10-01,110.4,Perlis,overall
2015-11-01,111.1,Perlis,overall
2015-12-01,110.6,Perlis,overall
2016-01-01,110.4,Perlis,overall
2016-02-01,110.4,Perlis,overall
2016-03-01,109.6,Perlis,overall
2016-04-01,109.8,Perlis,overall
2016-05-01,110.1,Perlis,overall
2016-06-01,110.7,Perlis,overall
2016-07-01,111.3,Perlis,overall
2016-08-01,111.2,Perlis,overall
2016-09-01,110.8,Perlis,overall
2016-10-01,111.1,Perlis,overall
2016-11-01,112.2,Perlis,overall
2016-12-01,112.8,Perlis,overall
2017-01-01,114.6,Perlis,overall
2017-02-01,116.0,Perlis,overall
2017-03-01,115.5,Perlis,overall
2017-04-01,115.1,Perlis,overall
2017-05-01,114.8,Perlis,overall
2017-06-01,114.5,Perlis,overall
2017-07-01,114.1,Perlis,overall
2017-08-01,115.3,Perlis,overall
2017-09-01,115.9,Perlis,overall
2017-10-01,115.2,Perlis,overall
2017-11-01,115.9,Perlis,overall
2017-12-01,116.1,Perlis,overall
2018-01-01,116.1,Perlis,overall
2018-02-01,116.0,Perlis,overall
2018-03-01,115.3,Perlis,overall
2018-04-01,115.3,Perlis,overall
2018-05-01,115.3,Perlis,overall
2018-06-01,114.2,Perlis,overall
2018-07-01,114.3,Perlis,overall
2018-08-01,114.5,Perlis,overall
2018-09-01,115.1,Perlis,overall
2018-10-01,115.2,Perlis,overall
2018-11-01,115.3,Perlis,overall
2018-12-01,115.6,Perlis,overall
2019-01-01,115.0,Perlis,overall
2019-02-01,115.2,Perlis,overall
2019-03-01,115.5,Perlis,overall
2019-04-01,115.3,Perlis,overall
2019-05-01,115.5,Perlis,overall
2019-06-01,115.5,Perlis,overall
2019-07-01,115.6,Perlis,overall
2019-08-01,115.9,Perlis,overall
2019-09-01,115.8,Perlis,overall
2019-10-01,115.9,Perlis,overall
2019-11-01,115.9,Perlis,overall
2019-12-01,116.3,Perlis,overall
2020-01-01,116.3,Perlis,overall
2020-02-01,116.1,Perlis,overall
2020-03-01,114.1,Perlis,overall
2020-04-01,110.3,Perlis,overall
2020-05-01,110.6,Perlis,overall
2020-06-01,112.4,Perlis,overall
2020-07-01,113.0,Perlis,overall
2020-08-01,113.1,Perlis,overall
2020-09-01,112.9,Perlis,overall
2020-10-01,112.9,Perlis,overall
2020-11-01,112.5,Perlis,overall
2020-12-01,113.6,Perlis,overall
2021-01-01,115.5,Perlis,overall
2021-02-01,115.9,Perlis,overall
2021-03-01,116.2,Perlis,overall
2021-04-01,116.2,Perlis,overall
2021-05-01,116.3,Perlis,overall
2021-06-01,116.4,Perlis,overall
2021-07-01,115.8,Perlis,overall
2021-08-01,115.8,Perlis,overall
2021-09-01,116.3,Perlis,overall
2021-10-01,117.2,Perlis,overall
2021-11-01,117.6,Perlis,overall
2021-12-01,118.3,Perlis,overall
2022-01-01,118.5,Perlis,overall
2022-02-01,119.0,Perlis,overall
2022-03-01,119.2,Perlis,overall
2022-04-01,119.4,Perlis,overall
2022-05-01,119.7,Perlis,overall
2022-06-01,120.3,Perlis,overall
2022-07-01,120.4,Perlis,overall
2022-08-01,120.4,Perlis,overall
2022-09-01,120.6,Perlis,overall
2022-10-01,121.4,Perlis,overall
2022-11-01,121.5,Perlis,overall
2022-12-01,121.6,Perlis,overall
2023-01-01,121.9,Perlis,overall
2023-02-01,122.1,Perlis,overall
2023-03-01,122.2,Perlis,overall
2023-04-01,122.3,Perlis,overall
2023-05-01,122.4,Perlis,overall
2023-06-01,122.6,Perlis,overall
2023-07-01,122.8,Perlis,overall
2023-08-01,123.3,Perlis,overall
2023-09-01,123.3,Perlis,overall
2023-10-01,123.4,Perlis,overall
2023-11-01,123.2,Perlis,overall
2023-12-01,123.5,Perlis,overall
2024-01-01,123.9,Perlis,overall
2024-02-01,124.5,Perlis,overall
2024-03-01,124.5,Perlis,overall
2024-04-01,124.5,Perlis,overall
2024-05-01,124.9,Perlis,overall
2024-06-01,125.1,Perlis,overall
2024-07-01,125.2,Perlis,overall
2024-08-01,125.2,Perlis,overall
2024-09-01,125.1,Perlis,overall
2024-10-01,125.4,Perlis,overall
2024-11-01,125.1,Perlis,overall
2024-12-01,125.1,Perlis,overall
2025-01-01,125.3,Perlis,overall
2025-02-01,125.6,Perlis,overall
2025-03-01,125.7,Perlis,overall
2025-04-01,125.9,Perlis,overall
2025-05-01,126.1,Perlis,overall
2025-06-01,126.1,Perlis,overall
2025-07-01,125.9,Perlis,overall
2025-08-01,126.1,Perlis,overall
2025-09-01,126.8,Perlis,overall
2025-10-01,126.5,Perlis,overall
2025-11-01,126.3,Perlis,overall
2025-12-01,126.5,Perlis,overall
2026-01-01,126.8,Perlis,overall
2026-02-01,126.8,Perlis,overall
2026-03-01,127.3,Perlis,overall
2026-04-01,127.9,Perlis,overall
2026-05-01,127.8,Perlis,overall
2026-06-01,127.8,Perlis,overall
2026-07-01,127.5,Perlis,overall
2010-01-01,99.4,Pulau Pinang,overall
2010-02-01,99.5,Pulau Pinang,overall
2010-03-01,99.3,Pulau Pinang,overall
2010-04-01,99.4,Pulau Pinang,overall
2010-05-01,99.5,Pulau Pinang,overall
2010-06-01,99.6,Pulau Pinang,overall
2010-07-01,100.0,Pulau Pinang,overall
2010-08-01,100.3,Pulau Pinang,overall
2010-09-01,100.4,Pulau Pinang,overall
2010-10-01,100.6,Pulau Pinang,overall
2010-11-01,100.8,Pulau Pinang,overall
2010-12-01,101.2,Pulau Pinang,overall
2011-01-01,101.9,Pulau Pinang,overall
2011-02-01,102.3,Pulau Pinang,overall
2011-03-01,102.4,Pulau Pinang,overall
2011-04-01,102.6,Pulau Pinang,overall
2011-05-01,102.8,Pulau Pinang,overall
2011-06-01,103.2,Pulau Pinang,overall
2011-07-01,103.5,Pulau Pinang,overall
2011-08-01,103.8,Pulau Pinang,overall
2011-09-01,103.9,Pulau Pinang,overall
2011-10-01,104.2,Pulau Pinang,overall
2011-11-01,104.3,Pulau Pinang,overall
2011-12-01,104.5,Pulau Pinang,overall
2012-01-01,104.8,Pulau Pinang,overall
2012-02-01,104.7,Pulau Pinang,overall
2012-03-01,104.8,Pulau Pinang,overall
2012-04-01,104.7,Pulau Pinang,overall
2012-05-01,104.9,Pulau Pinang,overall
2012-06-01,105.2,Pulau Pinang,overall
2012-07-01,105.1,Pulau Pinang,overall
2012-08-01,105.1,Pulau Pinang,overall
2012-09-01,105.4,Pulau Pinang,overall
2012-10-01,105.6,Pulau Pinang,overall
2012-11-01,105.5,Pulau Pinang,overall
2012-12-01,105.5,Pulau Pinang,overall
2013-01-01,106.1,Pulau Pinang,overall
2013-02-01,106.3,Pulau Pinang,overall
2013-03-01,106.4,Pulau Pinang,overall
2013-04-01,106.4,Pulau Pinang,overall
2013-05-01,106.9,Pulau Pinang,overall
2013-06-01,107.0,Pulau Pinang,overall
2013-07-01,107.1,Pulau Pinang,overall
2013-08-01,107.1,Pulau Pinang,overall
2013-09-01,108.0,Pulau Pinang,overall
2013-10-01,108.4,Pulau Pinang,overall
2013-11-01,108.6,Pulau Pinang,overall
2013-12-01,109.0,Pulau Pinang,overall
2014-01-01,109.5,Pulau Pinang,overall
2014-02-01,110.0,Pulau Pinang,overall
2014-03-01,110.0,Pulau Pinang,overall
2014-04-01,110.2,Pulau Pinang,overall
2014-05-01,110.5,Pulau Pinang,overall
2014-06-01,110.5,Pulau Pinang,overall
2014-07-01,110.7,Pulau Pinang,overall
2014-08-01,110.8,Pulau Pinang,overall
2014-09-01,110.9,Pulau Pinang,overall
2014-10-01,111.6,Pulau Pinang,overall
2014-11-01,112.1,Pulau Pinang,overall
2014-12-01,112.0,Pulau Pinang,overall
2015-01-01,111.1,Pulau Pinang,overall
2015-02-01,110.4,Pulau Pinang,overall
2015-03-01,111.3,Pulau Pinang,overall
2015-04-01,112.6,Pulau Pinang,overall
2015-05-01,112.9,Pulau Pinang,overall
2015-06-01,113.5,Pulau Pinang,overall
2015-07-01,114.4,Pulau Pinang,overall
2015-08-01,114.5,Pulau Pinang,overall
2015-09-01,114.3,Pulau Pinang,overall
2015-10-01,114.9,Pulau Pinang,overall
2015-11-01,115.6,Pulau Pinang,overall
2015-12-01,115.5,Pulau Pinang,overall
2016-01-01,115.5,Pulau Pinang,overall
2016-02-01,115.6,Pulau Pinang,overall
2016-03-01,115.1,Pulau Pinang,overall
2016-04-01,115.5,Pulau Pinang,overall
2016-05-01,115.6,Pulau Pinang,overall
2016-06-01,115.8,Pulau Pinang,overall
2016-07-01,116.1,Pulau Pinang,overall
2016-08-01,116.5,Pulau Pinang,overall
2016-09-01,116.2,Pulau Pinang,overall
2016-10-01,116.7,Pulau Pinang,overall
2016-11-01,118.0,Pulau Pinang,overall
2016-12-01,118.0,Pulau Pinang,overall
2017-01-01,119.4,Pulau Pinang,overall
2017-02-01,120.8,Pulau Pinang,overall
2017-03-01,120.7,Pulau Pinang,overall
2017-04-01,120.5,Pulau Pinang,overall
2017-05-01,120.6,Pulau Pinang,overall
2017-06-01,120.3,Pulau Pinang,overall
2017-07-01,120.4,Pulau Pinang,overall
2017-08-01,121.1,Pulau Pinang,overall
2017-09-01,121.5,Pulau Pinang,overall
2017-10-01,121.4,Pulau Pinang,overall
2017-11-01,122.0,Pulau Pinang,overall
2017-12-01,122.1,Pulau Pinang,overall
2018-01-01,122.5,Pulau Pinang,overall
2018-02-01,122.5,Pulau Pinang,overall
2018-03-01,122.3,Pulau Pinang,overall
2018-04-01,122.3,Pulau Pinang,overall
2018-05-01,122.3,Pulau Pinang,overall
2018-06-01,120.5,Pulau Pinang,overall
2018-07-01,120.9,Pulau Pinang,overall
2018-08-01,121.3,Pulau Pinang,overall
2018-09-01,121.9,Pulau Pinang,overall
2018-10-01,122.2,Pulau Pinang,overall
2018-11-01,122.7,Pulau Pinang,overall
2018-12-01,122.8,Pulau Pinang,overall
2019-01-01,122.3,Pulau Pinang,overall
2019-02-01,122.7,Pulau Pinang,overall
2019-03-01,123.0,Pulau Pinang,overall
2019-04-01,123.1,Pulau Pinang,overall
2019-05-01,123.2,Pulau Pinang,overall
2019-06-01,123.1,Pulau Pinang,overall
2019-07-01,123.4,Pulau Pinang,overall
2019-08-01,123.7,Pulau Pinang,overall
2019-09-01,123.7,Pulau Pinang,overall
2019-10-01,123.8,Pulau Pinang,overall
2019-11-01,124.0,Pulau Pinang,overall
2019-12-01,124.0,Pulau Pinang,overall
2020-01-01,124.2,Pulau Pinang,overall
2020-02-01,124.3,Pulau Pinang,overall
2020-03-01,123.1,Pulau Pinang,overall
2020-04-01,120.2,Pulau Pinang,overall
2020-05-01,120.4,Pulau Pinang,overall
2020-06-01,121.4,Pulau Pinang,overall
2020-07-01,122.0,Pulau Pinang,overall
2020-08-01,122.3,Pulau Pinang,overall
2020-09-01,122.2,Pulau Pinang,overall
2020-10-01,122.3,Pulau Pinang,overall
2020-11-01,122.1,Pulau Pinang,overall
2020-12-01,122.6,Pulau Pinang,overall
2021-01-01,124.2,Pulau Pinang,overall
2021-02-01,124.6,Pulau Pinang,overall
2021-03-01,124.9,Pulau Pinang,overall
2021-04-01,124.9,Pulau Pinang,overall
2021-05-01,124.9,Pulau Pinang,overall
2021-06-01,124.9,Pulau Pinang,overall
2021-07-01,124.2,Pulau Pinang,overall
2021-08-01,124.2,Pulau Pinang,overall
2021-09-01,124.4,Pulau Pinang,overall
2021-10-01,125.3,Pulau Pinang,overall
2021-11-01,125.8,Pulau Pinang,overall
2021-12-01,126.4,Pulau Pinang,overall
2022-01-01,126.7,Pulau Pinang,overall
2022-02-01,127.1,Pulau Pinang,overall
2022-03-01,127.6,Pulau Pinang,overall
2022-04-01,127.8,Pulau Pinang,overall
2022-05-01,128.4,Pulau Pinang,overall
2022-06-01,129.2,Pulau Pinang,overall
2022-07-01,129.6,Pulau Pinang,overall
2022-08-01,129.7,Pulau Pinang,overall
2022-09-01,129.8,Pulau Pinang,overall
2022-10-01,130.0,Pulau Pinang,overall
2022-11-01,130.3,Pulau Pinang,overall
2022-12-01,130.6,Pulau Pinang,overall
2023-01-01,130.9,Pulau Pinang,overall
2023-02-01,131.3,Pulau Pinang,overall
2023-03-01,131.2,Pulau Pinang,overall
2023-04-01,131.2,Pulau Pinang,overall
2023-05-01,131.6,Pulau Pinang,overall
2023-06-01,131.7,Pulau Pinang,overall
2023-07-01,131.8,Pulau Pinang,overall
2023-08-01,132.0,Pulau Pinang,overall
2023-09-01,132.2,Pulau Pinang,overall
2023-10-01,132.4,Pulau Pinang,overall
2023-11-01,132.6,Pulau Pinang,overall
2023-12-01,132.9,Pulau Pinang,overall
2024-01-01,133.2,Pulau Pinang,overall
2024-02-01,134.9,Pulau Pinang,overall
2024-03-01,135.1,Pulau Pinang,overall
2024-04-01,135.4,Pulau Pinang,overall
2024-05-01,135.9,Pulau Pinang,overall
2024-06-01,136.1,Pulau Pinang,overall
2024-07-01,136.3,Pulau Pinang,overall
2024-08-01,136.4,Pulau Pinang,overall
2024-09-01,136.3,Pulau Pinang,overall
2024-10-01,136.5,Pulau Pinang,overall
2024-11-01,136.4,Pulau Pinang,overall
2024-12-01,136.3,Pulau Pinang,overall
2025-01-01,136.4,Pulau Pinang,overall
2025-02-01,136.5,Pulau Pinang,overall
2025-03-01,136.6,Pulau Pinang,overall
2025-04-01,136.9,Pulau Pinang,overall
2025-05-01,137.0,Pulau Pinang,overall
2025-06-01,137.1,Pulau Pinang,overall
2025-07-01,137.6,Pulau Pinang,overall
2025-08-01,137.7,Pulau Pinang,overall
2025-09-01,138.0,Pulau Pinang,overall
2025-10-01,137.9,Pulau Pinang,overall
2025-11-01,137.8,Pulau Pinang,overall
2025-12-01,138.1,Pulau Pinang,overall
2026-01-01,138.4,Pulau Pinang,overall
2026-02-01,138.7,Pulau Pinang,overall
2026-03-01,139.1,Pulau Pinang,overall
2026-04-01,139.4,Pulau Pinang,overall
2026-05-01,139.6,Pulau Pinang,overall
2026-06-01,139.5,Pulau Pinang,overall
2026-07-01,139.8,Pulau Pinang,overall
2010-01-01,99.4,Sabah,overall
2010-02-01,99.7,Sabah,overall
2010-03-01,99.7,Sabah,overall
2010-04-01,99.7,Sabah,overall
2010-05-01,99.6,Sabah,overall
2010-06-01,99.5,Sabah,overall
2010-07-01,99.7,Sabah,overall
2010-08-01,100.0,Sabah,overall
2010-09-01,100.3,Sabah,overall
2010-10-01,100.5,Sabah,overall
2010-11-01,100.7,Sabah,overall
2010-12-01,101.2,Sabah,overall
2011-01-01,101.9,Sabah,overall
2011-02-01,102.1,Sabah,overall
2011-03-01,102.2,Sabah,overall
2011-04-01,102.5,Sabah,overall
2011-05-01,102.5,Sabah,overall
2011-06-01,102.6,Sabah,overall
2011-07-01,103.0,Sabah,overall
2011-08-01,103.4,Sabah,overall
2011-09-01,103.5,Sabah,overall
2011-10-01,103.6,Sabah,overall
2011-11-01,103.8,Sabah,overall
2011-12-01,103.9,Sabah,overall
2012-01-01,104.3,Sabah,overall
2012-02-01,104.4,Sabah,overall
2012-03-01,104.4,Sabah,overall
2012-04-01,104.2,Sabah,overall
2012-05-01,104.4,Sabah,overall
2012-06-01,104.5,Sabah,overall
2012-07-01,104.6,Sabah,overall
2012-08-01,104.9,Sabah,overall
2012-09-01,104.8,Sabah,overall
2012-10-01,105.1,Sabah,overall
2012-11-01,105.2,Sabah,overall
2012-12-01,105.2,Sabah,overall
2013-01-01,105.9,Sabah,overall
2013-02-01,106.4,Sabah,overall
2013-03-01,106.6,Sabah,overall
2013-04-01,106.4,Sabah,overall
2013-05-01,106.2,Sabah,overall
2013-06-01,106.3,Sabah,overall
2013-07-01,106.4,Sabah,overall
2013-08-01,106.5,Sabah,overall
2013-09-01,107.5,Sabah,overall
2013-10-01,107.8,Sabah,overall
2013-11-01,108.1,Sabah,overall
2013-12-01,108.1,Sabah,overall
2014-01-01,108.6,Sabah,overall
2014-02-01,108.8,Sabah,overall
2014-03-01,108.8,Sabah,overall
2014-04-01,108.6,Sabah,overall
2014-05-01,108.6,Sabah,overall
2014-06-01,108.7,Sabah,overall
2014-07-01,108.6,Sabah,overall
2014-08-01,108.7,Sabah,overall
2014-09-01,108.9,Sabah,overall
2014-10-01,109.4,Sabah,overall
2014-11-01,109.8,Sabah,overall
2014-12-01,109.8,Sabah,overall
2015-01-01,108.2,Sabah,overall
2015-02-01,107.8,Sabah,overall
2015-03-01,108.6,Sabah,overall
2015-04-01,109.6,Sabah,overall
2015-05-01,109.7,Sabah,overall
2015-06-01,110.1,Sabah,overall
2015-07-01,110.6,Sabah,overall
2015-08-01,110.7,Sabah,overall
2015-09-01,110.1,Sabah,overall
2015-10-01,110.7,Sabah,overall
2015-11-01,111.0,Sabah,overall
2015-12-01,110.9,Sabah,overall
2016-01-01,110.3,Sabah,overall
2016-02-01,110.0,Sabah,overall
2016-03-01,109.6,Sabah,overall
2016-04-01,110.1,Sabah,overall
2016-05-01,110.2,Sabah,overall
2016-06-01,110.2,Sabah,overall
2016-07-01,110.5,Sabah,overall
2016-08-01,110.8,Sabah,overall
2016-09-01,110.6,Sabah,overall
2016-10-01,111.0,Sabah,overall
2016-11-01,112.1,Sabah,overall
2016-12-01,112.1,Sabah,overall
2017-01-01,113.2,Sabah,overall
2017-02-01,113.5,Sabah,overall
2017-03-01,114.2,Sabah,overall
2017-04-01,113.9,Sabah,overall
2017-05-01,113.7,Sabah,overall
2017-06-01,113.4,Sabah,overall
2017-07-01,113.6,Sabah,overall
2017-08-01,114.3,Sabah,overall
2017-09-01,114.8,Sabah,overall
2017-10-01,114.4,Sabah,overall
2017-11-01,115.1,Sabah,overall
2017-12-01,115.2,Sabah,overall
2018-01-01,115.7,Sabah,overall
2018-02-01,115.6,Sabah,overall
2018-03-01,115.3,Sabah,overall
2018-04-01,115.2,Sabah,overall
2018-05-01,115.0,Sabah,overall
2018-06-01,113.9,Sabah,overall
2018-07-01,114.0,Sabah,overall
2018-08-01,114.3,Sabah,overall
2018-09-01,114.6,Sabah,overall
2018-10-01,114.7,Sabah,overall
2018-11-01,114.9,Sabah,overall
2018-12-01,114.9,Sabah,overall
2019-01-01,114.4,Sabah,overall
2019-02-01,114.5,Sabah,overall
2019-03-01,114.9,Sabah,overall
2019-04-01,114.9,Sabah,overall
2019-05-01,114.9,Sabah,overall
2019-06-01,114.9,Sabah,overall
2019-07-01,114.9,Sabah,overall
2019-08-01,115.1,Sabah,overall
2019-09-01,115.1,Sabah,overall
2019-10-01,115.1,Sabah,overall
2019-11-01,115.4,Sabah,overall
2019-12-01,115.4,Sabah,overall
2020-01-01,115.5,Sabah,overall
2020-02-01,115.4,Sabah,overall
2020-03-01,113.9,Sabah,overall
2020-04-01,110.6,Sabah,overall
2020-05-01,110.7,Sabah,overall
2020-06-01,111.8,Sabah,overall
2020-07-01,112.6,Sabah,overall
2020-08-01,112.6,Sabah,overall
2020-09-01,112.6,Sabah,overall
2020-10-01,112.6,Sabah,overall
2020-11-01,112.5,Sabah,overall
2020-12-01,113.1,Sabah,overall
2021-01-01,113.8,Sabah,overall
2021-02-01,114.2,Sabah,overall
2021-03-01,114.7,Sabah,overall
2021-04-01,114.9,Sabah,overall
2021-05-01,114.8,Sabah,overall
2021-06-01,114.8,Sabah,overall
2021-07-01,114.2,Sabah,overall
2021-08-01,114.2,Sabah,overall
2021-09-01,114.2,Sabah,overall
2021-10-01,115.0,Sabah,overall
2021-11-01,115.2,Sabah,overall
2021-12-01,115.4,Sabah,overall
2022-01-01,116.0,Sabah,overall
2022-02-01,116.3,Sabah,overall
2022-03-01,116.3,Sabah,overall
2022-04-01,116.5,Sabah,overall
2022-05-01,117.3,Sabah,overall
2022-06-01,118.0,Sabah,overall
2022-07-01,118.7,Sabah,overall
2022-08-01,119.1,Sabah,overall
2022-09-01,119.1,Sabah,overall
2022-10-01,119.3,Sabah,overall
2022-11-01,119.6,Sabah,overall
2022-12-01,119.8,Sabah,overall
2023-01-01,119.8,Sabah,overall
2023-02-01,120.1,Sabah,overall
2023-03-01,120.2,Sabah,overall
2023-04-01,120.2,Sabah,overall
2023-05-01,120.8,Sabah,overall
2023-06-01,120.7,Sabah,overall
2023-07-01,120.9,Sabah,overall
2023-08-01,121.2,Sabah,overall
2023-09-01,121.3,Sabah,overall
2023-10-01,121.3,Sabah,overall
2023-11-01,121.3,Sabah,overall
2023-12-01,121.4,Sabah,overall
2024-01-01,121.6,Sabah,overall
2024-02-01,121.9,Sabah,overall
2024-03-01,121.9,Sabah,overall
2024-04-01,122.1,Sabah,overall
2024-05-01,122.2,Sabah,overall
2024-06-01,122.3,Sabah,overall
2024-07-01,122.4,Sabah,overall
2024-08-01,122.5,Sabah,overall
2024-09-01,122.6,Sabah,overall
2024-10-01,122.6,Sabah,overall
2024-11-01,122.6,Sabah,overall
2024-12-01,122.5,Sabah,overall
2025-01-01,122.7,Sabah,overall
2025-02-01,123.1,Sabah,overall
2025-03-01,123.2,Sabah,overall
2025-04-01,123.4,Sabah,overall
2025-05-01,123.6,Sabah,overall
2025-06-01,123.6,Sabah,overall
2025-07-01,123.7,Sabah,overall
2025-08-01,124.1,Sabah,overall
2025-09-01,124.2,Sabah,overall
2025-10-01,124.2,Sabah,overall
2025-11-01,124.2,Sabah,overall
2025-12-01,124.3,Sabah,overall
2026-01-01,124.4,Sabah,overall
2026-02-01,125.3,Sabah,overall
2026-03-01,125.8,Sabah,overall
2026-04-01,126.0,Sabah,overall
2026-05-01,126.1,Sabah,overall
2026-06-01,126.0,Sabah,overall
2026-07-01,126.0,Sabah,overall
2010-01-01,99.2,Sarawak,overall
2010-02-01,99.4,Sarawak,overall
2010-03-01,99.4,Sarawak,overall
2010-04-01,99.4,Sarawak,overall
2010-05-01,99.5,Sarawak,overall
2010-06-01,99.6,Sarawak,overall
2010-07-01,99.8,Sarawak,overall
2010-08-01,100.3,Sarawak,overall
2010-09-01,100.5,Sarawak,overall
2010-10-01,100.7,Sarawak,overall
2010-11-01,100.8,Sarawak,overall
2010-12-01,101.2,Sarawak,overall
2011-01-01,101.6,Sarawak,overall
2011-02-01,102.1,Sarawak,overall
2011-03-01,102.1,Sarawak,overall
2011-04-01,102.2,Sarawak,overall
2011-05-01,102.4,Sarawak,overall
2011-06-01,102.5,Sarawak,overall
2011-07-01,102.6,Sarawak,overall
2011-08-01,102.8,Sarawak,overall
2011-09-01,103.0,Sarawak,overall
2011-10-01,103.2,Sarawak,overall
2011-11-01,103.4,Sarawak,overall
2011-12-01,103.5,Sarawak,overall
2012-01-01,103.8,Sarawak,overall
2012-02-01,103.9,Sarawak,overall
2012-03-01,104.1,Sarawak,overall
2012-04-01,104.1,Sarawak,overall
2012-05-01,104.1,Sarawak,overall
2012-06-01,104.2,Sarawak,overall
2012-07-01,104.4,Sarawak,overall
2012-08-01,104.4,Sarawak,overall
2012-09-01,104.7,Sarawak,overall
2012-10-01,104.8,Sarawak,overall
2012-11-01,104.9,Sarawak,overall
2012-12-01,104.8,Sarawak,overall
2013-01-01,105.1,Sarawak,overall
2013-02-01,105.3,Sarawak,overall
2013-03-01,105.6,Sarawak,overall
2013-04-01,105.5,Sarawak,overall
2013-05-01,105.7,Sarawak,overall
2013-06-01,105.7,Sarawak,overall
2013-07-01,106.0,Sarawak,overall
2013-08-01,106.4,Sarawak,overall
2013-09-01,107.3,Sarawak,overall
2013-10-01,107.6,Sarawak,overall
2013-11-01,108.0,Sarawak,overall
2013-12-01,108.1,Sarawak,overall
2014-01-01,108.9,Sarawak,overall
2014-02-01,109.1,Sarawak,overall
2014-03-01,109.1,Sarawak,overall
2014-04-01,109.2,Sarawak,overall
2014-05-01,109.0,Sarawak,overall
2014-06-01,109.1,Sarawak,overall
2014-07-01,109.1,Sarawak,overall
2014-08-01,109.3,Sarawak,overall
2014-09-01,109.5,Sarawak,overall
2014-10-01,110.0,Sarawak,overall
2014-11-01,110.5,Sarawak,overall
2014-12-01,110.5,Sarawak,overall
2015-01-01,108.8,Sarawak,overall
2015-02-01,108.4,Sarawak,overall
2015-03-01,109.3,Sarawak,overall
2015-04-01,110.5,Sarawak,overall
2015-05-01,110.6,Sarawak,overall
2015-06-01,111.1,Sarawak,overall
2015-07-01,111.8,Sarawak,overall
2015-08-01,111.9,Sarawak,overall
2015-09-01,111.6,Sarawak,overall
2015-10-01,112.1,Sarawak,overall
2015-11-01,112.7,Sarawak,overall
2015-12-01,112.5,Sarawak,overall
2016-01-01,112.2,Sarawak,overall
2016-02-01,112.1,Sarawak,overall
2016-03-01,111.7,Sarawak,overall
2016-04-01,112.3,Sarawak,overall
2016-05-01,112.3,Sarawak,overall
2016-06-01,112.3,Sarawak,overall
2016-07-01,112.5,Sarawak,overall
2016-08-01,112.8,Sarawak,overall
2016-09-01,112.7,Sarawak,overall
2016-10-01,113.1,Sarawak,overall
2016-11-01,113.9,Sarawak,overall
2016-12-01,113.7,Sarawak,overall
2017-01-01,114.8,Sarawak,overall
2017-02-01,115.9,Sarawak,overall
2017-03-01,116.1,Sarawak,overall
2017-04-01,115.9,Sarawak,overall
2017-05-01,115.5,Sarawak,overall
2017-06-01,115.2,Sarawak,overall
2017-07-01,115.2,Sarawak,overall
2017-08-01,116.0,Sarawak,overall
2017-09-01,116.4,Sarawak,overall
2017-10-01,116.4,Sarawak,overall
2017-11-01,117.1,Sarawak,overall
2017-12-01,117.1,Sarawak,overall
2018-01-01,117.3,Sarawak,overall
2018-02-01,117.4,Sarawak,overall
2018-03-01,117.2,Sarawak,overall
2018-04-01,117.1,Sarawak,overall
2018-05-01,117.2,Sarawak,overall
2018-06-01,115.7,Sarawak,overall
2018-07-01,115.8,Sarawak,overall
2018-08-01,116.0,Sarawak,overall
2018-09-01,116.4,Sarawak,overall
2018-10-01,116.6,Sarawak,overall
2018-11-01,116.8,Sarawak,overall
2018-12-01,116.8,Sarawak,overall
2019-01-01,115.9,Sarawak,overall
2019-02-01,116.1,Sarawak,overall
2019-03-01,116.7,Sarawak,overall
2019-04-01,116.7,Sarawak,overall
2019-05-01,116.9,Sarawak,overall
2019-06-01,116.8,Sarawak,overall
2019-07-01,116.8,Sarawak,overall
2019-08-01,116.8,Sarawak,overall
2019-09-01,116.9,Sarawak,overall
2019-10-01,117.0,Sarawak,overall
2019-11-01,117.2,Sarawak,overall
2019-12-01,117.2,Sarawak,overall
2020-01-01,117.3,Sarawak,overall
2020-02-01,117.4,Sarawak,overall
2020-03-01,115.7,Sarawak,overall
2020-04-01,112.3,Sarawak,overall
2020-05-01,112.5,Sarawak,overall
2020-06-01,113.8,Sarawak,overall
2020-07-01,114.6,Sarawak,overall
2020-08-01,114.4,Sarawak,overall
2020-09-01,114.4,Sarawak,overall
2020-10-01,114.5,Sarawak,overall
2020-11-01,114.4,Sarawak,overall
2020-12-01,115.0,Sarawak,overall
2021-01-01,115.9,Sarawak,overall
2021-02-01,116.6,Sarawak,overall
2021-03-01,117.1,Sarawak,overall
2021-04-01,117.1,Sarawak,overall
2021-05-01,117.1,Sarawak,overall
2021-06-01,117.1,Sarawak,overall
2021-07-01,117.2,Sarawak,overall
2021-08-01,117.2,Sarawak,overall
2021-09-01,117.3,Sarawak,overall
2021-10-01,117.3,Sarawak,overall
2021-11-01,117.5,Sarawak,overall
2021-12-01,117.9,Sarawak,overall
2022-01-01,118.3,Sarawak,overall
2022-02-01,118.9,Sarawak,overall
2022-03-01,119.1,Sarawak,overall
2022-04-01,119.3,Sarawak,overall
2022-05-01,119.9,Sarawak,overall
2022-06-01,120.8,Sarawak,overall
2022-07-01,121.4,Sarawak,overall
2022-08-01,121.8,Sarawak,overall
2022-09-01,122.0,Sarawak,overall
2022-10-01,122.3,Sarawak,overall
2022-11-01,123.0,Sarawak,overall
2022-12-01,122.7,Sarawak,overall
2023-01-01,123.4,Sarawak,overall
2023-02-01,123.6,Sarawak,overall
2023-03-01,123.6,Sarawak,overall
2023-04-01,123.9,Sarawak,overall
2023-05-01,124.1,Sarawak,overall
2023-06-01,124.4,Sarawak,overall
2023-07-01,124.5,Sarawak,overall
2023-08-01,125.0,Sarawak,overall
2023-09-01,125.3,Sarawak,overall
2023-10-01,125.4,Sarawak,overall
2023-11-01,125.5,Sarawak,overall
2023-12-01,125.7,Sarawak,overall
2024-01-01,125.8,Sarawak,overall
2024-02-01,126.0,Sarawak,overall
2024-03-01,127.2,Sarawak,overall
2024-04-01,127.4,Sarawak,overall
2024-05-01,127.6,Sarawak,overall
2024-06-01,127.8,Sarawak,overall
2024-07-01,127.9,Sarawak,overall
2024-08-01,128.1,Sarawak,overall
2024-09-01,128.2,Sarawak,overall
2024-10-01,128.0,Sarawak,overall
2024-11-01,127.9,Sarawak,overall
2024-12-01,127.9,Sarawak,overall
2025-01-01,128.0,Sarawak,overall
2025-02-01,128.4,Sarawak,overall
2025-03-01,128.5,Sarawak,overall
2025-04-01,128.6,Sarawak,overall
2025-05-01,128.6,Sarawak,overall
2025-06-01,128.6,Sarawak,overall
2025-07-01,128.6,Sarawak,overall
2025-08-01,128.7,Sarawak,overall
2025-09-01,129.0,Sarawak,overall
2025-10-01,129.0,Sarawak,overall
2025-11-01,129.2,Sarawak,overall
2025-12-01,129.3,Sarawak,overall
2026-01-01,129.4,Sarawak,overall
2026-02-01,129.6,Sarawak,overall
2026-03-01,130.0,Sarawak,overall
2026-04-01,129.1,Sarawak,overall
2026-05-01,129.2,Sarawak,overall
2026-06-01,129.1,Sarawak,overall
2026-07-01,129.0,Sarawak,overall
2010-01-01,99.3,Selangor,overall
2010-02-01,99.3,Selangor,overall
2010-03-01,99.4,Selangor,overall
2010-04-01,99.4,Selangor,overall
2010-05-01,99.6,Selangor,overall
2010-06-01,99.8,Selangor,overall
2010-07-01,100.0,Selangor,overall
2010-08-01,100.2,Selangor,overall
2010-09-01,100.3,Selangor,overall
2010-10-01,100.5,Selangor,overall
2010-11-01,100.8,Selangor,overall
2010-12-01,101.1,Selangor,overall
2011-01-01,101.8,Selangor,overall
2011-02-01,102.5,Selangor,overall
2011-03-01,102.6,Selangor,overall
2011-04-01,102.8,Selangor,overall
2011-05-01,103.1,Selangor,overall
2011-06-01,103.4,Selangor,overall
2011-07-01,103.6,Selangor,overall
2011-08-01,103.8,Selangor,overall
2011-09-01,104.0,Selangor,overall
2011-10-01,104.2,Selangor,overall
2011-11-01,104.4,Selangor,overall
2011-12-01,104.4,Selangor,overall
2012-01-01,104.6,Selangor,overall
2012-02-01,104.6,Selangor,overall
2012-03-01,104.6,Selangor,overall
2012-04-01,104.6,Selangor,overall
2012-05-01,104.9,Selangor,overall
2012-06-01,105.0,Selangor,overall
2012-07-01,105.0,Selangor,overall
2012-08-01,105.4,Selangor,overall
2012-09-01,105.6,Selangor,overall
2012-10-01,105.7,Selangor,overall
2012-11-01,105.8,Selangor,overall
2012-12-01,105.8,Selangor,overall
2013-01-01,106.2,Selangor,overall
2013-02-01,106.3,Selangor,overall
2013-03-01,106.6,Selangor,overall
2013-04-01,106.7,Selangor,overall
2013-05-01,107.1,Selangor,overall
2013-06-01,107.2,Selangor,overall
2013-07-01,107.4,Selangor,overall
2013-08-01,107.5,Selangor,overall
2013-09-01,108.1,Selangor,overall
2013-10-01,108.5,Selangor,overall
2013-11-01,108.9,Selangor,overall
2013-12-01,109.1,Selangor,overall
2014-01-01,109.9,Selangor,overall
2014-02-01,110.2,Selangor,overall
2014-03-01,110.3,Selangor,overall
2014-04-01,110.3,Selangor,overall
2014-05-01,110.8,Selangor,overall
2014-06-01,111.0,Selangor,overall
2014-07-01,111.0,Selangor,overall
2014-08-01,111.2,Selangor,overall
2014-09-01,111.4,Selangor,overall
2014-10-01,112.2,Selangor,overall
2014-11-01,112.9,Selangor,overall
2014-12-01,112.7,Selangor,overall
2015-01-01,111.6,Selangor,overall
2015-02-01,110.9,Selangor,overall
2015-03-01,111.9,Selangor,overall
2015-04-01,113.5,Selangor,overall
2015-05-01,113.4,Selangor,overall
2015-06-01,114.2,Selangor,overall
2015-07-01,115.1,Selangor,overall
2015-08-01,115.1,Selangor,overall
2015-09-01,114.8,Selangor,overall
2015-10-01,115.3,Selangor,overall
2015-11-01,116.2,Selangor,overall
2015-12-01,116.2,Selangor,overall
2016-01-01,115.9,Selangor,overall
2016-02-01,115.9,Selangor,overall
2016-03-01,115.1,Selangor,overall
2016-04-01,115.6,Selangor,overall
2016-05-01,116.0,Selangor,overall
2016-06-01,116.2,Selangor,overall
2016-07-01,116.6,Selangor,overall
2016-08-01,117.1,Selangor,overall
2016-09-01,116.9,Selangor,overall
2016-10-01,117.2,Selangor,overall
2016-11-01,118.4,Selangor,overall
2016-12-01,118.4,Selangor,overall
2017-01-01,119.6,Selangor,overall
2017-02-01,121.5,Selangor,overall
2017-03-01,121.2,Selangor,overall
2017-04-01,121.0,Selangor,overall
2017-05-01,120.8,Selangor,overall
2017-06-01,120.5,Selangor,overall
2017-07-01,120.5,Selangor,overall
2017-08-01,121.8,Selangor,overall
2017-09-01,122.2,Selangor,overall
2017-10-01,122.1,Selangor,overall
2017-11-01,123.1,Selangor,overall
2017-12-01,123.3,Selangor,overall
2018-01-01,123.6,Selangor,overall
2018-02-01,123.8,Selangor,overall
2018-03-01,123.4,Selangor,overall
2018-04-01,123.3,Selangor,overall
2018-05-01,123.7,Selangor,overall
2018-06-01,122.0,Selangor,overall
2018-07-01,122.2,Selangor,overall
2018-08-01,122.4,Selangor,overall
2018-09-01,123.0,Selangor,overall
2018-10-01,123.3,Selangor,overall
2018-11-01,123.6,Selangor,overall
2018-12-01,123.6,Selangor,overall
2019-01-01,123.0,Selangor,overall
2019-02-01,123.5,Selangor,overall
2019-03-01,123.8,Selangor,overall
2019-04-01,123.8,Selangor,overall
2019-05-01,124.0,Selangor,overall
2019-06-01,124.1,Selangor,overall
2019-07-01,124.2,Selangor,overall
2019-08-01,124.6,Selangor,overall
2019-09-01,124.7,Selangor,overall
2019-10-01,124.9,Selangor,overall
2019-11-01,125.1,Selangor,overall
2019-12-01,125.3,Selangor,overall
2020-01-01,125.5,Selangor,overall
2020-02-01,125.5,Selangor,overall
2020-03-01,124.2,Selangor,overall
2020-04-01,121.0,Selangor,overall
2020-05-01,121.3,Selangor,overall
2020-06-01,122.5,Selangor,overall
2020-07-01,123.3,Selangor,overall
2020-08-01,123.6,Selangor,overall
2020-09-01,123.7,Selangor,overall
2020-10-01,123.8,Selangor,overall
2020-11-01,123.6,Selangor,overall
2020-12-01,124.2,Selangor,overall
2021-01-01,125.7,Selangor,overall
2021-02-01,126.0,Selangor,overall
2021-03-01,126.5,Selangor,overall
2021-04-01,126.6,Selangor,overall
2021-05-01,126.7,Selangor,overall
2021-06-01,126.8,Selangor,overall
2021-07-01,126.2,Selangor,overall
2021-08-01,126.2,Selangor,overall
2021-09-01,126.4,Selangor,overall
2021-10-01,127.6,Selangor,overall
2021-11-01,128.1,Selangor,overall
2021-12-01,128.7,Selangor,overall
2022-01-01,129.3,Selangor,overall
2022-02-01,129.6,Selangor,overall
2022-03-01,130.1,Selangor,overall
2022-04-01,130.5,Selangor,overall
2022-05-01,131.4,Selangor,overall
2022-06-01,132.2,Selangor,overall
2022-07-01,132.8,Selangor,overall
2022-08-01,133.2,Selangor,overall
2022-09-01,133.4,Selangor,overall
2022-10-01,133.8,Selangor,overall
2022-11-01,134.2,Selangor,overall
2022-12-01,134.5,Selangor,overall
2023-01-01,134.7,Selangor,overall
2023-02-01,135.2,Selangor,overall
2023-03-01,135.3,Selangor,overall
2023-04-01,135.4,Selangor,overall
2023-05-01,135.7,Selangor,overall
2023-06-01,135.8,Selangor,overall
2023-07-01,136.0,Selangor,overall
2023-08-01,136.2,Selangor,overall
2023-09-01,136.2,Selangor,overall
2023-10-01,136.4,Selangor,overall
2023-11-01,136.5,Selangor,overall
2023-12-01,136.8,Selangor,overall
2024-01-01,137.1,Selangor,overall
2024-02-01,138.0,Selangor,overall
2024-03-01,138.1,Selangor,overall
2024-04-01,138.4,Selangor,overall
2024-05-01,139.0,Selangor,overall
2024-06-01,139.0,Selangor,overall
2024-07-01,139.2,Selangor,overall
2024-08-01,139.3,Selangor,overall
2024-09-01,139.3,Selangor,overall
2024-10-01,139.5,Selangor,overall
2024-11-01,139.4,Selangor,overall
2024-12-01,139.5,Selangor,overall
2025-01-01,139.8,Selangor,overall
2025-02-01,140.6,Selangor,overall
2025-03-01,140.6,Selangor,overall
2025-04-01,140.8,Selangor,overall
2025-05-01,141.1,Selangor,overall
2025-06-01,141.2,Selangor,overall
2025-07-01,141.3,Selangor,overall
2025-08-01,141.4,Selangor,overall
2025-09-01,141.8,Selangor,overall
2025-10-01,141.7,Selangor,overall
2025-11-01,141.6,Selangor,overall
2025-12-01,141.9,Selangor,overall
2026-01-01,142.1,Selangor,overall
2026-02-01,142.4,Selangor,overall
2026-03-01,142.8,Selangor,overall
2026-04-01,143.6,Selangor,overall
2026-05-01,143.7,Selangor,overall
2026-06-01,143.8,Selangor,overall
2026-07-01,143.8,Selangor,overall
2010-01-01,99.2,Terengganu,overall
2010-02-01,99.1,Terengganu,overall
2010-03-01,99.1,Terengganu,overall
2010-04-01,99.2,Terengganu,overall
2010-05-01,99.5,Terengganu,overall
2010-06-01,99.9,Terengganu,overall
2010-07-01,100.0,Terengganu,overall
2010-08-01,100.4,Terengganu,overall
2010-09-01,100.5,Terengganu,overall
2010-10-01,100.4,Terengganu,overall
2010-11-01,101.0,Terengganu,overall
2010-12-01,101.6,Terengganu,overall
2011-01-01,102.3,Terengganu,overall
2011-02-01,102.5,Terengganu,overall
2011-03-01,102.5,Terengganu,overall
2011-04-01,103.1,Terengganu,overall
2011-05-01,103.3,Terengganu,overall
2011-06-01,103.8,Terengganu,overall
2011-07-01,104.1,Terengganu,overall
2011-08-01,104.3,Terengganu,overall
2011-09-01,104.4,Terengganu,overall
2011-10-01,104.5,Terengganu,overall
2011-11-01,104.4,Terengganu,overall
2011-12-01,104.6,Terengganu,overall
2012-01-01,104.9,Terengganu,overall
2012-02-01,104.6,Terengganu,overall
2012-03-01,104.5,Terengganu,overall
2012-04-01,104.4,Terengganu,overall
2012-05-01,104.8,Terengganu,overall
2012-06-01,105.2,Terengganu,overall
2012-07-01,105.2,Terengganu,overall
2012-08-01,105.1,Terengganu,overall
2012-09-01,104.9,Terengganu,overall
2012-10-01,105.0,Terengganu,overall
2012-11-01,105.2,Terengganu,overall
2012-12-01,105.4,Terengganu,overall
2013-01-01,106.2,Terengganu,overall
2013-02-01,106.1,Terengganu,overall
2013-03-01,106.1,Terengganu,overall
2013-04-01,106.1,Terengganu,overall
2013-05-01,106.5,Terengganu,overall
2013-06-01,106.7,Terengganu,overall
2013-07-01,106.9,Terengganu,overall
2013-08-01,106.8,Terengganu,overall
2013-09-01,107.6,Terengganu,overall
2013-10-01,107.9,Terengganu,overall
2013-11-01,108.2,Terengganu,overall
2013-12-01,108.7,Terengganu,overall
2014-01-01,109.1,Terengganu,overall
2014-02-01,109.2,Terengganu,overall
2014-03-01,109.3,Terengganu,overall
2014-04-01,109.2,Terengganu,overall
2014-05-01,109.4,Terengganu,overall
2014-06-01,109.7,Terengganu,overall
2014-07-01,110.0,Terengganu,overall
2014-08-01,109.9,Terengganu,overall
2014-09-01,109.8,Terengganu,overall
2014-10-01,110.5,Terengganu,overall
2014-11-01,110.8,Terengganu,overall
2014-12-01,110.8,Terengganu,overall
2015-01-01,109.6,Terengganu,overall
2015-02-01,108.5,Terengganu,overall
2015-03-01,109.4,Terengganu,overall
2015-04-01,110.7,Terengganu,overall
2015-05-01,111.2,Terengganu,overall
2015-06-01,111.8,Terengganu,overall
2015-07-01,113.1,Terengganu,overall
2015-08-01,112.4,Terengganu,overall
2015-09-01,112.1,Terengganu,overall
2015-10-01,112.5,Terengganu,overall
2015-11-01,112.9,Terengganu,overall
2015-12-01,112.9,Terengganu,overall
2016-01-01,112.8,Terengganu,overall
2016-02-01,112.6,Terengganu,overall
2016-03-01,111.8,Terengganu,overall
2016-04-01,112.1,Terengganu,overall
2016-05-01,112.5,Terengganu,overall
2016-06-01,113.0,Terengganu,overall
2016-07-01,113.5,Terengganu,overall
2016-08-01,113.5,Terengganu,overall
2016-09-01,113.1,Terengganu,overall
2016-10-01,113.2,Terengganu,overall
2016-11-01,114.1,Terengganu,overall
2016-12-01,114.2,Terengganu,overall
2017-01-01,115.6,Terengganu,overall
2017-02-01,116.9,Terengganu,overall
2017-03-01,116.5,Terengganu,overall
2017-04-01,115.9,Terengganu,overall
2017-05-01,115.7,Terengganu,overall
2017-06-01,115.6,Terengganu,overall
2017-07-01,115.8,Terengganu,overall
2017-08-01,116.6,Terengganu,overall
2017-09-01,116.8,Terengganu,overall
2017-10-01,116.7,Terengganu,overall
2017-11-01,117.5,Terengganu,overall
2017-12-01,117.8,Terengganu,overall
2018-01-01,118.2,Terengganu,overall
2018-02-01,118.1,Terengganu,overall
2018-03-01,117.4,Terengganu,overall
2018-04-01,117.1,Terengganu,overall
2018-05-01,117.3,Terengganu,overall
2018-06-01,116.1,Terengganu,overall
2018-07-01,116.2,Terengganu,overall
2018-08-01,116.2,Terengganu,overall
2018-09-01,116.3,Terengganu,overall
2018-10-01,116.5,Terengganu,overall
2018-11-01,117.0,Terengganu,overall
2018-12-01,117.1,Terengganu,overall
2019-01-01,116.4,Terengganu,overall
2019-02-01,116.5,Terengganu,overall
2019-03-01,116.6,Terengganu,overall
2019-04-01,116.6,Terengganu,overall
2019-05-01,117.0,Terengganu,overall
2019-06-01,117.2,Terengganu,overall
2019-07-01,117.2,Terengganu,overall
2019-08-01,117.4,Terengganu,overall
2019-09-01,117.3,Terengganu,overall
2019-10-01,117.4,Terengganu,overall
2019-11-01,117.3,Terengganu,overall
2019-12-01,117.7,Terengganu,overall
2020-01-01,117.8,Terengganu,overall
2020-02-01,117.8,Terengganu,overall
2020-03-01,115.9,Terengganu,overall
2020-04-01,112.5,Terengganu,overall
2020-05-01,112.8,Terengganu,overall
2020-06-01,114.7,Terengganu,overall
2020-07-01,115.8,Terengganu,overall
2020-08-01,115.9,Terengganu,overall
2020-09-01,115.7,Terengganu,overall
2020-10-01,115.7,Terengganu,overall
2020-11-01,115.5,Terengganu,overall
2020-12-01,116.5,Terengganu,overall
2021-01-01,118.2,Terengganu,overall
2021-02-01,118.8,Terengganu,overall
2021-03-01,119.2,Terengganu,overall
2021-04-01,119.6,Terengganu,overall
2021-05-01,119.8,Terengganu,overall
2021-06-01,119.8,Terengganu,overall
2021-07-01,119.0,Terengganu,overall
2021-08-01,118.9,Terengganu,overall
2021-09-01,119.3,Terengganu,overall
2021-10-01,120.2,Terengganu,overall
2021-11-01,120.5,Terengganu,overall
2021-12-01,121.0,Terengganu,overall
2022-01-01,121.4,Terengganu,overall
2022-02-01,121.7,Terengganu,overall
2022-03-01,122.1,Terengganu,overall
2022-04-01,122.3,Terengganu,overall
2022-05-01,122.8,Terengganu,overall
2022-06-01,123.5,Terengganu,overall
2022-07-01,123.7,Terengganu,overall
2022-08-01,123.6,Terengganu,overall
2022-09-01,123.8,Terengganu,overall
2022-10-01,124.1,Terengganu,overall
2022-11-01,124.5,Terengganu,overall
2022-12-01,124.5,Terengganu,overall
2023-01-01,124.7,Terengganu,overall
2023-02-01,125.0,Terengganu,overall
2023-03-01,125.1,Terengganu,overall
2023-04-01,125.2,Terengganu,overall
2023-05-01,125.2,Terengganu,overall
2023-06-01,125.4,Terengganu,overall
2023-07-01,125.6,Terengganu,overall
2023-08-01,125.5,Terengganu,overall
2023-09-01,125.6,Terengganu,overall
2023-10-01,125.7,Terengganu,overall
2023-11-01,125.6,Terengganu,overall
2023-12-01,126.0,Terengganu,overall
2024-01-01,126.1,Terengganu,overall
2024-02-01,126.8,Terengganu,overall
2024-03-01,126.9,Terengganu,overall
2024-04-01,126.9,Terengganu,overall
2024-05-01,127.2,Terengganu,overall
2024-06-01,127.4,Terengganu,overall
2024-07-01,127.6,Terengganu,overall
2024-08-01,127.6,Terengganu,overall
2024-09-01,127.5,Terengganu,overall
2024-10-01,127.6,Terengganu,overall
2024-11-01,127.6,Terengganu,overall
2024-12-01,128.0,Terengganu,overall
2025-01-01,128.3,Terengganu,overall
2025-02-01,128.4,Terengganu,overall
2025-03-01,128.4,Terengganu,overall
2025-04-01,128.6,Terengganu,overall
2025-05-01,128.6,Terengganu,overall
2025-06-01,128.7,Terengganu,overall
2025-07-01,128.6,Terengganu,overall
2025-08-01,129.5,Terengganu,overall
2025-09-01,129.7,Terengganu,overall
2025-10-01,129.4,Terengganu,overall
2025-11-01,129.1,Terengganu,overall
2025-12-01,129.8,Terengganu,overall
2026-01-01,129.9,Terengganu,overall
2026-02-01,130.4,Terengganu,overall
2026-03-01,130.6,Terengganu,overall
2026-04-01,131.0,Terengganu,overall
2026-05-01,131.1,Terengganu,overall
2026-06-01,131.1,Terengganu,overall
2026-07-01,130.9,Terengganu,overall
2010-01-01,99.4,W.P. Kuala Lumpur,overall
2010-02-01,99.4,W.P. Kuala Lumpur,overall
2010-03-01,99.4,W.P. Kuala Lumpur,overall
2010-04-01,99.5,W.P. Kuala Lumpur,overall
2010-05-01,99.7,W.P. Kuala Lumpur,overall
2010-06-01,99.9,W.P. Kuala Lumpur,overall
2010-07-01,100.1,W.P. Kuala Lumpur,overall
2010-08-01,100.3,W.P. Kuala Lumpur,overall
2010-09-01,100.4,W.P. Kuala Lumpur,overall
2010-10-01,100.5,W.P. Kuala Lumpur,overall
2010-11-01,100.6,W.P. Kuala Lumpur,overall
2010-12-01,100.9,W.P. Kuala Lumpur,overall
2011-01-01,101.6,W.P. Kuala Lumpur,overall
2011-02-01,101.9,W.P. Kuala Lumpur,overall
2011-03-01,102.0,W.P. Kuala Lumpur,overall
2011-04-01,102.2,W.P. Kuala Lumpur,overall
2011-05-01,102.4,W.P. Kuala Lumpur,overall
2011-06-01,102.6,W.P. Kuala Lumpur,overall
2011-07-01,102.8,W.P. Kuala Lumpur,overall
2011-08-01,102.9,W.P. Kuala Lumpur,overall
2011-09-01,103.1,W.P. Kuala Lumpur,overall
2011-10-01,103.4,W.P. Kuala Lumpur,overall
2011-11-01,103.5,W.P. Kuala Lumpur,overall
2011-12-01,103.5,W.P. Kuala Lumpur,overall
2012-01-01,103.8,W.P. Kuala Lumpur,overall
2012-02-01,104.0,W.P. Kuala Lumpur,overall
2012-03-01,103.9,W.P. Kuala Lumpur,overall
2012-04-01,103.8,W.P. Kuala Lumpur,overall
2012-05-01,104.0,W.P. Kuala Lumpur,overall
2012-06-01,104.0,W.P. Kuala Lumpur,overall
2012-07-01,104.1,W.P. Kuala Lumpur,overall
2012-08-01,104.1,W.P. Kuala Lumpur,overall
2012-09-01,104.3,W.P. Kuala Lumpur,overall
2012-10-01,104.4,W.P. Kuala Lumpur,overall
2012-11-01,104.5,W.P. Kuala Lumpur,overall
2012-12-01,104.5,W.P. Kuala Lumpur,overall
2013-01-01,104.7,W.P. Kuala Lumpur,overall
2013-02-01,104.9,W.P. Kuala Lumpur,overall
2013-03-01,104.9,W.P. Kuala Lumpur,overall
2013-04-01,105.0,W.P. Kuala Lumpur,overall
2013-05-01,105.2,W.P. Kuala Lumpur,overall
2013-06-01,105.3,W.P. Kuala Lumpur,overall
2013-07-01,105.4,W.P. Kuala Lumpur,overall
2013-08-01,105.6,W.P. Kuala Lumpur,overall
2013-09-01,106.6,W.P. Kuala Lumpur,overall
2013-10-01,106.8,W.P. Kuala Lumpur,overall
2013-11-01,107.1,W.P. Kuala Lumpur,overall
2013-12-01,107.5,W.P. Kuala Lumpur,overall
2014-01-01,108.0,W.P. Kuala Lumpur,overall
2014-02-01,108.5,W.P. Kuala Lumpur,overall
2014-03-01,108.7,W.P. Kuala Lumpur,overall
2014-04-01,108.8,W.P. Kuala Lumpur,overall
2014-05-01,108.9,W.P. Kuala Lumpur,overall
2014-06-01,109.1,W.P. Kuala Lumpur,overall
2014-07-01,109.2,W.P. Kuala Lumpur,overall
2014-08-01,109.6,W.P. Kuala Lumpur,overall
2014-09-01,109.7,W.P. Kuala Lumpur,overall
2014-10-01,110.2,W.P. Kuala Lumpur,overall
2014-11-01,110.8,W.P. Kuala Lumpur,overall
2014-12-01,110.6,W.P. Kuala Lumpur,overall
2015-01-01,109.7,W.P. Kuala Lumpur,overall
2015-02-01,109.3,W.P. Kuala Lumpur,overall
2015-03-01,110.4,W.P. Kuala Lumpur,overall
2015-04-01,111.6,W.P. Kuala Lumpur,overall
2015-05-01,111.9,W.P. Kuala Lumpur,overall
2015-06-01,112.6,W.P. Kuala Lumpur,overall
2015-07-01,113.4,W.P. Kuala Lumpur,overall
2015-08-01,113.5,W.P. Kuala Lumpur,overall
2015-09-01,113.3,W.P. Kuala Lumpur,overall
2015-10-01,113.8,W.P. Kuala Lumpur,overall
2015-11-01,114.4,W.P. Kuala Lumpur,overall
2015-12-01,114.5,W.P. Kuala Lumpur,overall
2016-01-01,114.2,W.P. Kuala Lumpur,overall
2016-02-01,114.6,W.P. Kuala Lumpur,overall
2016-03-01,114.1,W.P. Kuala Lumpur,overall
2016-04-01,114.5,W.P. Kuala Lumpur,overall
2016-05-01,114.9,W.P. Kuala Lumpur,overall
2016-06-01,114.9,W.P. Kuala Lumpur,overall
2016-07-01,115.1,W.P. Kuala Lumpur,overall
2016-08-01,116.3,W.P. Kuala Lumpur,overall
2016-09-01,116.1,W.P. Kuala Lumpur,overall
2016-10-01,116.3,W.P. Kuala Lumpur,overall
2016-11-01,117.5,W.P. Kuala Lumpur,overall
2016-12-01,117.4,W.P. Kuala Lumpur,overall
2017-01-01,118.3,W.P. Kuala Lumpur,overall
2017-02-01,120.0,W.P. Kuala Lumpur,overall
2017-03-01,119.7,W.P. Kuala Lumpur,overall
2017-04-01,119.5,W.P. Kuala Lumpur,overall
2017-05-01,119.6,W.P. Kuala Lumpur,overall
2017-06-01,119.2,W.P. Kuala Lumpur,overall
2017-07-01,119.1,W.P. Kuala Lumpur,overall
2017-08-01,120.1,W.P. Kuala Lumpur,overall
2017-09-01,120.4,W.P. Kuala Lumpur,overall
2017-10-01,120.4,W.P. Kuala Lumpur,overall
2017-11-01,120.8,W.P. Kuala Lumpur,overall
2017-12-01,120.9,W.P. Kuala Lumpur,overall
2018-01-01,121.5,W.P. Kuala Lumpur,overall
2018-02-01,121.7,W.P. Kuala Lumpur,overall
2018-03-01,121.4,W.P. Kuala Lumpur,overall
2018-04-01,121.8,W.P. Kuala Lumpur,overall
2018-05-01,122.2,W.P. Kuala Lumpur,overall
2018-06-01,120.3,W.P. Kuala Lumpur,overall
2018-07-01,120.4,W.P. Kuala Lumpur,overall
2018-08-01,120.7,W.P. Kuala Lumpur,overall
2018-09-01,121.5,W.P. Kuala Lumpur,overall
2018-10-01,122.0,W.P. Kuala Lumpur,overall
2018-11-01,122.3,W.P. Kuala Lumpur,overall
2018-12-01,122.1,W.P. Kuala Lumpur,overall
2019-01-01,121.7,W.P. Kuala Lumpur,overall
2019-02-01,122.1,W.P. Kuala Lumpur,overall
2019-03-01,122.5,W.P. Kuala Lumpur,overall
2019-04-01,122.7,W.P. Kuala Lumpur,overall
2019-05-01,122.8,W.P. Kuala Lumpur,overall
2019-06-01,122.9,W.P. Kuala Lumpur,overall
2019-07-01,123.1,W.P. Kuala Lumpur,overall
2019-08-01,123.6,W.P. Kuala Lumpur,overall
2019-09-01,123.6,W.P. Kuala Lumpur,overall
2019-10-01,123.6,W.P. Kuala Lumpur,overall
2019-11-01,124.0,W.P. Kuala Lumpur,overall
2019-12-01,123.9,W.P. Kuala Lumpur,overall
2020-01-01,123.9,W.P. Kuala Lumpur,overall
2020-02-01,123.9,W.P. Kuala Lumpur,overall
2020-03-01,122.8,W.P. Kuala Lumpur,overall
2020-04-01,120.3,W.P. Kuala Lumpur,overall
2020-05-01,120.5,W.P. Kuala Lumpur,overall
2020-06-01,121.3,W.P. Kuala Lumpur,overall
2020-07-01,121.9,W.P. Kuala Lumpur,overall
2020-08-01,122.5,W.P. Kuala Lumpur,overall
2020-09-01,122.6,W.P. Kuala Lumpur,overall
2020-10-01,122.6,W.P. Kuala Lumpur,overall
2020-11-01,122.5,W.P. Kuala Lumpur,overall
2020-12-01,122.8,W.P. Kuala Lumpur,overall
2021-01-01,124.0,W.P. Kuala Lumpur,overall
2021-02-01,124.2,W.P. Kuala Lumpur,overall
2021-03-01,124.7,W.P. Kuala Lumpur,overall
2021-04-01,124.9,W.P. Kuala Lumpur,overall
2021-05-01,124.9,W.P. Kuala Lumpur,overall
2021-06-01,124.9,W.P. Kuala Lumpur,overall
2021-07-01,124.3,W.P. Kuala Lumpur,overall
2021-08-01,124.4,W.P. Kuala Lumpur,overall
2021-09-01,124.5,W.P. Kuala Lumpur,overall
2021-10-01,125.0,W.P. Kuala Lumpur,overall
2021-11-01,125.4,W.P. Kuala Lumpur,overall
2021-12-01,125.6,W.P. Kuala Lumpur,overall
2022-01-01,126.2,W.P. Kuala Lumpur,overall
2022-02-01,126.5,W.P. Kuala Lumpur,overall
2022-03-01,126.9,W.P. Kuala Lumpur,overall
2022-04-01,127.1,W.P. Kuala Lumpur,overall
2022-05-01,127.9,W.P. Kuala Lumpur,overall
2022-06-01,128.8,W.P. Kuala Lumpur,overall
2022-07-01,129.0,W.P. Kuala Lumpur,overall
2022-08-01,129.4,W.P. Kuala Lumpur,overall
2022-09-01,129.5,W.P. Kuala Lumpur,overall
2022-10-01,129.8,W.P. Kuala Lumpur,overall
2022-11-01,130.2,W.P. Kuala Lumpur,overall
2022-12-01,130.4,W.P. Kuala Lumpur,overall
2023-01-01,130.4,W.P. Kuala Lumpur,overall
2023-02-01,130.7,W.P. Kuala Lumpur,overall
2023-03-01,130.7,W.P. Kuala Lumpur,overall
2023-04-01,130.6,W.P. Kuala Lumpur,overall
2023-05-01,131.2,W.P. Kuala Lumpur,overall
2023-06-01,131.4,W.P. Kuala Lumpur,overall
2023-07-01,131.4,W.P. Kuala Lumpur,overall
2023-08-01,131.5,W.P. Kuala Lumpur,overall
2023-09-01,131.5,W.P. Kuala Lumpur,overall
2023-10-01,131.6,W.P. Kuala Lumpur,overall
2023-11-01,131.4,W.P. Kuala Lumpur,overall
2023-12-01,131.6,W.P. Kuala Lumpur,overall
2024-01-01,132.0,W.P. Kuala Lumpur,overall
2024-02-01,132.4,W.P. Kuala Lumpur,overall
2024-03-01,132.2,W.P. Kuala Lumpur,overall
2024-04-01,132.4,W.P. Kuala Lumpur,overall
2024-05-01,132.5,W.P. Kuala Lumpur,overall
2024-06-01,132.9,W.P. Kuala Lumpur,overall
2024-07-01,133.4,W.P. Kuala Lumpur,overall
2024-08-01,133.6,W.P. Kuala Lumpur,overall
2024-09-01,133.6,W.P. Kuala Lumpur,overall
2024-10-01,133.5,W.P. Kuala Lumpur,overall
2024-11-01,133.3,W.P. Kuala Lumpur,overall
2024-12-01,133.6,W.P. Kuala Lumpur,overall
2025-01-01,133.6,W.P. Kuala Lumpur,overall
2025-02-01,133.9,W.P. Kuala Lumpur,overall
2025-03-01,133.7,W.P. Kuala Lumpur,overall
2025-04-01,134.2,W.P. Kuala Lumpur,overall
2025-05-01,134.4,W.P. Kuala Lumpur,overall
2025-06-01,134.5,W.P. Kuala Lumpur,overall
2025-07-01,134.7,W.P. Kuala Lumpur,overall
2025-08-01,135.0,W.P. Kuala Lumpur,overall
2025-09-01,135.4,W.P. Kuala Lumpur,overall
2025-10-01,135.6,W.P. Kuala Lumpur,overall
2025-11-01,135.6,W.P. Kuala Lumpur,overall
2025-12-01,135.7,W.P. Kuala Lumpur,overall
2026-01-01,135.8,W.P. Kuala Lumpur,overall
2026-02-01,136.1,W.P. Kuala Lumpur,overall
2026-03-01,136.6,W.P. Kuala Lumpur,overall
2026-04-01,137.5,W.P. Kuala Lumpur,overall
2026-05-01,137.6,W.P. Kuala Lumpur,overall
2026-06-01,137.4,W.P. Kuala Lumpur,overall
2026-07-01,137.6,W.P. Kuala Lumpur,overall
2010-01-01,99.4,W.P. Labuan,overall
2010-02-01,99.6,W.P. Labuan,overall
2010-03-01,99.6,W.P. Labuan,overall
2010-04-01,99.8,W.P. Labuan,overall
2010-05-01,99.8,W.P. Labuan,overall
2010-06-01,99.8,W.P. Labuan,overall
2010-07-01,100.0,W.P. Labuan,overall
2010-08-01,100.2,W.P. Labuan,overall
2010-09-01,100.3,W.P. Labuan,overall
2010-10-01,100.5,W.P. Labuan,overall
2010-11-01,100.2,W.P. Labuan,overall
2010-12-01,100.6,W.P. Labuan,overall
2011-01-01,101.1,W.P. Labuan,overall
2011-02-01,101.3,W.P. Labuan,overall
2011-03-01,101.4,W.P. Labuan,overall
2011-04-01,101.6,W.P. Labuan,overall
2011-05-01,103.5,W.P. Labuan,overall
2011-06-01,103.5,W.P. Labuan,overall
2011-07-01,103.9,W.P. Labuan,overall
2011-08-01,104.2,W.P. Labuan,overall
2011-09-01,104.4,W.P. Labuan,overall
2011-10-01,104.9,W.P. Labuan,overall
2011-11-01,105.2,W.P. Labuan,overall
2011-12-01,105.2,W.P. Labuan,overall
2012-01-01,105.6,W.P. Labuan,overall
2012-02-01,106.0,W.P. Labuan,overall
2012-03-01,105.9,W.P. Labuan,overall
2012-04-01,106.0,W.P. Labuan,overall
2012-05-01,106.5,W.P. Labuan,overall
2012-06-01,106.6,W.P. Labuan,overall
2012-07-01,106.6,W.P. Labuan,overall
2012-08-01,106.8,W.P. Labuan,overall
2012-09-01,107.1,W.P. Labuan,overall
2012-10-01,107.0,W.P. Labuan,overall
2012-11-01,107.5,W.P. Labuan,overall
2012-12-01,107.6,W.P. Labuan,overall
2013-01-01,108.0,W.P. Labuan,overall
2013-02-01,107.9,W.P. Labuan,overall
2013-03-01,108.5,W.P. Labuan,overall
2013-04-01,108.5,W.P. Labuan,overall
2013-05-01,108.6,W.P. Labuan,overall
2013-06-01,108.7,W.P. Labuan,overall
2013-07-01,109.0,W.P. Labuan,overall
2013-08-01,109.0,W.P. Labuan,overall
2013-09-01,110.2,W.P. Labuan,overall
2013-10-01,110.3,W.P. Labuan,overall
2013-11-01,112.4,W.P. Labuan,overall
2013-12-01,112.4,W.P. Labuan,overall
2014-01-01,112.9,W.P. Labuan,overall
2014-02-01,113.1,W.P. Labuan,overall
2014-03-01,113.1,W.P. Labuan,overall
2014-04-01,112.9,W.P. Labuan,overall
2014-05-01,112.9,W.P. Labuan,overall
2014-06-01,112.8,W.P. Labuan,overall
2014-07-01,112.7,W.P. Labuan,overall
2014-08-01,112.9,W.P. Labuan,overall
2014-09-01,112.9,W.P. Labuan,overall
2014-10-01,114.0,W.P. Labuan,overall
2014-11-01,114.2,W.P. Labuan,overall
2014-12-01,113.9,W.P. Labuan,overall
2015-01-01,112.4,W.P. Labuan,overall
2015-02-01,112.3,W.P. Labuan,overall
2015-03-01,113.5,W.P. Labuan,overall
2015-04-01,113.8,W.P. Labuan,overall
2015-05-01,113.9,W.P. Labuan,overall
2015-06-01,114.5,W.P. Labuan,overall
2015-07-01,115.3,W.P. Labuan,overall
2015-08-01,116.5,W.P. Labuan,overall
2015-09-01,116.0,W.P. Labuan,overall
2015-10-01,116.5,W.P. Labuan,overall
2015-11-01,116.6,W.P. Labuan,overall
2015-12-01,116.2,W.P. Labuan,overall
2016-01-01,115.7,W.P. Labuan,overall
2016-02-01,114.9,W.P. Labuan,overall
2016-03-01,114.5,W.P. Labuan,overall
2016-04-01,114.6,W.P. Labuan,overall
2016-05-01,115.1,W.P. Labuan,overall
2016-06-01,115.1,W.P. Labuan,overall
2016-07-01,115.1,W.P. Labuan,overall
2016-08-01,115.3,W.P. Labuan,overall
2016-09-01,115.1,W.P. Labuan,overall
2016-10-01,115.4,W.P. Labuan,overall
2016-11-01,116.2,W.P. Labuan,overall
2016-12-01,115.9,W.P. Labuan,overall
2017-01-01,116.5,W.P. Labuan,overall
2017-02-01,117.7,W.P. Labuan,overall
2017-03-01,117.6,W.P. Labuan,overall
2017-04-01,117.5,W.P. Labuan,overall
2017-05-01,117.2,W.P. Labuan,overall
2017-06-01,116.8,W.P. Labuan,overall
2017-07-01,117.0,W.P. Labuan,overall
2017-08-01,117.7,W.P. Labuan,overall
2017-09-01,118.1,W.P. Labuan,overall
2017-10-01,118.0,W.P. Labuan,overall
2017-11-01,118.4,W.P. Labuan,overall
2017-12-01,118.3,W.P. Labuan,overall
2018-01-01,118.5,W.P. Labuan,overall
2018-02-01,118.1,W.P. Labuan,overall
2018-03-01,118.1,W.P. Labuan,overall
2018-04-01,118.0,W.P. Labuan,overall
2018-05-01,117.7,W.P. Labuan,overall
2018-06-01,117.2,W.P. Labuan,overall
2018-07-01,117.5,W.P. Labuan,overall
2018-08-01,117.2,W.P. Labuan,overall
2018-09-01,117.7,W.P. Labuan,overall
2018-10-01,118.0,W.P. Labuan,overall
2018-11-01,118.2,W.P. Labuan,overall
2018-12-01,118.1,W.P. Labuan,overall
2019-01-01,117.5,W.P. Labuan,overall
2019-02-01,117.7,W.P. Labuan,overall
2019-03-01,118.1,W.P. Labuan,overall
2019-04-01,118.3,W.P. Labuan,overall
2019-05-01,118.3,W.P. Labuan,overall
2019-06-01,118.3,W.P. Labuan,overall
2019-07-01,118.3,W.P. Labuan,overall
2019-08-01,118.5,W.P. Labuan,overall
2019-09-01,118.5,W.P. Labuan,overall
2019-10-01,118.5,W.P. Labuan,overall
2019-11-01,118.5,W.P. Labuan,overall
2019-12-01,118.5,W.P. Labuan,overall
2020-01-01,118.6,W.P. Labuan,overall
2020-02-01,118.5,W.P. Labuan,overall
2020-03-01,117.1,W.P. Labuan,overall
2020-04-01,113.8,W.P. Labuan,overall
2020-05-01,114.1,W.P. Labuan,overall
2020-06-01,115.1,W.P. Labuan,overall
2020-07-01,115.7,W.P. Labuan,overall
2020-08-01,115.9,W.P. Labuan,overall
2020-09-01,115.9,W.P. Labuan,overall
2020-10-01,115.8,W.P. Labuan,overall
2020-11-01,115.7,W.P. Labuan,overall
2020-12-01,116.3,W.P. Labuan,overall
2021-01-01,116.9,W.P. Labuan,overall
2021-02-01,117.3,W.P. Labuan,overall
2021-03-01,117.9,W.P. Labuan,overall
2021-04-01,118.0,W.P. Labuan,overall
2021-05-01,117.9,W.P. Labuan,overall
2021-06-01,118.1,W.P. Labuan,overall
2021-07-01,117.4,W.P. Labuan,overall
2021-08-01,117.4,W.P. Labuan,overall
2021-09-01,117.4,W.P. Labuan,overall
2021-10-01,118.3,W.P. Labuan,overall
2021-11-01,118.6,W.P. Labuan,overall
2021-12-01,118.8,W.P. Labuan,overall
2022-01-01,119.1,W.P. Labuan,overall
2022-02-01,119.3,W.P. Labuan,overall
2022-03-01,119.6,W.P. Labuan,overall
2022-04-01,119.9,W.P. Labuan,overall
2022-05-01,120.6,W.P. Labuan,overall
2022-06-01,121.0,W.P. Labuan,overall
2022-07-01,121.2,W.P. Labuan,overall
2022-08-01,121.0,W.P. Labuan,overall
2022-09-01,121.0,W.P. Labuan,overall
2022-10-01,121.1,W.P. Labuan,overall
2022-11-01,121.5,W.P. Labuan,overall
2022-12-01,121.5,W.P. Labuan,overall
2023-01-01,121.6,W.P. Labuan,overall
2023-02-01,122.1,W.P. Labuan,overall
2023-03-01,122.2,W.P. Labuan,overall
2023-04-01,122.3,W.P. Labuan,overall
2023-05-01,122.1,W.P. Labuan,overall
2023-06-01,122.4,W.P. Labuan,overall
2023-07-01,122.5,W.P. Labuan,overall
2023-08-01,122.8,W.P. Labuan,overall
2023-09-01,122.8,W.P. Labuan,overall
2023-10-01,122.9,W.P. Labuan,overall
2023-11-01,123.2,W.P. Labuan,overall
2023-12-01,123.3,W.P. Labuan,overall
2024-01-01,123.3,W.P. Labuan,overall
2024-02-01,123.3,W.P. Labuan,overall
2024-03-01,123.1,W.P. Labuan,overall
2024-04-01,123.0,W.P. Labuan,overall
2024-05-01,123.2,W.P. Labuan,overall
2024-06-01,123.6,W.P. Labuan,overall
2024-07-01,123.4,W.P. Labuan,overall
2024-08-01,123.4,W.P. Labuan,overall
2024-09-01,123.3,W.P. Labuan,overall
2024-10-01,123.4,W.P. Labuan,overall
2024-11-01,123.3,W.P. Labuan,overall
2024-12-01,123.2,W.P. Labuan,overall
2025-01-01,123.3,W.P. Labuan,overall
2025-02-01,123.6,W.P. Labuan,overall
2025-03-01,123.9,W.P. Labuan,overall
2025-04-01,123.7,W.P. Labuan,overall
2025-05-01,124.0,W.P. Labuan,overall
2025-06-01,124.1,W.P. Labuan,overall
2025-07-01,124.3,W.P. Labuan,overall
2025-08-01,124.4,W.P. Labuan,overall
2025-09-01,124.7,W.P. Labuan,overall
2025-10-01,124.8,W.P. Labuan,overall
2025-11-01,124.8,W.P. Labuan,overall
2025-12-01,125.4,W.P. Labuan,overall
2026-01-01,125.1,W.P. Labuan,overall
2026-02-01,126.2,W.P. Labuan,overall
2026-03-01,126.9,W.P. Labuan,overall
2026-04-01,127.1,W.P. Labuan,overall
2026-05-01,127.2,W.P. Labuan,overall
2026-06-01,127.0,W.P. Labuan,overall
2026-07-01,126.8,W.P. Labuan,overall
2010-01-01,99.7,W.P. Putrajaya,overall
2010-02-01,99.6,W.P. Putrajaya,overall
2010-03-01,99.6,W.P. Putrajaya,overall
2010-04-01,99.6,W.P. Putrajaya,overall
2010-05-01,99.6,W.P. Putrajaya,overall
2010-06-01,99.7,W.P. Putrajaya,overall
2010-07-01,99.9,W.P. Putrajaya,overall
2010-08-01,100.1,W.P. Putrajaya,overall
2010-09-01,100.4,W.P. Putrajaya,overall
2010-10-01,100.5,W.P. Putrajaya,overall
2010-11-01,100.6,W.P. Putrajaya,overall
2010-12-01,100.8,W.P. Putrajaya,overall
2011-01-01,101.8,W.P. Putrajaya,overall
2011-02-01,102.5,W.P. Putrajaya,overall
2011-03-01,102.6,W.P. Putrajaya,overall
2011-04-01,102.9,W.P. Putrajaya,overall
2011-05-01,103.1,W.P. Putrajaya,overall
2011-06-01,103.3,W.P. Putrajaya,overall
2011-07-01,103.3,W.P. Putrajaya,overall
2011-08-01,103.4,W.P. Putrajaya,overall
2011-09-01,103.8,W.P. Putrajaya,overall
2011-10-01,104.3,W.P. Putrajaya,overall
2011-11-01,104.3,W.P. Putrajaya,overall
2011-12-01,104.6,W.P. Putrajaya,overall
2012-01-01,104.8,W.P. Putrajaya,overall
2012-02-01,105.0,W.P. Putrajaya,overall
2012-03-01,105.0,W.P. Putrajaya,overall
2012-04-01,105.0,W.P. Putrajaya,overall
2012-05-01,105.1,W.P. Putrajaya,overall
2012-06-01,105.0,W.P. Putrajaya,overall
2012-07-01,104.9,W.P. Putrajaya,overall
2012-08-01,105.0,W.P. Putrajaya,overall
2012-09-01,105.2,W.P. Putrajaya,overall
2012-10-01,105.2,W.P. Putrajaya,overall
2012-11-01,105.3,W.P. Putrajaya,overall
2012-12-01,105.2,W.P. Putrajaya,overall
2013-01-01,105.4,W.P. Putrajaya,overall
2013-02-01,105.5,W.P. Putrajaya,overall
2013-03-01,106.0,W.P. Putrajaya,overall
2013-04-01,106.7,W.P. Putrajaya,overall
2013-05-01,106.5,W.P. Putrajaya,overall
2013-06-01,106.6,W.P. Putrajaya,overall
2013-07-01,106.7,W.P. Putrajaya,overall
2013-08-01,106.8,W.P. Putrajaya,overall
2013-09-01,108.1,W.P. Putrajaya,overall
2013-10-01,108.4,W.P. Putrajaya,overall
2013-11-01,108.6,W.P. Putrajaya,overall
2013-12-01,108.9,W.P. Putrajaya,overall
2014-01-01,109.3,W.P. Putrajaya,overall
2014-02-01,109.6,W.P. Putrajaya,overall
2014-03-01,109.7,W.P. Putrajaya,overall
2014-04-01,110.1,W.P. Putrajaya,overall
2014-05-01,110.3,W.P. Putrajaya,overall
2014-06-01,110.5,W.P. Putrajaya,overall
2014-07-01,110.4,W.P. Putrajaya,overall
2014-08-01,110.6,W.P. Putrajaya,overall
2014-09-01,110.7,W.P. Putrajaya,overall
2014-10-01,111.6,W.P. Putrajaya,overall
2014-11-01,112.1,W.P. Putrajaya,overall
2014-12-01,111.7,W.P. Putrajaya,overall
2015-01-01,110.0,W.P. Putrajaya,overall
2015-02-01,108.9,W.P. Putrajaya,overall
2015-03-01,110.4,W.P. Putrajaya,overall
2015-04-01,111.1,W.P. Putrajaya,overall
2015-05-01,111.8,W.P. Putrajaya,overall
2015-06-01,112.6,W.P. Putrajaya,overall
2015-07-01,114.4,W.P. Putrajaya,overall
2015-08-01,114.5,W.P. Putrajaya,overall
2015-09-01,114.1,W.P. Putrajaya,overall
2015-10-01,114.8,W.P. Putrajaya,overall
2015-11-01,115.7,W.P. Putrajaya,overall
2015-12-01,115.4,W.P. Putrajaya,overall
2016-01-01,115.4,W.P. Putrajaya,overall
2016-02-01,115.3,W.P. Putrajaya,overall
2016-03-01,114.7,W.P. Putrajaya,overall
2016-04-01,115.1,W.P. Putrajaya,overall
2016-05-01,115.0,W.P. Putrajaya,overall
2016-06-01,115.0,W.P. Putrajaya,overall
2016-07-01,115.4,W.P. Putrajaya,overall
2016-08-01,115.7,W.P. Putrajaya,overall
2016-09-01,115.4,W.P. Putrajaya,overall
2016-10-01,115.7,W.P. Putrajaya,overall
2016-11-01,116.3,W.P. Putrajaya,overall
2016-12-01,116.4,W.P. Putrajaya,overall
2017-01-01,117.8,W.P. Putrajaya,overall
2017-02-01,118.8,W.P. Putrajaya,overall
2017-03-01,118.6,W.P. Putrajaya,overall
2017-04-01,118.6,W.P. Putrajaya,overall
2017-05-01,118.3,W.P. Putrajaya,overall
2017-06-01,118.0,W.P. Putrajaya,overall
2017-07-01,118.0,W.P. Putrajaya,overall
2017-08-01,118.7,W.P. Putrajaya,overall
2017-09-01,119.2,W.P. Putrajaya,overall
2017-10-01,119.1,W.P. Putrajaya,overall
2017-11-01,119.6,W.P. Putrajaya,overall
2017-12-01,119.8,W.P. Putrajaya,overall
2018-01-01,119.8,W.P. Putrajaya,overall
2018-02-01,120.2,W.P. Putrajaya,overall
2018-03-01,120.0,W.P. Putrajaya,overall
2018-04-01,119.7,W.P. Putrajaya,overall
2018-05-01,119.8,W.P. Putrajaya,overall
2018-06-01,117.6,W.P. Putrajaya,overall
2018-07-01,117.8,W.P. Putrajaya,overall
2018-08-01,117.8,W.P. Putrajaya,overall
2018-09-01,118.4,W.P. Putrajaya,overall
2018-10-01,118.7,W.P. Putrajaya,overall
2018-11-01,119.0,W.P. Putrajaya,overall
2018-12-01,119.1,W.P. Putrajaya,overall
2019-01-01,119.3,W.P. Putrajaya,overall
2019-02-01,119.6,W.P. Putrajaya,overall
2019-03-01,120.1,W.P. Putrajaya,overall
2019-04-01,120.1,W.P. Putrajaya,overall
2019-05-01,120.2,W.P. Putrajaya,overall
2019-06-01,120.1,W.P. Putrajaya,overall
2019-07-01,120.5,W.P. Putrajaya,overall
2019-08-01,120.6,W.P. Putrajaya,overall
2019-09-01,120.6,W.P. Putrajaya,overall
2019-10-01,120.8,W.P. Putrajaya,overall
2019-11-01,120.9,W.P. Putrajaya,overall
2019-12-01,121.1,W.P. Putrajaya,overall
2020-01-01,121.5,W.P. Putrajaya,overall
2020-02-01,121.5,W.P. Putrajaya,overall
2020-03-01,120.5,W.P. Putrajaya,overall
2020-04-01,117.8,W.P. Putrajaya,overall
2020-05-01,116.3,W.P. Putrajaya,overall
2020-06-01,117.5,W.P. Putrajaya,overall
2020-07-01,120.5,W.P. Putrajaya,overall
2020-08-01,120.8,W.P. Putrajaya,overall
2020-09-01,120.8,W.P. Putrajaya,overall
2020-10-01,121.1,W.P. Putrajaya,overall
2020-11-01,120.7,W.P. Putrajaya,overall
2020-12-01,121.5,W.P. Putrajaya,overall
2021-01-01,122.8,W.P. Putrajaya,overall
2021-02-01,124.4,W.P. Putrajaya,overall
2021-03-01,124.6,W.P. Putrajaya,overall
2021-04-01,124.5,W.P. Putrajaya,overall
2021-05-01,124.5,W.P. Putrajaya,overall
2021-06-01,124.5,W.P. Putrajaya,overall
2021-07-01,124.3,W.P. Putrajaya,overall
2021-08-01,124.3,W.P. Putrajaya,overall
2021-09-01,125.1,W.P. Putrajaya,overall
2021-10-01,125.6,W.P. Putrajaya,overall
2021-11-01,125.8,W.P. Putrajaya,overall
2021-12-01,126.4,W.P. Putrajaya,overall
2022-01-01,128.2,W.P. Putrajaya,overall
2022-02-01,131.7,W.P. Putrajaya,overall
2022-03-01,132.1,W.P. Putrajaya,overall
2022-04-01,132.7,W.P. Putrajaya,overall
2022-05-01,133.9,W.P. Putrajaya,overall
2022-06-01,134.6,W.P. Putrajaya,overall
2022-07-01,135.2,W.P. Putrajaya,overall
2022-08-01,134.9,W.P. Putrajaya,overall
2022-09-01,135.2,W.P. Putrajaya,overall
2022-10-01,135.2,W.P. Putrajaya,overall
2022-11-01,135.8,W.P. Putrajaya,overall
2022-12-01,136.4,W.P. Putrajaya,overall
2023-01-01,135.8,W.P. Putrajaya,overall
2023-02-01,137.9,W.P. Putrajaya,overall
2023-03-01,138.0,W.P. Putrajaya,overall
2023-04-01,138.1,W.P. Putrajaya,overall
2023-05-01,138.1,W.P. Putrajaya,overall
2023-06-01,138.4,W.P. Putrajaya,overall
2023-07-01,138.7,W.P. Putrajaya,overall
2023-08-01,138.6,W.P. Putrajaya,overall
2023-09-01,138.7,W.P. Putrajaya,overall
2023-10-01,138.9,W.P. Putrajaya,overall
2023-11-01,138.9,W.P. Putrajaya,overall
2023-12-01,139.2,W.P. Putrajaya,overall
2024-01-01,139.5,W.P. Putrajaya,overall
2024-02-01,140.1,W.P. Putrajaya,overall
2024-03-01,140.0,W.P. Putrajaya,overall
2024-04-01,140.3,W.P. Putrajaya,overall
2024-05-01,140.3,W.P. Putrajaya,overall
2024-06-01,140.4,W.P. Putrajaya,overall
2024-07-01,140.3,W.P. Putrajaya,overall
2024-08-01,140.4,W.P. Putrajaya,overall
2024-09-01,140.4,W.P. Putrajaya,overall
2024-10-01,140.6,W.P. Putrajaya,overall
2024-11-01,140.4,W.P. Putrajaya,overall
2024-12-01,140.5,W.P. Putrajaya,overall
2025-01-01,140.5,W.P. Putrajaya,overall
2025-02-01,140.7,W.P. Putrajaya,overall
2025-03-01,141.0,W.P. Putrajaya,overall
2025-04-01,141.0,W.P. Putrajaya,overall
2025-05-01,141.0,W.P. Putrajaya,overall
2025-06-01,141.1,W.P. Putrajaya,overall
2025-07-01,141.4,W.P. Putrajaya,overall
2025-08-01,141.5,W.P. Putrajaya,overall
2025-09-01,141.8,W.P. Putrajaya,overall
2025-10-01,141.8,W.P. Putrajaya,overall
2025-11-01,141.7,W.P. Putrajaya,overall
2025-12-01,142.0,W.P. Putrajaya,overall
2026-01-01,142.1,W.P. Putrajaya,overall
2026-02-01,142.7,W.P. Putrajaya,overall
2026-03-01,143.3,W.P. Putrajaya,overall
2026-04-01,143.9,W.P. Putrajaya,overall
2026-05-01,144.1,W.P. Putrajaya,overall
2026-06-01,143.9,W.P. Putrajaya,overall
2026-07-01,144.0,W.P. Putrajaya,overall
2010-01-01,98.9,Johor,01
2010-02-01,98.9,Johor,01
2010-03-01,99.0,Johor,01
2010-04-01,99.1,Johor,01
2010-05-01,99.4,Johor,01
2010-06-01,100.1,Johor,01
2010-07-01,100.5,Johor,01
2010-08-01,100.7,Johor,01
2010-09-01,100.5,Johor,01
2010-10-01,100.5,Johor,01
2010-11-01,101.1,Johor,01
2010-12-01,101.2,Johor,01
2011-01-01,102.5,Johor,01
2011-02-01,104.1,Johor,01
2011-03-01,103.7,Johor,01
2011-04-01,103.8,Johor,01
2011-05-01,103.9,Johor,01
2011-06-01,105.5,Johor,01
2011-07-01,106.0,Johor,01
2011-08-01,105.7,Johor,01
2011-09-01,106.4,Johor,01
2011-10-01,107.4,Johor,01
2011-11-01,107.0,Johor,01
2011-12-01,107.6,Johor,01
2012-01-01,109.5,Johor,01
2012-02-01,107.5,Johor,01
2012-03-01,107.2,Johor,01
2012-04-01,106.9,Johor,01
2012-05-01,107.9,Johor,01
2012-06-01,108.5,Johor,01
2012-07-01,108.8,Johor,01
2012-08-01,109.1,Johor,01
2012-09-01,109.3,Johor,01
2012-10-01,109.4,Johor,01
2012-11-01,109.5,Johor,01
2012-12-01,110.0,Johor,01
2013-01-01,111.7,Johor,01
2013-02-01,112.2,Johor,01
2013-03-01,111.7,Johor,01
2013-04-01,111.4,Johor,01
2013-05-01,112.1,Johor,01
2013-06-01,112.5,Johor,01
2013-07-01,113.2,Johor,01
2013-08-01,113.5,Johor,01
2013-09-01,113.7,Johor,01
2013-10-01,113.8,Johor,01
2013-11-01,114.0,Johor,01
2013-12-01,115.6,Johor,01
2014-01-01,116.1,Johor,01
2014-02-01,116.0,Johor,01
2014-03-01,116.2,Johor,01
2014-04-01,116.2,Johor,01
2014-05-01,115.9,Johor,01
2014-06-01,116.7,Johor,01
2014-07-01,117.3,Johor,01
2014-08-01,117.5,Johor,01
2014-09-01,117.7,Johor,01
2014-10-01,117.2,Johor,01
2014-11-01,117.7,Johor,01
2014-12-01,118.2,Johor,01
2015-01-01,120.3,Johor,01
2015-02-01,119.7,Johor,01
2015-03-01,119.4,Johor,01
2015-04-01,120.6,Johor,01
2015-05-01,121.4,Johor,01
2015-06-01,122.3,Johor,01
2015-07-01,122.9,Johor,01
2015-08-01,123.9,Johor,01
2015-09-01,124.4,Johor,01
2015-10-01,124.2,Johor,01
2015-11-01,123.8,Johor,01
2015-12-01,125.1,Johor,01
2016-01-01,126.3,Johor,01
2016-02-01,127.1,Johor,01
2016-03-01,127.3,Johor,01
2016-04-01,127.2,Johor,01
2016-05-01,127.5,Johor,01
2016-06-01,128.5,Johor,01
2016-07-01,129.0,Johor,01
2016-08-01,129.6,Johor,01
2016-09-01,129.1,Johor,01
2016-10-01,128.3,Johor,01
2016-11-01,129.3,Johor,01
2016-12-01,130.5,Johor,01
2017-01-01,132.1,Johor,01
2017-02-01,133.2,Johor,01
2017-03-01,132.4,Johor,01
2017-04-01,132.8,Johor,01
2017-05-01,133.3,Johor,01
2017-06-01,134.5,Johor,01
2017-07-01,134.9,Johor,01
2017-08-01,135.5,Johor,01
2017-09-01,135.3,Johor,01
2017-10-01,134.9,Johor,01
2017-11-01,135.4,Johor,01
2017-12-01,136.4,Johor,01
2018-01-01,137.4,Johor,01
2018-02-01,138.0,Johor,01
2018-03-01,136.9,Johor,01
2018-04-01,136.2,Johor,01
2018-05-01,136.4,Johor,01
2018-06-01,135.3,Johor,01
2018-07-01,135.8,Johor,01
2018-08-01,136.0,Johor,01
2018-09-01,135.8,Johor,01
2018-10-01,136.2,Johor,01
2018-11-01,136.7,Johor,01
2018-12-01,137.0,Johor,01
2019-01-01,138.9,Johor,01
2019-02-01,139.1,Johor,01
2019-03-01,138.1,Johor,01
2019-04-01,137.8,Johor,01
2019-05-01,138.8,Johor,01
2019-06-01,138.9,Johor,01
2019-07-01,139.5,Johor,01
2019-08-01,139.3,Johor,01
2019-09-01,139.3,Johor,01
2019-10-01,139.6,Johor,01
2019-11-01,139.2,Johor,01
2019-12-01,140.4,Johor,01
2020-01-01,140.7,Johor,01
2020-02-01,140.9,Johor,01
2020-03-01,140.6,Johor,01
2020-04-01,140.2,Johor,01
2020-05-01,140.6,Johor,01
2020-06-01,141.7,Johor,01
2020-07-01,141.7,Johor,01
2020-08-01,141.6,Johor,01
2020-09-01,141.4,Johor,01
2020-10-01,141.5,Johor,01
2020-11-01,141.6,Johor,01
2020-12-01,141.8,Johor,01
2021-01-01,142.3,Johor,01
2021-02-01,142.6,Johor,01
2021-03-01,142.6,Johor,01
2021-04-01,143.2,Johor,01
2021-05-01,142.8,Johor,01
2021-06-01,143.3,Johor,01
2021-07-01,143.2,Johor,01
2021-08-01,143.2,Johor,01
2021-09-01,144.5,Johor,01
2021-10-01,144.6,Johor,01
2021-11-01,145.6,Johor,01
2021-12-01,147.1,Johor,01
2022-01-01,148.0,Johor,01
2022-02-01,147.9,Johor,01
2022-03-01,148.6,Johor,01
2022-04-01,149.2,Johor,01
2022-05-01,151.3,Johor,01
2022-06-01,153.7,Johor,01
2022-07-01,154.2,Johor,01
2022-08-01,154.4,Johor,01
2022-09-01,154.8,Johor,01
2022-10-01,155.1,Johor,01
2022-11-01,156.6,Johor,01
2022-12-01,157.2,Johor,01
2023-01-01,158.0,Johor,01
2023-02-01,159.0,Johor,01
2023-03-01,158.9,Johor,01
2023-04-01,158.3,Johor,01
2023-05-01,159.0,Johor,01
2023-06-01,159.0,Johor,01
2023-07-01,159.5,Johor,01
2023-08-01,159.6,Johor,01
2023-09-01,159.7,Johor,01
2023-10-01,159.7,Johor,01
2023-11-01,159.2,Johor,01
2023-12-01,160.1,Johor,01
2024-01-01,160.9,Johor,01
2024-02-01,161.0,Johor,01
2024-03-01,160.7,Johor,01
2024-04-01,160.3,Johor,01
2024-05-01,161.0,Johor,01
2024-06-01,161.8,Johor,01
2024-07-01,161.5,Johor,01
2024-08-01,161.7,Johor,01
2024-09-01,162.0,Johor,01
2024-10-01,163.6,Johor,01
2024-11-01,163.8,Johor,01
2024-12-01,164.9,Johor,01
2025-01-01,165.1,Johor,01
2025-02-01,165.6,Johor,01
2025-03-01,165.3,Johor,01
2025-04-01,165.1,Johor,01
2025-05-01,164.8,Johor,01
2025-06-01,165.3,Johor,01
2025-07-01,164.9,Johor,01
2025-08-01,165.4,Johor,01
2025-09-01,165.5,Johor,01
2025-10-01,166.7,Johor,01
2025-11-01,167.0,Johor,01
2025-12-01,168.7,Johor,01
2026-01-01,169.2,Johor,01
2026-02-01,169.1,Johor,01
2026-03-01,168.5,Johor,01
2026-04-01,168.8,Johor,01
2026-05-01,169.3,Johor,01
2026-06-01,169.9,Johor,01
2026-07-01,170.4,Johor,01
2010-01-01,99.8,Kedah,01
2010-02-01,99.3,Kedah,01
2010-03-01,99.0,Kedah,01
2010-04-01,99.0,Kedah,01
2010-05-01,99.4,Kedah,01
2010-06-01,99.8,Kedah,01
2010-07-01,100.2,Kedah,01
2010-08-01,100.5,Kedah,01
2010-09-01,100.1,Kedah,01
2010-10-01,100.5,Kedah,01
2010-11-01,101.2,Kedah,01
2010-12-01,101.1,Kedah,01
2011-01-01,102.3,Kedah,01
2011-02-01,103.0,Kedah,01
2011-03-01,103.1,Kedah,01
2011-04-01,103.1,Kedah,01
2011-05-01,103.2,Kedah,01
2011-06-01,103.6,Kedah,01
2011-07-01,104.0,Kedah,01
2011-08-01,103.9,Kedah,01
2011-09-01,104.6,Kedah,01
2011-10-01,105.3,Kedah,01
2011-11-01,105.4,Kedah,01
2011-12-01,105.7,Kedah,01
2012-01-01,106.6,Kedah,01
2012-02-01,106.0,Kedah,01
2012-03-01,105.4,Kedah,01
2012-04-01,105.4,Kedah,01
2012-05-01,106.4,Kedah,01
2012-06-01,107.0,Kedah,01
2012-07-01,107.1,Kedah,01
2012-08-01,107.3,Kedah,01
2012-09-01,107.5,Kedah,01
2012-10-01,108.3,Kedah,01
2012-11-01,108.0,Kedah,01
2012-12-01,108.3,Kedah,01
2013-01-01,109.9,Kedah,01
2013-02-01,109.9,Kedah,01
2013-03-01,109.8,Kedah,01
2013-04-01,110.2,Kedah,01
2013-05-01,110.7,Kedah,01
2013-06-01,110.8,Kedah,01
2013-07-01,111.7,Kedah,01
2013-08-01,111.5,Kedah,01
2013-09-01,111.9,Kedah,01
2013-10-01,112.3,Kedah,01
2013-11-01,112.3,Kedah,01
2013-12-01,113.5,Kedah,01
2014-01-01,114.4,Kedah,01
2014-02-01,114.6,Kedah,01
2014-03-01,114.8,Kedah,01
2014-04-01,114.6,Kedah,01
2014-05-01,114.1,Kedah,01
2014-06-01,114.8,Kedah,01
2014-07-01,115.3,Kedah,01
2014-08-01,115.1,Kedah,01
2014-09-01,115.6,Kedah,01
2014-10-01,115.3,Kedah,01
2014-11-01,115.4,Kedah,01
2014-12-01,116.0,Kedah,01
2015-01-01,117.0,Kedah,01
2015-02-01,116.5,Kedah,01
2015-03-01,116.4,Kedah,01
2015-04-01,116.4,Kedah,01
2015-05-01,117.1,Kedah,01
2015-06-01,117.1,Kedah,01
2015-07-01,118.3,Kedah,01
2015-08-01,118.6,Kedah,01
2015-09-01,119.5,Kedah,01
2015-10-01,119.6,Kedah,01
2015-11-01,119.3,Kedah,01
2015-12-01,119.9,Kedah,01
2016-01-01,120.7,Kedah,01
2016-02-01,121.1,Kedah,01
2016-03-01,121.3,Kedah,01
2016-04-01,120.8,Kedah,01
2016-05-01,121.1,Kedah,01
2016-06-01,121.8,Kedah,01
2016-07-01,122.3,Kedah,01
2016-08-01,122.7,Kedah,01
2016-09-01,122.2,Kedah,01
2016-10-01,121.9,Kedah,01
2016-11-01,122.4,Kedah,01
2016-12-01,123.7,Kedah,01
2017-01-01,125.4,Kedah,01
2017-02-01,126.5,Kedah,01
2017-03-01,126.0,Kedah,01
2017-04-01,125.8,Kedah,01
2017-05-01,126.3,Kedah,01
2017-06-01,127.0,Kedah,01
2017-07-01,127.1,Kedah,01
2017-08-01,127.8,Kedah,01
2017-09-01,127.8,Kedah,01
2017-10-01,127.3,Kedah,01
2017-11-01,127.7,Kedah,01
2017-12-01,128.2,Kedah,01
2018-01-01,120.3,Kedah,01
2018-02-01,120.4,Kedah,01
2018-03-01,119.7,Kedah,01
2018-04-01,127.9,Kedah,01
2018-05-01,127.6,Kedah,01
2018-06-01,126.9,Kedah,01
2018-07-01,126.8,Kedah,01
2018-08-01,127.1,Kedah,01
2018-09-01,126.8,Kedah,01
2018-10-01,127.4,Kedah,01
2018-11-01,126.9,Kedah,01
2018-12-01,127.6,Kedah,01
2019-01-01,128.7,Kedah,01
2019-02-01,128.9,Kedah,01
2019-03-01,128.6,Kedah,01
2019-04-01,128.1,Kedah,01
2019-05-01,128.3,Kedah,01
2019-06-01,128.5,Kedah,01
2019-07-01,128.6,Kedah,01
2019-08-01,129.3,Kedah,01
2019-09-01,129.1,Kedah,01
2019-10-01,129.1,Kedah,01
2019-11-01,129.0,Kedah,01
2019-12-01,129.2,Kedah,01
2020-01-01,129.3,Kedah,01
2020-02-01,129.3,Kedah,01
2020-03-01,129.3,Kedah,01
2020-04-01,128.7,Kedah,01
2020-05-01,129.5,Kedah,01
2020-06-01,130.1,Kedah,01
2020-07-01,130.1,Kedah,01
2020-08-01,130.0,Kedah,01
2020-09-01,129.8,Kedah,01
2020-10-01,129.8,Kedah,01
2020-11-01,129.8,Kedah,01
2020-12-01,130.1,Kedah,01
2021-01-01,130.3,Kedah,01
2021-02-01,130.3,Kedah,01
2021-03-01,130.3,Kedah,01
2021-04-01,130.9,Kedah,01
2021-05-01,130.9,Kedah,01
2021-06-01,130.9,Kedah,01
2021-07-01,130.9,Kedah,01
2021-08-01,131.1,Kedah,01
2021-09-01,131.5,Kedah,01
2021-10-01,131.7,Kedah,01
2021-11-01,132.5,Kedah,01
2021-12-01,133.9,Kedah,01
2022-01-01,134.2,Kedah,01
2022-02-01,134.4,Kedah,01
2022-03-01,134.6,Kedah,01
2022-04-01,134.8,Kedah,01
2022-05-01,135.4,Kedah,01
2022-06-01,136.1,Kedah,01
2022-07-01,136.6,Kedah,01
2022-08-01,136.6,Kedah,01
2022-09-01,136.8,Kedah,01
2022-10-01,137.3,Kedah,01
2022-11-01,138.0,Kedah,01
2022-12-01,138.4,Kedah,01
2023-01-01,139.1,Kedah,01
2023-02-01,139.4,Kedah,01
2023-03-01,139.5,Kedah,01
2023-04-01,139.3,Kedah,01
2023-05-01,139.8,Kedah,01
2023-06-01,140.2,Kedah,01
2023-07-01,140.4,Kedah,01
2023-08-01,140.3,Kedah,01
2023-09-01,140.4,Kedah,01
2023-10-01,140.5,Kedah,01
2023-11-01,140.5,Kedah,01
2023-12-01,140.9,Kedah,01
2024-01-01,141.4,Kedah,01
2024-02-01,140.6,Kedah,01
2024-03-01,140.6,Kedah,01
2024-04-01,140.2,Kedah,01
2024-05-01,140.7,Kedah,01
2024-06-01,140.9,Kedah,01
2024-07-01,140.6,Kedah,01
2024-08-01,140.7,Kedah,01
2024-09-01,140.6,Kedah,01
2024-10-01,141.6,Kedah,01
2024-11-01,141.7,Kedah,01
2024-12-01,141.8,Kedah,01
2025-01-01,141.9,Kedah,01
2025-02-01,141.8,Kedah,01
2025-03-01,141.7,Kedah,01
2025-04-01,141.9,Kedah,01
2025-05-01,141.7,Kedah,01
2025-06-01,142.1,Kedah,01
2025-07-01,141.8,Kedah,01
2025-08-01,141.8,Kedah,01
2025-09-01,142.3,Kedah,01
2025-10-01,142.5,Kedah,01
2025-11-01,142.6,Kedah,01
2025-12-01,143.7,Kedah,01
2026-01-01,143.9,Kedah,01
2026-02-01,144.0,Kedah,01
2026-03-01,143.7,Kedah,01
2026-04-01,143.6,Kedah,01
2026-05-01,144.1,Kedah,01
2026-06-01,144.3,Kedah,01
2026-07-01,144.3,Kedah,01
2010-01-01,98.9,Kelantan,01
2010-02-01,98.5,Kelantan,01
2010-03-01,98.6,Kelantan,01
2010-04-01,98.8,Kelantan,01
2010-05-01,99.2,Kelantan,01
2010-06-01,100.0,Kelantan,01
2010-07-01,100.2,Kelantan,01
2010-08-01,100.7,Kelantan,01
2010-09-01,101.0,Kelantan,01
2010-10-01,100.6,Kelantan,01
2010-11-01,101.6,Kelantan,01
2010-12-01,102.0,Kelantan,01
2011-01-01,103.6,Kelantan,01
2011-02-01,103.9,Kelantan,01
2011-03-01,104.3,Kelantan,01
2011-04-01,105.1,Kelantan,01
2011-05-01,105.6,Kelantan,01
2011-06-01,106.3,Kelantan,01
2011-07-01,106.7,Kelantan,01
2011-08-01,107.0,Kelantan,01
2011-09-01,107.1,Kelantan,01
2011-10-01,107.3,Kelantan,01
2011-11-01,107.1,Kelantan,01
2011-12-01,108.0,Kelantan,01
2012-01-01,109.1,Kelantan,01
2012-02-01,107.8,Kelantan,01
2012-03-01,107.6,Kelantan,01
2012-04-01,107.3,Kelantan,01
2012-05-01,108.1,Kelantan,01
2012-06-01,109.4,Kelantan,01
2012-07-01,109.2,Kelantan,01
2012-08-01,109.7,Kelantan,01
2012-09-01,108.8,Kelantan,01
2012-10-01,108.7,Kelantan,01
2012-11-01,108.7,Kelantan,01
2012-12-01,109.0,Kelantan,01
2013-01-01,110.4,Kelantan,01
2013-02-01,110.7,Kelantan,01
2013-03-01,110.4,Kelantan,01
2013-04-01,110.7,Kelantan,01
2013-05-01,111.4,Kelantan,01
2013-06-01,112.8,Kelantan,01
2013-07-01,113.9,Kelantan,01
2013-08-01,113.6,Kelantan,01
2013-09-01,113.2,Kelantan,01
2013-10-01,113.2,Kelantan,01
2013-11-01,113.6,Kelantan,01
2013-12-01,115.0,Kelantan,01
2014-01-01,115.7,Kelantan,01
2014-02-01,115.3,Kelantan,01
2014-03-01,115.4,Kelantan,01
2014-04-01,115.2,Kelantan,01
2014-05-01,115.6,Kelantan,01
2014-06-01,116.3,Kelantan,01
2014-07-01,117.8,Kelantan,01
2014-08-01,117.6,Kelantan,01
2014-09-01,117.4,Kelantan,01
2014-10-01,117.2,Kelantan,01
2014-11-01,117.0,Kelantan,01
2014-12-01,118.3,Kelantan,01
2015-01-01,119.2,Kelantan,01
2015-02-01,118.9,Kelantan,01
2015-03-01,117.9,Kelantan,01
2015-04-01,118.7,Kelantan,01
2015-05-01,119.7,Kelantan,01
2015-06-01,120.0,Kelantan,01
2015-07-01,122.0,Kelantan,01
2015-08-01,121.3,Kelantan,01
2015-09-01,121.2,Kelantan,01
2015-10-01,121.0,Kelantan,01
2015-11-01,120.9,Kelantan,01
2015-12-01,121.5,Kelantan,01
2016-01-01,122.5,Kelantan,01
2016-02-01,123.3,Kelantan,01
2016-03-01,122.6,Kelantan,01
2016-04-01,122.1,Kelantan,01
2016-05-01,122.9,Kelantan,01
2016-06-01,124.7,Kelantan,01
2016-07-01,125.3,Kelantan,01
2016-08-01,124.9,Kelantan,01
2016-09-01,124.5,Kelantan,01
2016-10-01,123.3,Kelantan,01
2016-11-01,124.5,Kelantan,01
2016-12-01,125.4,Kelantan,01
2017-01-01,126.9,Kelantan,01
2017-02-01,127.5,Kelantan,01
2017-03-01,126.8,Kelantan,01
2017-04-01,126.2,Kelantan,01
2017-05-01,127.3,Kelantan,01
2017-06-01,128.4,Kelantan,01
2017-07-01,128.7,Kelantan,01
2017-08-01,129.3,Kelantan,01
2017-09-01,128.7,Kelantan,01
2017-10-01,128.4,Kelantan,01
2017-11-01,128.6,Kelantan,01
2017-12-01,129.7,Kelantan,01
2018-01-01,130.4,Kelantan,01
2018-02-01,130.4,Kelantan,01
2018-03-01,129.5,Kelantan,01
2018-04-01,128.9,Kelantan,01
2018-05-01,129.3,Kelantan,01
2018-06-01,128.9,Kelantan,01
2018-07-01,129.1,Kelantan,01
2018-08-01,129.0,Kelantan,01
2018-09-01,128.6,Kelantan,01
2018-10-01,128.5,Kelantan,01
2018-11-01,129.2,Kelantan,01
2018-12-01,130.2,Kelantan,01
2019-01-01,131.5,Kelantan,01
2019-02-01,131.0,Kelantan,01
2019-03-01,129.6,Kelantan,01
2019-04-01,129.3,Kelantan,01
2019-05-01,130.8,Kelantan,01
2019-06-01,131.1,Kelantan,01
2019-07-01,130.9,Kelantan,01
2019-08-01,131.4,Kelantan,01
2019-09-01,130.5,Kelantan,01
2019-10-01,130.3,Kelantan,01
2019-11-01,130.1,Kelantan,01
2019-12-01,131.2,Kelantan,01
2020-01-01,131.4,Kelantan,01
2020-02-01,131.2,Kelantan,01
2020-03-01,131.1,Kelantan,01
2020-04-01,130.7,Kelantan,01
2020-05-01,131.0,Kelantan,01
2020-06-01,132.1,Kelantan,01
2020-07-01,132.4,Kelantan,01
2020-08-01,132.2,Kelantan,01
2020-09-01,132.0,Kelantan,01
2020-10-01,132.0,Kelantan,01
2020-11-01,132.1,Kelantan,01
2020-12-01,133.3,Kelantan,01
2021-01-01,133.8,Kelantan,01
2021-02-01,133.8,Kelantan,01
2021-03-01,133.4,Kelantan,01
2021-04-01,134.1,Kelantan,01
2021-05-01,134.4,Kelantan,01
2021-06-01,134.4,Kelantan,01
2021-07-01,134.1,Kelantan,01
2021-08-01,134.1,Kelantan,01
2021-09-01,134.8,Kelantan,01
2021-10-01,135.2,Kelantan,01
2021-11-01,135.7,Kelantan,01
2021-12-01,137.3,Kelantan,01
2022-01-01,137.7,Kelantan,01
2022-02-01,137.9,Kelantan,01
2022-03-01,138.4,Kelantan,01
2022-04-01,138.8,Kelantan,01
2022-05-01,140.0,Kelantan,01
2022-06-01,141.4,Kelantan,01
2022-07-01,141.5,Kelantan,01
2022-08-01,141.2,Kelantan,01
2022-09-01,141.8,Kelantan,01
2022-10-01,142.3,Kelantan,01
2022-11-01,143.0,Kelantan,01
2022-12-01,143.6,Kelantan,01
2023-01-01,144.2,Kelantan,01
2023-02-01,144.7,Kelantan,01
2023-03-01,145.0,Kelantan,01
2023-04-01,144.8,Kelantan,01
2023-05-01,145.0,Kelantan,01
2023-06-01,145.3,Kelantan,01
2023-07-01,145.6,Kelantan,01
2023-08-01,145.5,Kelantan,01
2023-09-01,145.4,Kelantan,01
2023-10-01,145.5,Kelantan,01
2023-11-01,144.8,Kelantan,01
2023-12-01,145.7,Kelantan,01
2024-01-01,146.1,Kelantan,01
2024-02-01,146.5,Kelantan,01
2024-03-01,146.2,Kelantan,01
2024-04-01,146.3,Kelantan,01
2024-05-01,146.4,Kelantan,01
2024-06-01,146.7,Kelantan,01
2024-07-01,146.2,Kelantan,01
2024-08-01,145.8,Kelantan,01
2024-09-01,145.8,Kelantan,01
2024-10-01,146.7,Kelantan,01
2024-11-01,146.2,Kelantan,01
2024-12-01,146.5,Kelantan,01
2025-01-01,146.8,Kelantan,01
2025-02-01,147.0,Kelantan,01
2025-03-01,147.0,Kelantan,01
2025-04-01,146.8,Kelantan,01
2025-05-01,146.6,Kelantan,01
2025-06-01,146.6,Kelantan,01
2025-07-01,146.0,Kelantan,01
2025-08-01,146.0,Kelantan,01
2025-09-01,146.2,Kelantan,01
2025-10-01,145.8,Kelantan,01
2025-11-01,145.8,Kelantan,01
2025-12-01,146.1,Kelantan,01
2026-01-01,146.4,Kelantan,01
2026-02-01,145.9,Kelantan,01
2026-03-01,145.9,Kelantan,01
2026-04-01,144.9,Kelantan,01
2026-05-01,145.1,Kelantan,01
2026-06-01,145.6,Kelantan,01
2026-07-01,146.0,Kelantan,01
2010-01-01,99.0,Melaka,01
2010-02-01,98.9,Melaka,01
2010-03-01,98.9,Melaka,01
2010-04-01,98.9,Melaka,01
2010-05-01,99.4,Melaka,01
2010-06-01,99.8,Melaka,01
2010-07-01,100.6,Melaka,01
2010-08-01,101.0,Melaka,01
2010-09-01,100.9,Melaka,01
2010-10-01,100.5,Melaka,01
2010-11-01,100.7,Melaka,01
2010-12-01,101.4,Melaka,01
2011-01-01,102.9,Melaka,01
2011-02-01,104.4,Melaka,01
2011-03-01,103.8,Melaka,01
2011-04-01,103.9,Melaka,01
2011-05-01,103.9,Melaka,01
2011-06-01,104.9,Melaka,01
2011-07-01,105.3,Melaka,01
2011-08-01,105.2,Melaka,01
2011-09-01,105.6,Melaka,01
2011-10-01,106.5,Melaka,01
2011-11-01,106.5,Melaka,01
2011-12-01,107.1,Melaka,01
2012-01-01,108.3,Melaka,01
2012-02-01,106.6,Melaka,01
2012-03-01,106.6,Melaka,01
2012-04-01,106.2,Melaka,01
2012-05-01,107.5,Melaka,01
2012-06-01,108.4,Melaka,01
2012-07-01,108.7,Melaka,01
2012-08-01,109.1,Melaka,01
2012-09-01,109.1,Melaka,01
2012-10-01,109.5,Melaka,01
2012-11-01,109.2,Melaka,01
2012-12-01,110.0,Melaka,01
2013-01-01,111.2,Melaka,01
2013-02-01,111.4,Melaka,01
2013-03-01,110.9,Melaka,01
2013-04-01,111.3,Melaka,01
2013-05-01,112.0,Melaka,01
2013-06-01,112.4,Melaka,01
2013-07-01,113.6,Melaka,01
2013-08-01,113.3,Melaka,01
2013-09-01,113.8,Melaka,01
2013-10-01,113.4,Melaka,01
2013-11-01,113.9,Melaka,01
2013-12-01,115.3,Melaka,01
2014-01-01,115.6,Melaka,01
2014-02-01,115.7,Melaka,01
2014-03-01,116.1,Melaka,01
2014-04-01,115.7,Melaka,01
2014-05-01,115.4,Melaka,01
2014-06-01,116.4,Melaka,01
2014-07-01,116.8,Melaka,01
2014-08-01,117.0,Melaka,01
2014-09-01,117.5,Melaka,01
2014-10-01,116.7,Melaka,01
2014-11-01,116.9,Melaka,01
2014-12-01,117.6,Melaka,01
2015-01-01,119.5,Melaka,01
2015-02-01,119.2,Melaka,01
2015-03-01,118.5,Melaka,01
2015-04-01,118.8,Melaka,01
2015-05-01,119.5,Melaka,01
2015-06-01,120.4,Melaka,01
2015-07-01,120.9,Melaka,01
2015-08-01,121.5,Melaka,01
2015-09-01,122.4,Melaka,01
2015-10-01,121.8,Melaka,01
2015-11-01,121.8,Melaka,01
2015-12-01,123.0,Melaka,01
2016-01-01,124.2,Melaka,01
2016-02-01,125.1,Melaka,01
2016-03-01,124.8,Melaka,01
2016-04-01,124.9,Melaka,01
2016-05-01,125.5,Melaka,01
2016-06-01,126.6,Melaka,01
2016-07-01,126.7,Melaka,01
2016-08-01,127.1,Melaka,01
2016-09-01,126.5,Melaka,01
2016-10-01,126.3,Melaka,01
2016-11-01,127.6,Melaka,01
2016-12-01,128.9,Melaka,01
2017-01-01,130.0,Melaka,01
2017-02-01,131.4,Melaka,01
2017-03-01,130.6,Melaka,01
2017-04-01,131.1,Melaka,01
2017-05-01,132.0,Melaka,01
2017-06-01,132.6,Melaka,01
2017-07-01,132.3,Melaka,01
2017-08-01,132.8,Melaka,01
2017-09-01,133.3,Melaka,01
2017-10-01,132.7,Melaka,01
2017-11-01,133.2,Melaka,01
2017-12-01,134.8,Melaka,01
2018-01-01,135.5,Melaka,01
2018-02-01,135.5,Melaka,01
2018-03-01,134.5,Melaka,01
2018-04-01,134.1,Melaka,01
2018-05-01,134.3,Melaka,01
2018-06-01,132.4,Melaka,01
2018-07-01,133.0,Melaka,01
2018-08-01,132.8,Melaka,01
2018-09-01,132.9,Melaka,01
2018-10-01,133.7,Melaka,01
2018-11-01,134.1,Melaka,01
2018-12-01,134.9,Melaka,01
2019-01-01,136.1,Melaka,01
2019-02-01,136.1,Melaka,01
2019-03-01,135.4,Melaka,01
2019-04-01,134.8,Melaka,01
2019-05-01,135.4,Melaka,01
2019-06-01,135.3,Melaka,01
2019-07-01,135.9,Melaka,01
2019-08-01,136.2,Melaka,01
2019-09-01,135.9,Melaka,01
2019-10-01,135.8,Melaka,01
2019-11-01,135.6,Melaka,01
2019-12-01,135.9,Melaka,01
2020-01-01,136.1,Melaka,01
2020-02-01,135.9,Melaka,01
2020-03-01,136.0,Melaka,01
2020-04-01,136.2,Melaka,01
2020-05-01,136.6,Melaka,01
2020-06-01,137.3,Melaka,01
2020-07-01,137.0,Melaka,01
2020-08-01,137.1,Melaka,01
2020-09-01,136.8,Melaka,01
2020-10-01,137.0,Melaka,01
2020-11-01,136.8,Melaka,01
2020-12-01,137.6,Melaka,01
2021-01-01,138.0,Melaka,01
2021-02-01,137.3,Melaka,01
2021-03-01,137.3,Melaka,01
2021-04-01,137.9,Melaka,01
2021-05-01,137.6,Melaka,01
2021-06-01,138.0,Melaka,01
2021-07-01,138.0,Melaka,01
2021-08-01,138.5,Melaka,01
2021-09-01,139.8,Melaka,01
2021-10-01,139.8,Melaka,01
2021-11-01,140.5,Melaka,01
2021-12-01,141.0,Melaka,01
2022-01-01,142.0,Melaka,01
2022-02-01,141.9,Melaka,01
2022-03-01,142.2,Melaka,01
2022-04-01,142.5,Melaka,01
2022-05-01,143.1,Melaka,01
2022-06-01,144.7,Melaka,01
2022-07-01,146.1,Melaka,01
2022-08-01,146.1,Melaka,01
2022-09-01,146.6,Melaka,01
2022-10-01,147.6,Melaka,01
2022-11-01,148.5,Melaka,01
2022-12-01,149.3,Melaka,01
2023-01-01,150.3,Melaka,01
2023-02-01,150.9,Melaka,01
2023-03-01,151.0,Melaka,01
2023-04-01,151.0,Melaka,01
2023-05-01,151.8,Melaka,01
2023-06-01,151.9,Melaka,01
2023-07-01,152.5,Melaka,01
2023-08-01,152.6,Melaka,01
2023-09-01,152.6,Melaka,01
2023-10-01,153.0,Melaka,01
2023-11-01,151.8,Melaka,01
2023-12-01,152.2,Melaka,01
2024-01-01,152.6,Melaka,01
2024-02-01,152.6,Melaka,01
2024-03-01,152.4,Melaka,01
2024-04-01,152.4,Melaka,01
2024-05-01,152.9,Melaka,01
2024-06-01,153.4,Melaka,01
2024-07-01,153.4,Melaka,01
2024-08-01,153.1,Melaka,01
2024-09-01,153.1,Melaka,01
2024-10-01,154.6,Melaka,01
2024-11-01,154.5,Melaka,01
2024-12-01,156.0,Melaka,01
2025-01-01,156.7,Melaka,01
2025-02-01,156.8,Melaka,01
2025-03-01,156.6,Melaka,01
2025-04-01,156.3,Melaka,01
2025-05-01,156.4,Melaka,01
2025-06-01,156.5,Melaka,01
2025-07-01,156.4,Melaka,01
2025-08-01,156.7,Melaka,01
2025-09-01,157.3,Melaka,01
2025-10-01,158.1,Melaka,01
2025-11-01,158.2,Melaka,01
2025-12-01,159.3,Melaka,01
2026-01-01,159.4,Melaka,01
2026-02-01,159.0,Melaka,01
2026-03-01,158.8,Melaka,01
2026-04-01,158.8,Melaka,01
2026-05-01,160.0,Melaka,01
2026-06-01,160.1,Melaka,01
2026-07-01,160.7,Melaka,01
2010-01-01,98.9,Negeri Sembilan,01
2010-02-01,98.6,Negeri Sembilan,01
2010-03-01,98.6,Negeri Sembilan,01
2010-04-01,98.8,Negeri Sembilan,01
2010-05-01,99.3,Negeri Sembilan,01
2010-06-01,100.0,Negeri Sembilan,01
2010-07-01,100.0,Negeri Sembilan,01
2010-08-01,100.5,Negeri Sembilan,01
2010-09-01,100.6,Negeri Sembilan,01
2010-10-01,100.9,Negeri Sembilan,01
2010-11-01,101.6,Negeri Sembilan,01
2010-12-01,102.1,Negeri Sembilan,01
2011-01-01,103.2,Negeri Sembilan,01
2011-02-01,104.3,Negeri Sembilan,01
2011-03-01,104.7,Negeri Sembilan,01
2011-04-01,105.1,Negeri Sembilan,01
2011-05-01,105.2,Negeri Sembilan,01
2011-06-01,105.8,Negeri Sembilan,01
2011-07-01,106.1,Negeri Sembilan,01
2011-08-01,106.3,Negeri Sembilan,01
2011-09-01,106.8,Negeri Sembilan,01
2011-10-01,107.5,Negeri Sembilan,01
2011-11-01,106.8,Negeri Sembilan,01
2011-12-01,107.2,Negeri Sembilan,01
2012-01-01,107.8,Negeri Sembilan,01
2012-02-01,107.2,Negeri Sembilan,01
2012-03-01,106.7,Negeri Sembilan,01
2012-04-01,106.4,Negeri Sembilan,01
2012-05-01,107.1,Negeri Sembilan,01
2012-06-01,107.8,Negeri Sembilan,01
2012-07-01,107.7,Negeri Sembilan,01
2012-08-01,107.8,Negeri Sembilan,01
2012-09-01,107.8,Negeri Sembilan,01
2012-10-01,108.3,Negeri Sembilan,01
2012-11-01,108.2,Negeri Sembilan,01
2012-12-01,108.5,Negeri Sembilan,01
2013-01-01,109.6,Negeri Sembilan,01
2013-02-01,110.2,Negeri Sembilan,01
2013-03-01,110.3,Negeri Sembilan,01
2013-04-01,110.2,Negeri Sembilan,01
2013-05-01,110.7,Negeri Sembilan,01
2013-06-01,110.8,Negeri Sembilan,01
2013-07-01,111.5,Negeri Sembilan,01
2013-08-01,111.3,Negeri Sembilan,01
2013-09-01,111.7,Negeri Sembilan,01
2013-10-01,111.5,Negeri Sembilan,01
2013-11-01,111.6,Negeri Sembilan,01
2013-12-01,112.7,Negeri Sembilan,01
2014-01-01,112.8,Negeri Sembilan,01
2014-02-01,112.6,Negeri Sembilan,01
2014-03-01,112.7,Negeri Sembilan,01
2014-04-01,113.0,Negeri Sembilan,01
2014-05-01,113.1,Negeri Sembilan,01
2014-06-01,113.6,Negeri Sembilan,01
2014-07-01,113.8,Negeri Sembilan,01
2014-08-01,114.3,Negeri Sembilan,01
2014-09-01,114.7,Negeri Sembilan,01
2014-10-01,114.7,Negeri Sembilan,01
2014-11-01,114.9,Negeri Sembilan,01
2014-12-01,115.7,Negeri Sembilan,01
2015-01-01,117.2,Negeri Sembilan,01
2015-02-01,116.5,Negeri Sembilan,01
2015-03-01,116.5,Negeri Sembilan,01
2015-04-01,117.1,Negeri Sembilan,01
2015-05-01,117.9,Negeri Sembilan,01
2015-06-01,118.4,Negeri Sembilan,01
2015-07-01,119.3,Negeri Sembilan,01
2015-08-01,120.1,Negeri Sembilan,01
2015-09-01,120.9,Negeri Sembilan,01
2015-10-01,120.8,Negeri Sembilan,01
2015-11-01,120.8,Negeri Sembilan,01
2015-12-01,121.9,Negeri Sembilan,01
2016-01-01,122.5,Negeri Sembilan,01
2016-02-01,123.3,Negeri Sembilan,01
2016-03-01,123.0,Negeri Sembilan,01
2016-04-01,123.1,Negeri Sembilan,01
2016-05-01,123.5,Negeri Sembilan,01
2016-06-01,124.4,Negeri Sembilan,01
2016-07-01,124.7,Negeri Sembilan,01
2016-08-01,125.1,Negeri Sembilan,01
2016-09-01,124.6,Negeri Sembilan,01
2016-10-01,124.3,Negeri Sembilan,01
2016-11-01,125.1,Negeri Sembilan,01
2016-12-01,126.1,Negeri Sembilan,01
2017-01-01,127.0,Negeri Sembilan,01
2017-02-01,128.2,Negeri Sembilan,01
2017-03-01,127.5,Negeri Sembilan,01
2017-04-01,127.4,Negeri Sembilan,01
2017-05-01,128.1,Negeri Sembilan,01
2017-06-01,128.6,Negeri Sembilan,01
2017-07-01,128.8,Negeri Sembilan,01
2017-08-01,129.3,Negeri Sembilan,01
2017-09-01,129.4,Negeri Sembilan,01
2017-10-01,128.8,Negeri Sembilan,01
2017-11-01,129.3,Negeri Sembilan,01
2017-12-01,130.5,Negeri Sembilan,01
2018-01-01,131.2,Negeri Sembilan,01
2018-02-01,131.6,Negeri Sembilan,01
2018-03-01,130.7,Negeri Sembilan,01
2018-04-01,130.4,Negeri Sembilan,01
2018-05-01,130.4,Negeri Sembilan,01
2018-06-01,129.1,Negeri Sembilan,01
2018-07-01,129.6,Negeri Sembilan,01
2018-08-01,129.8,Negeri Sembilan,01
2018-09-01,130.3,Negeri Sembilan,01
2018-10-01,130.8,Negeri Sembilan,01
2018-11-01,131.2,Negeri Sembilan,01
2018-12-01,131.5,Negeri Sembilan,01
2019-01-01,132.5,Negeri Sembilan,01
2019-02-01,132.7,Negeri Sembilan,01
2019-03-01,132.1,Negeri Sembilan,01
2019-04-01,132.0,Negeri Sembilan,01
2019-05-01,132.2,Negeri Sembilan,01
2019-06-01,132.1,Negeri Sembilan,01
2019-07-01,132.6,Negeri Sembilan,01
2019-08-01,132.9,Negeri Sembilan,01
2019-09-01,132.8,Negeri Sembilan,01
2019-10-01,132.7,Negeri Sembilan,01
2019-11-01,132.7,Negeri Sembilan,01
2019-12-01,132.8,Negeri Sembilan,01
2020-01-01,133.4,Negeri Sembilan,01
2020-02-01,133.6,Negeri Sembilan,01
2020-03-01,133.2,Negeri Sembilan,01
2020-04-01,133.4,Negeri Sembilan,01
2020-05-01,133.6,Negeri Sembilan,01
2020-06-01,134.3,Negeri Sembilan,01
2020-07-01,134.5,Negeri Sembilan,01
2020-08-01,134.7,Negeri Sembilan,01
2020-09-01,134.6,Negeri Sembilan,01
2020-10-01,134.8,Negeri Sembilan,01
2020-11-01,134.0,Negeri Sembilan,01
2020-12-01,135.1,Negeri Sembilan,01
2021-01-01,135.5,Negeri Sembilan,01
2021-02-01,135.2,Negeri Sembilan,01
2021-03-01,135.3,Negeri Sembilan,01
2021-04-01,135.4,Negeri Sembilan,01
2021-05-01,135.1,Negeri Sembilan,01
2021-06-01,135.4,Negeri Sembilan,01
2021-07-01,135.8,Negeri Sembilan,01
2021-08-01,136.0,Negeri Sembilan,01
2021-09-01,136.9,Negeri Sembilan,01
2021-10-01,137.4,Negeri Sembilan,01
2021-11-01,137.9,Negeri Sembilan,01
2021-12-01,138.8,Negeri Sembilan,01
2022-01-01,138.9,Negeri Sembilan,01
2022-02-01,139.3,Negeri Sembilan,01
2022-03-01,139.7,Negeri Sembilan,01
2022-04-01,140.0,Negeri Sembilan,01
2022-05-01,141.3,Negeri Sembilan,01
2022-06-01,142.9,Negeri Sembilan,01
2022-07-01,143.7,Negeri Sembilan,01
2022-08-01,144.0,Negeri Sembilan,01
2022-09-01,144.6,Negeri Sembilan,01
2022-10-01,145.0,Negeri Sembilan,01
2022-11-01,146.4,Negeri Sembilan,01
2022-12-01,147.2,Negeri Sembilan,01
2023-01-01,148.0,Negeri Sembilan,01
2023-02-01,148.8,Negeri Sembilan,01
2023-03-01,148.9,Negeri Sembilan,01
2023-04-01,148.5,Negeri Sembilan,01
2023-05-01,149.1,Negeri Sembilan,01
2023-06-01,149.2,Negeri Sembilan,01
2023-07-01,149.5,Negeri Sembilan,01
2023-08-01,149.8,Negeri Sembilan,01
2023-09-01,149.8,Negeri Sembilan,01
2023-10-01,149.9,Negeri Sembilan,01
2023-11-01,149.4,Negeri Sembilan,01
2023-12-01,149.7,Negeri Sembilan,01
2024-01-01,149.9,Negeri Sembilan,01
2024-02-01,149.7,Negeri Sembilan,01
2024-03-01,149.5,Negeri Sembilan,01
2024-04-01,149.5,Negeri Sembilan,01
2024-05-01,150.0,Negeri Sembilan,01
2024-06-01,150.6,Negeri Sembilan,01
2024-07-01,150.9,Negeri Sembilan,01
2024-08-01,151.4,Negeri Sembilan,01
2024-09-01,151.2,Negeri Sembilan,01
2024-10-01,152.7,Negeri Sembilan,01
2024-11-01,152.5,Negeri Sembilan,01
2024-12-01,153.6,Negeri Sembilan,01
2025-01-01,153.9,Negeri Sembilan,01
2025-02-01,154.3,Negeri Sembilan,01
2025-03-01,154.6,Negeri Sembilan,01
2025-04-01,154.4,Negeri Sembilan,01
2025-05-01,155.1,Negeri Sembilan,01
2025-06-01,155.6,Negeri Sembilan,01
2025-07-01,155.9,Negeri Sembilan,01
2025-08-01,155.9,Negeri Sembilan,01
2025-09-01,156.3,Negeri Sembilan,01
2025-10-01,156.7,Negeri Sembilan,01
2025-11-01,157.5,Negeri Sembilan,01
2025-12-01,158.8,Negeri Sembilan,01
2026-01-01,158.9,Negeri Sembilan,01
2026-02-01,158.9,Negeri Sembilan,01
2026-03-01,158.7,Negeri Sembilan,01
2026-04-01,158.3,Negeri Sembilan,01
2026-05-01,158.7,Negeri Sembilan,01
2026-06-01,159.4,Negeri Sembilan,01
2026-07-01,160.0,Negeri Sembilan,01
2010-01-01,99.1,Pahang,01
2010-02-01,98.9,Pahang,01
2010-03-01,98.9,Pahang,01
2010-04-01,99.2,Pahang,01
2010-05-01,99.9,Pahang,01
2010-06-01,100.1,Pahang,01
2010-07-01,100.4,Pahang,01
2010-08-01,100.5,Pahang,01
2010-09-01,100.4,Pahang,01
2010-10-01,100.5,Pahang,01
2010-11-01,100.7,Pahang,01
2010-12-01,101.5,Pahang,01
2011-01-01,102.5,Pahang,01
2011-02-01,103.3,Pahang,01
2011-03-01,103.3,Pahang,01
2011-04-01,104.1,Pahang,01
2011-05-01,104.2,Pahang,01
2011-06-01,104.8,Pahang,01
2011-07-01,105.3,Pahang,01
2011-08-01,105.2,Pahang,01
2011-09-01,105.4,Pahang,01
2011-10-01,106.5,Pahang,01
2011-11-01,106.2,Pahang,01
2011-12-01,107.1,Pahang,01
2012-01-01,107.7,Pahang,01
2012-02-01,107.0,Pahang,01
2012-03-01,107.0,Pahang,01
2012-04-01,106.8,Pahang,01
2012-05-01,108.0,Pahang,01
2012-06-01,108.3,Pahang,01
2012-07-01,108.4,Pahang,01
2012-08-01,108.2,Pahang,01
2012-09-01,108.4,Pahang,01
2012-10-01,108.7,Pahang,01
2012-11-01,109.4,Pahang,01
2012-12-01,110.0,Pahang,01
2013-01-01,111.3,Pahang,01
2013-02-01,111.3,Pahang,01
2013-03-01,111.6,Pahang,01
2013-04-01,111.5,Pahang,01
2013-05-01,112.8,Pahang,01
2013-06-01,112.6,Pahang,01
2013-07-01,113.4,Pahang,01
2013-08-01,112.9,Pahang,01
2013-09-01,113.7,Pahang,01
2013-10-01,114.0,Pahang,01
2013-11-01,114.3,Pahang,01
2013-12-01,116.4,Pahang,01
2014-01-01,116.9,Pahang,01
2014-02-01,116.7,Pahang,01
2014-03-01,116.8,Pahang,01
2014-04-01,116.9,Pahang,01
2014-05-01,117.0,Pahang,01
2014-06-01,117.5,Pahang,01
2014-07-01,117.2,Pahang,01
2014-08-01,117.5,Pahang,01
2014-09-01,117.7,Pahang,01
2014-10-01,117.5,Pahang,01
2014-11-01,117.5,Pahang,01
2014-12-01,118.2,Pahang,01
2015-01-01,120.3,Pahang,01
2015-02-01,119.2,Pahang,01
2015-03-01,119.0,Pahang,01
2015-04-01,119.8,Pahang,01
2015-05-01,120.5,Pahang,01
2015-06-01,120.9,Pahang,01
2015-07-01,121.3,Pahang,01
2015-08-01,122.3,Pahang,01
2015-09-01,122.7,Pahang,01
2015-10-01,123.1,Pahang,01
2015-11-01,122.5,Pahang,01
2015-12-01,124.2,Pahang,01
2016-01-01,124.6,Pahang,01
2016-02-01,125.3,Pahang,01
2016-03-01,125.1,Pahang,01
2016-04-01,125.0,Pahang,01
2016-05-01,125.3,Pahang,01
2016-06-01,126.0,Pahang,01
2016-07-01,126.4,Pahang,01
2016-08-01,126.4,Pahang,01
2016-09-01,125.9,Pahang,01
2016-10-01,125.2,Pahang,01
2016-11-01,126.5,Pahang,01
2016-12-01,127.0,Pahang,01
2017-01-01,127.2,Pahang,01
2017-02-01,128.6,Pahang,01
2017-03-01,127.9,Pahang,01
2017-04-01,127.9,Pahang,01
2017-05-01,128.7,Pahang,01
2017-06-01,128.9,Pahang,01
2017-07-01,129.3,Pahang,01
2017-08-01,129.7,Pahang,01
2017-09-01,129.3,Pahang,01
2017-10-01,129.3,Pahang,01
2017-11-01,129.4,Pahang,01
2017-12-01,130.8,Pahang,01
2018-01-01,131.4,Pahang,01
2018-02-01,131.0,Pahang,01
2018-03-01,130.4,Pahang,01
2018-04-01,130.2,Pahang,01
2018-05-01,130.6,Pahang,01
2018-06-01,129.3,Pahang,01
2018-07-01,129.9,Pahang,01
2018-08-01,129.8,Pahang,01
2018-09-01,129.3,Pahang,01
2018-10-01,130.4,Pahang,01
2018-11-01,130.3,Pahang,01
2018-12-01,131.4,Pahang,01
2019-01-01,132.0,Pahang,01
2019-02-01,132.0,Pahang,01
2019-03-01,131.2,Pahang,01
2019-04-01,130.8,Pahang,01
2019-05-01,131.4,Pahang,01
2019-06-01,130.9,Pahang,01
2019-07-01,131.7,Pahang,01
2019-08-01,132.1,Pahang,01
2019-09-01,131.7,Pahang,01
2019-10-01,131.4,Pahang,01
2019-11-01,131.3,Pahang,01
2019-12-01,132.0,Pahang,01
2020-01-01,132.2,Pahang,01
2020-02-01,132.6,Pahang,01
2020-03-01,132.4,Pahang,01
2020-04-01,132.2,Pahang,01
2020-05-01,132.7,Pahang,01
2020-06-01,134.1,Pahang,01
2020-07-01,134.0,Pahang,01
2020-08-01,133.9,Pahang,01
2020-09-01,133.6,Pahang,01
2020-10-01,133.8,Pahang,01
2020-11-01,133.1,Pahang,01
2020-12-01,135.0,Pahang,01
2021-01-01,135.4,Pahang,01
2021-02-01,134.7,Pahang,01
2021-03-01,134.9,Pahang,01
2021-04-01,136.2,Pahang,01
2021-05-01,135.2,Pahang,01
2021-06-01,135.8,Pahang,01
2021-07-01,135.8,Pahang,01
2021-08-01,135.7,Pahang,01
2021-09-01,137.2,Pahang,01
2021-10-01,137.2,Pahang,01
2021-11-01,137.7,Pahang,01
2021-12-01,139.3,Pahang,01
2022-01-01,139.3,Pahang,01
2022-02-01,139.1,Pahang,01
2022-03-01,139.8,Pahang,01
2022-04-01,140.0,Pahang,01
2022-05-01,141.1,Pahang,01
2022-06-01,142.7,Pahang,01
2022-07-01,143.8,Pahang,01
2022-08-01,144.5,Pahang,01
2022-09-01,145.1,Pahang,01
2022-10-01,145.7,Pahang,01
2022-11-01,147.1,Pahang,01
2022-12-01,147.7,Pahang,01
2023-01-01,148.5,Pahang,01
2023-02-01,149.4,Pahang,01
2023-03-01,149.5,Pahang,01
2023-04-01,149.0,Pahang,01
2023-05-01,149.6,Pahang,01
2023-06-01,150.4,Pahang,01
2023-07-01,150.7,Pahang,01
2023-08-01,150.4,Pahang,01
2023-09-01,150.2,Pahang,01
2023-10-01,150.4,Pahang,01
2023-11-01,150.4,Pahang,01
2023-12-01,151.2,Pahang,01
2024-01-01,153.0,Pahang,01
2024-02-01,152.5,Pahang,01
2024-03-01,151.6,Pahang,01
2024-04-01,151.6,Pahang,01
2024-05-01,152.3,Pahang,01
2024-06-01,153.1,Pahang,01
2024-07-01,153.1,Pahang,01
2024-08-01,153.3,Pahang,01
2024-09-01,153.5,Pahang,01
2024-10-01,153.9,Pahang,01
2024-11-01,153.7,Pahang,01
2024-12-01,154.4,Pahang,01
2025-01-01,155.0,Pahang,01
2025-02-01,155.1,Pahang,01
2025-03-01,155.2,Pahang,01
2025-04-01,154.8,Pahang,01
2025-05-01,155.1,Pahang,01
2025-06-01,156.0,Pahang,01
2025-07-01,156.4,Pahang,01
2025-08-01,156.3,Pahang,01
2025-09-01,156.6,Pahang,01
2025-10-01,157.1,Pahang,01
2025-11-01,157.2,Pahang,01
2025-12-01,158.5,Pahang,01
2026-01-01,159.0,Pahang,01
2026-02-01,158.6,Pahang,01
2026-03-01,158.4,Pahang,01
2026-04-01,158.1,Pahang,01
2026-05-01,158.7,Pahang,01
2026-06-01,159.4,Pahang,01
2026-07-01,160.2,Pahang,01
2010-01-01,99.1,Perak,01
2010-02-01,99.2,Perak,01
2010-03-01,99.1,Perak,01
2010-04-01,99.2,Perak,01
2010-05-01,99.6,Perak,01
2010-06-01,100.0,Perak,01
2010-07-01,100.2,Perak,01
2010-08-01,100.4,Perak,01
2010-09-01,100.3,Perak,01
2010-10-01,100.5,Perak,01
2010-11-01,101.1,Perak,01
2010-12-01,101.4,Perak,01
2011-01-01,102.8,Perak,01
2011-02-01,103.7,Perak,01
2011-03-01,103.5,Perak,01
2011-04-01,103.8,Perak,01
2011-05-01,103.8,Perak,01
2011-06-01,104.4,Perak,01
2011-07-01,104.8,Perak,01
2011-08-01,104.7,Perak,01
2011-09-01,105.2,Perak,01
2011-10-01,106.2,Perak,01
2011-11-01,105.6,Perak,01
2011-12-01,105.8,Perak,01
2012-01-01,106.8,Perak,01
2012-02-01,105.8,Perak,01
2012-03-01,105.9,Perak,01
2012-04-01,105.3,Perak,01
2012-05-01,105.8,Perak,01
2012-06-01,106.4,Perak,01
2012-07-01,106.2,Perak,01
2012-08-01,106.1,Perak,01
2012-09-01,106.4,Perak,01
2012-10-01,107.0,Perak,01
2012-11-01,107.0,Perak,01
2012-12-01,107.1,Perak,01
2013-01-01,108.2,Perak,01
2013-02-01,108.4,Perak,01
2013-03-01,108.2,Perak,01
2013-04-01,108.4,Perak,01
2013-05-01,108.8,Perak,01
2013-06-01,109.2,Perak,01
2013-07-01,110.0,Perak,01
2013-08-01,109.6,Perak,01
2013-09-01,110.1,Perak,01
2013-10-01,110.2,Perak,01
2013-11-01,110.4,Perak,01
2013-12-01,111.4,Perak,01
2014-01-01,111.6,Perak,01
2014-02-01,111.4,Perak,01
2014-03-01,111.5,Perak,01
2014-04-01,111.1,Perak,01
2014-05-01,111.2,Perak,01
2014-06-01,111.9,Perak,01
2014-07-01,112.3,Perak,01
2014-08-01,112.0,Perak,01
2014-09-01,112.5,Perak,01
2014-10-01,112.3,Perak,01
2014-11-01,112.5,Perak,01
2014-12-01,112.8,Perak,01
2015-01-01,114.3,Perak,01
2015-02-01,113.8,Perak,01
2015-03-01,113.7,Perak,01
2015-04-01,114.4,Perak,01
2015-05-01,115.0,Perak,01
2015-06-01,115.2,Perak,01
2015-07-01,115.8,Perak,01
2015-08-01,116.3,Perak,01
2015-09-01,116.9,Perak,01
2015-10-01,117.0,Perak,01
2015-11-01,116.7,Perak,01
2015-12-01,117.4,Perak,01
2016-01-01,118.1,Perak,01
2016-02-01,118.7,Perak,01
2016-03-01,118.4,Perak,01
2016-04-01,118.4,Perak,01
2016-05-01,118.8,Perak,01
2016-06-01,119.2,Perak,01
2016-07-01,119.4,Perak,01
2016-08-01,119.6,Perak,01
2016-09-01,119.3,Perak,01
2016-10-01,119.0,Perak,01
2016-11-01,119.9,Perak,01
2016-12-01,120.5,Perak,01
2017-01-01,121.2,Perak,01
2017-02-01,122.3,Perak,01
2017-03-01,121.9,Perak,01
2017-04-01,121.8,Perak,01
2017-05-01,122.2,Perak,01
2017-06-01,122.6,Perak,01
2017-07-01,123.2,Perak,01
2017-08-01,123.8,Perak,01
2017-09-01,123.9,Perak,01
2017-10-01,123.7,Perak,01
2017-11-01,124.1,Perak,01
2017-12-01,124.9,Perak,01
2018-01-01,125.4,Perak,01
2018-02-01,125.6,Perak,01
2018-03-01,124.9,Perak,01
2018-04-01,124.5,Perak,01
2018-05-01,124.5,Perak,01
2018-06-01,123.1,Perak,01
2018-07-01,123.5,Perak,01
2018-08-01,123.5,Perak,01
2018-09-01,123.7,Perak,01
2018-10-01,124.1,Perak,01
2018-11-01,124.2,Perak,01
2018-12-01,124.7,Perak,01
2019-01-01,126.0,Perak,01
2019-02-01,126.4,Perak,01
2019-03-01,125.9,Perak,01
2019-04-01,125.5,Perak,01
2019-05-01,125.8,Perak,01
2019-06-01,125.8,Perak,01
2019-07-01,126.4,Perak,01
2019-08-01,126.8,Perak,01
2019-09-01,126.5,Perak,01
2019-10-01,126.3,Perak,01
2019-11-01,126.4,Perak,01
2019-12-01,126.7,Perak,01
2020-01-01,127.3,Perak,01
2020-02-01,127.5,Perak,01
2020-03-01,127.2,Perak,01
2020-04-01,127.8,Perak,01
2020-05-01,128.1,Perak,01
2020-06-01,128.6,Perak,01
2020-07-01,128.5,Perak,01
2020-08-01,128.6,Perak,01
2020-09-01,128.4,Perak,01
2020-10-01,128.5,Perak,01
2020-11-01,128.2,Perak,01
2020-12-01,129.2,Perak,01
2021-01-01,129.4,Perak,01
2021-02-01,129.4,Perak,01
2021-03-01,129.3,Perak,01
2021-04-01,129.6,Perak,01
2021-05-01,129.4,Perak,01
2021-06-01,129.9,Perak,01
2021-07-01,130.2,Perak,01
2021-08-01,130.2,Perak,01
2021-09-01,131.5,Perak,01
2021-10-01,131.6,Perak,01
2021-11-01,132.1,Perak,01
2021-12-01,133.4,Perak,01
2022-01-01,134.0,Perak,01
2022-02-01,134.0,Perak,01
2022-03-01,134.6,Perak,01
2022-04-01,135.0,Perak,01
2022-05-01,136.1,Perak,01
2022-06-01,137.6,Perak,01
2022-07-01,138.4,Perak,01
2022-08-01,139.0,Perak,01
2022-09-01,139.3,Perak,01
2022-10-01,139.9,Perak,01
2022-11-01,140.9,Perak,01
2022-12-01,141.6,Perak,01
2023-01-01,142.5,Perak,01
2023-02-01,143.4,Perak,01
2023-03-01,143.7,Perak,01
2023-04-01,143.5,Perak,01
2023-05-01,144.1,Perak,01
2023-06-01,144.1,Perak,01
2023-07-01,144.6,Perak,01
2023-08-01,144.6,Perak,01
2023-09-01,144.6,Perak,01
2023-10-01,144.6,Perak,01
2023-11-01,144.4,Perak,01
2023-12-01,144.7,Perak,01
2024-01-01,144.3,Perak,01
2024-02-01,144.7,Perak,01
2024-03-01,144.5,Perak,01
2024-04-01,144.3,Perak,01
2024-05-01,144.7,Perak,01
2024-06-01,144.8,Perak,01
2024-07-01,144.5,Perak,01
2024-08-01,144.5,Perak,01
2024-09-01,144.8,Perak,01
2024-10-01,145.9,Perak,01
2024-11-01,145.9,Perak,01
2024-12-01,146.6,Perak,01
2025-01-01,146.4,Perak,01
2025-02-01,146.6,Perak,01
2025-03-01,146.7,Perak,01
2025-04-01,146.3,Perak,01
2025-05-01,146.1,Perak,01
2025-06-01,146.0,Perak,01
2025-07-01,146.1,Perak,01
2025-08-01,146.2,Perak,01
2025-09-01,146.5,Perak,01
2025-10-01,146.6,Perak,01
2025-11-01,146.6,Perak,01
2025-12-01,148.1,Perak,01
2026-01-01,148.3,Perak,01
2026-02-01,148.1,Perak,01
2026-03-01,147.7,Perak,01
2026-04-01,147.3,Perak,01
2026-05-01,147.7,Perak,01
2026-06-01,148.1,Perak,01
2026-07-01,148.2,Perak,01
2010-01-01,99.4,Perlis,01
2010-02-01,99.2,Perlis,01
2010-03-01,99.2,Perlis,01
2010-04-01,98.9,Perlis,01
2010-05-01,99.0,Perlis,01
2010-06-01,99.5,Perlis,01
2010-07-01,100.4,Perlis,01
2010-08-01,100.5,Perlis,01
2010-09-01,100.4,Perlis,01
2010-10-01,100.5,Perlis,01
2010-11-01,101.2,Perlis,01
2010-12-01,101.9,Perlis,01
2011-01-01,103.1,Perlis,01
2011-02-01,102.7,Perlis,01
2011-03-01,103.6,Perlis,01
2011-04-01,103.8,Perlis,01
2011-05-01,103.6,Perlis,01
2011-06-01,103.9,Perlis,01
2011-07-01,104.1,Perlis,01
2011-08-01,104.0,Perlis,01
2011-09-01,104.6,Perlis,01
2011-10-01,105.8,Perlis,01
2011-11-01,105.0,Perlis,01
2011-12-01,104.6,Perlis,01
2012-01-01,104.7,Perlis,01
2012-02-01,104.3,Perlis,01
2012-03-01,104.2,Perlis,01
2012-04-01,104.1,Perlis,01
2012-05-01,104.1,Perlis,01
2012-06-01,104.7,Perlis,01
2012-07-01,104.8,Perlis,01
2012-08-01,104.6,Perlis,01
2012-09-01,104.8,Perlis,01
2012-10-01,105.2,Perlis,01
2012-11-01,104.6,Perlis,01
2012-12-01,105.0,Perlis,01
2013-01-01,105.3,Perlis,01
2013-02-01,105.0,Perlis,01
2013-03-01,105.0,Perlis,01
2013-04-01,105.3,Perlis,01
2013-05-01,105.3,Perlis,01
2013-06-01,105.2,Perlis,01
2013-07-01,105.9,Perlis,01
2013-08-01,106.1,Perlis,01
2013-09-01,105.6,Perlis,01
2013-10-01,107.9,Perlis,01
2013-11-01,107.3,Perlis,01
2013-12-01,108.3,Perlis,01
2014-01-01,108.7,Perlis,01
2014-02-01,108.0,Perlis,01
2014-03-01,108.5,Perlis,01
2014-04-01,107.9,Perlis,01
2014-05-01,107.2,Perlis,01
2014-06-01,107.9,Perlis,01
2014-07-01,108.1,Perlis,01
2014-08-01,108.1,Perlis,01
2014-09-01,108.2,Perlis,01
2014-10-01,107.7,Perlis,01
2014-11-01,108.4,Perlis,01
2014-12-01,109.0,Perlis,01
2015-01-01,109.1,Perlis,01
2015-02-01,109.3,Perlis,01
2015-03-01,109.1,Perlis,01
2015-04-01,110.2,Perlis,01
2015-05-01,110.0,Perlis,01
2015-06-01,110.7,Perlis,01
2015-07-01,111.7,Perlis,01
2015-08-01,111.6,Perlis,01
2015-09-01,112.1,Perlis,01
2015-10-01,111.9,Perlis,01
2015-11-01,112.3,Perlis,01
2015-12-01,112.6,Perlis,01
2016-01-01,113.6,Perlis,01
2016-02-01,114.7,Perlis,01
2016-03-01,114.4,Perlis,01
2016-04-01,113.6,Perlis,01
2016-05-01,114.1,Perlis,01
2016-06-01,115.7,Perlis,01
2016-07-01,116.6,Perlis,01
2016-08-01,116.0,Perlis,01
2016-09-01,115.4,Perlis,01
2016-10-01,115.1,Perlis,01
2016-11-01,116.2,Perlis,01
2016-12-01,118.4,Perlis,01
2017-01-01,120.6,Perlis,01
2017-02-01,121.3,Perlis,01
2017-03-01,120.3,Perlis,01
2017-04-01,120.2,Perlis,01
2017-05-01,120.6,Perlis,01
2017-06-01,121.1,Perlis,01
2017-07-01,120.3,Perlis,01
2017-08-01,121.3,Perlis,01
2017-09-01,122.1,Perlis,01
2017-10-01,120.1,Perlis,01
2017-11-01,120.1,Perlis,01
2017-12-01,121.2,Perlis,01
2018-01-01,121.0,Perlis,01
2018-02-01,121.0,Perlis,01
2018-03-01,120.0,Perlis,01
2018-04-01,120.1,Perlis,01
2018-05-01,119.8,Perlis,01
2018-06-01,119.5,Perlis,01
2018-07-01,119.5,Perlis,01
2018-08-01,119.9,Perlis,01
2018-09-01,120.4,Perlis,01
2018-10-01,120.5,Perlis,01
2018-11-01,120.5,Perlis,01
2018-12-01,121.6,Perlis,01
2019-01-01,122.8,Perlis,01
2019-02-01,122.9,Perlis,01
2019-03-01,122.0,Perlis,01
2019-04-01,121.4,Perlis,01
2019-05-01,121.9,Perlis,01
2019-06-01,121.9,Perlis,01
2019-07-01,122.0,Perlis,01
2019-08-01,122.7,Perlis,01
2019-09-01,122.2,Perlis,01
2019-10-01,122.0,Perlis,01
2019-11-01,121.8,Perlis,01
2019-12-01,122.9,Perlis,01
2020-01-01,122.9,Perlis,01
2020-02-01,122.6,Perlis,01
2020-03-01,121.9,Perlis,01
2020-04-01,122.3,Perlis,01
2020-05-01,122.5,Perlis,01
2020-06-01,123.9,Perlis,01
2020-07-01,123.1,Perlis,01
2020-08-01,123.3,Perlis,01
2020-09-01,122.9,Perlis,01
2020-10-01,122.9,Perlis,01
2020-11-01,122.4,Perlis,01
2020-12-01,123.7,Perlis,01
2021-01-01,124.2,Perlis,01
2021-02-01,124.0,Perlis,01
2021-03-01,123.3,Perlis,01
2021-04-01,123.1,Perlis,01
2021-05-01,123.3,Perlis,01
2021-06-01,123.5,Perlis,01
2021-07-01,124.1,Perlis,01
2021-08-01,124.2,Perlis,01
2021-09-01,125.6,Perlis,01
2021-10-01,125.4,Perlis,01
2021-11-01,126.4,Perlis,01
2021-12-01,128.0,Perlis,01
2022-01-01,128.1,Perlis,01
2022-02-01,128.7,Perlis,01
2022-03-01,129.0,Perlis,01
2022-04-01,129.4,Perlis,01
2022-05-01,129.7,Perlis,01
2022-06-01,131.0,Perlis,01
2022-07-01,131.0,Perlis,01
2022-08-01,130.6,Perlis,01
2022-09-01,131.3,Perlis,01
2022-10-01,133.1,Perlis,01
2022-11-01,133.1,Perlis,01
2022-12-01,133.4,Perlis,01
2023-01-01,134.0,Perlis,01
2023-02-01,134.2,Perlis,01
2023-03-01,134.3,Perlis,01
2023-04-01,134.5,Perlis,01
2023-05-01,134.7,Perlis,01
2023-06-01,135.0,Perlis,01
2023-07-01,135.5,Perlis,01
2023-08-01,136.7,Perlis,01
2023-09-01,136.2,Perlis,01
2023-10-01,136.5,Perlis,01
2023-11-01,136.0,Perlis,01
2023-12-01,136.5,Perlis,01
2024-01-01,136.6,Perlis,01
2024-02-01,137.1,Perlis,01
2024-03-01,137.1,Perlis,01
2024-04-01,136.8,Perlis,01
2024-05-01,137.4,Perlis,01
2024-06-01,137.8,Perlis,01
2024-07-01,137.6,Perlis,01
2024-08-01,137.6,Perlis,01
2024-09-01,137.3,Perlis,01
2024-10-01,138.7,Perlis,01
2024-11-01,138.8,Perlis,01
2024-12-01,139.0,Perlis,01
2025-01-01,139.1,Perlis,01
2025-02-01,139.0,Perlis,01
2025-03-01,139.2,Perlis,01
2025-04-01,139.2,Perlis,01
2025-05-01,139.7,Perlis,01
2025-06-01,139.5,Perlis,01
2025-07-01,139.3,Perlis,01
2025-08-01,139.2,Perlis,01
2025-09-01,140.0,Perlis,01
2025-10-01,140.2,Perlis,01
2025-11-01,139.9,Perlis,01
2025-12-01,140.2,Perlis,01
2026-01-01,140.7,Perlis,01
2026-02-01,140.4,Perlis,01
2026-03-01,140.4,Perlis,01
2026-04-01,140.0,Perlis,01
2026-05-01,140.0,Perlis,01
2026-06-01,140.3,Perlis,01
2026-07-01,140.7,Perlis,01
2010-01-01,98.7,Pulau Pinang,01
2010-02-01,98.9,Pulau Pinang,01
2010-03-01,98.6,Pulau Pinang,01
2010-04-01,98.6,Pulau Pinang,01
2010-05-01,99.0,Pulau Pinang,01
2010-06-01,99.5,Pulau Pinang,01
2010-07-01,100.1,Pulau Pinang,01
2010-08-01,100.7,Pulau Pinang,01
2010-09-01,101.0,Pulau Pinang,01
2010-10-01,101.1,Pulau Pinang,01
2010-11-01,101.8,Pulau Pinang,01
2010-12-01,102.0,Pulau Pinang,01
2011-01-01,103.2,Pulau Pinang,01
2011-02-01,103.9,Pulau Pinang,01
2011-03-01,104.0,Pulau Pinang,01
2011-04-01,104.2,Pulau Pinang,01
2011-05-01,104.2,Pulau Pinang,01
2011-06-01,105.2,Pulau Pinang,01
2011-07-01,105.8,Pulau Pinang,01
2011-08-01,105.8,Pulau Pinang,01
2011-09-01,106.1,Pulau Pinang,01
2011-10-01,106.8,Pulau Pinang,01
2011-11-01,107.0,Pulau Pinang,01
2011-12-01,107.4,Pulau Pinang,01
2012-01-01,108.3,Pulau Pinang,01
2012-02-01,107.6,Pulau Pinang,01
2012-03-01,107.7,Pulau Pinang,01
2012-04-01,107.5,Pulau Pinang,01
2012-05-01,108.1,Pulau Pinang,01
2012-06-01,108.9,Pulau Pinang,01
2012-07-01,108.7,Pulau Pinang,01
2012-08-01,108.6,Pulau Pinang,01
2012-09-01,108.9,Pulau Pinang,01
2012-10-01,109.5,Pulau Pinang,01
2012-11-01,109.3,Pulau Pinang,01
2012-12-01,109.6,Pulau Pinang,01
2013-01-01,111.4,Pulau Pinang,01
2013-02-01,111.4,Pulau Pinang,01
2013-03-01,111.2,Pulau Pinang,01
2013-04-01,111.4,Pulau Pinang,01
2013-05-01,111.9,Pulau Pinang,01
2013-06-01,112.3,Pulau Pinang,01
2013-07-01,112.7,Pulau Pinang,01
2013-08-01,112.4,Pulau Pinang,01
2013-09-01,113.0,Pulau Pinang,01
2013-10-01,113.4,Pulau Pinang,01
2013-11-01,113.6,Pulau Pinang,01
2013-12-01,114.7,Pulau Pinang,01
2014-01-01,115.7,Pulau Pinang,01
2014-02-01,115.9,Pulau Pinang,01
2014-03-01,116.0,Pulau Pinang,01
2014-04-01,116.4,Pulau Pinang,01
2014-05-01,116.2,Pulau Pinang,01
2014-06-01,116.6,Pulau Pinang,01
2014-07-01,117.1,Pulau Pinang,01
2014-08-01,117.3,Pulau Pinang,01
2014-09-01,117.6,Pulau Pinang,01
2014-10-01,117.4,Pulau Pinang,01
2014-11-01,118.0,Pulau Pinang,01
2014-12-01,118.2,Pulau Pinang,01
2015-01-01,119.6,Pulau Pinang,01
2015-02-01,119.1,Pulau Pinang,01
2015-03-01,118.7,Pulau Pinang,01
2015-04-01,120.3,Pulau Pinang,01
2015-05-01,120.4,Pulau Pinang,01
2015-06-01,121.0,Pulau Pinang,01
2015-07-01,121.9,Pulau Pinang,01
2015-08-01,122.9,Pulau Pinang,01
2015-09-01,123.6,Pulau Pinang,01
2015-10-01,124.1,Pulau Pinang,01
2015-11-01,123.9,Pulau Pinang,01
2015-12-01,124.4,Pulau Pinang,01
2016-01-01,125.6,Pulau Pinang,01
2016-02-01,127.0,Pulau Pinang,01
2016-03-01,126.9,Pulau Pinang,01
2016-04-01,126.7,Pulau Pinang,01
2016-05-01,126.7,Pulau Pinang,01
2016-06-01,127.3,Pulau Pinang,01
2016-07-01,127.5,Pulau Pinang,01
2016-08-01,128.3,Pulau Pinang,01
2016-09-01,128.0,Pulau Pinang,01
2016-10-01,128.2,Pulau Pinang,01
2016-11-01,129.2,Pulau Pinang,01
2016-12-01,129.8,Pulau Pinang,01
2017-01-01,131.4,Pulau Pinang,01
2017-02-01,132.3,Pulau Pinang,01
2017-03-01,132.0,Pulau Pinang,01
2017-04-01,132.1,Pulau Pinang,01
2017-05-01,132.7,Pulau Pinang,01
2017-06-01,133.0,Pulau Pinang,01
2017-07-01,133.8,Pulau Pinang,01
2017-08-01,134.1,Pulau Pinang,01
2017-09-01,134.3,Pulau Pinang,01
2017-10-01,133.9,Pulau Pinang,01
2017-11-01,134.1,Pulau Pinang,01
2017-12-01,135.1,Pulau Pinang,01
2018-01-01,136.2,Pulau Pinang,01
2018-02-01,136.5,Pulau Pinang,01
2018-03-01,136.1,Pulau Pinang,01
2018-04-01,136.0,Pulau Pinang,01
2018-05-01,135.9,Pulau Pinang,01
2018-06-01,133.5,Pulau Pinang,01
2018-07-01,134.1,Pulau Pinang,01
2018-08-01,134.4,Pulau Pinang,01
2018-09-01,134.9,Pulau Pinang,01
2018-10-01,135.5,Pulau Pinang,01
2018-11-01,135.9,Pulau Pinang,01
2018-12-01,136.5,Pulau Pinang,01
2019-01-01,137.5,Pulau Pinang,01
2019-02-01,137.9,Pulau Pinang,01
2019-03-01,137.5,Pulau Pinang,01
2019-04-01,137.4,Pulau Pinang,01
2019-05-01,137.3,Pulau Pinang,01
2019-06-01,137.3,Pulau Pinang,01
2019-07-01,138.1,Pulau Pinang,01
2019-08-01,138.6,Pulau Pinang,01
2019-09-01,138.4,Pulau Pinang,01
2019-10-01,138.3,Pulau Pinang,01
2019-11-01,138.5,Pulau Pinang,01
2019-12-01,138.7,Pulau Pinang,01
2020-01-01,139.0,Pulau Pinang,01
2020-02-01,139.3,Pulau Pinang,01
2020-03-01,139.2,Pulau Pinang,01
2020-04-01,139.5,Pulau Pinang,01
2020-05-01,139.7,Pulau Pinang,01
2020-06-01,139.9,Pulau Pinang,01
2020-07-01,139.9,Pulau Pinang,01
2020-08-01,140.1,Pulau Pinang,01
2020-09-01,139.8,Pulau Pinang,01
2020-10-01,140.1,Pulau Pinang,01
2020-11-01,139.9,Pulau Pinang,01
2020-12-01,140.7,Pulau Pinang,01
2021-01-01,140.9,Pulau Pinang,01
2021-02-01,140.8,Pulau Pinang,01
2021-03-01,140.7,Pulau Pinang,01
2021-04-01,140.9,Pulau Pinang,01
2021-05-01,140.3,Pulau Pinang,01
2021-06-01,140.5,Pulau Pinang,01
2021-07-01,140.6,Pulau Pinang,01
2021-08-01,140.7,Pulau Pinang,01
2021-09-01,141.2,Pulau Pinang,01
2021-10-01,141.5,Pulau Pinang,01
2021-11-01,143.2,Pulau Pinang,01
2021-12-01,144.9,Pulau Pinang,01
2022-01-01,145.6,Pulau Pinang,01
2022-02-01,145.9,Pulau Pinang,01
2022-03-01,146.7,Pulau Pinang,01
2022-04-01,147.1,Pulau Pinang,01
2022-05-01,148.4,Pulau Pinang,01
2022-06-01,150.1,Pulau Pinang,01
2022-07-01,151.4,Pulau Pinang,01
2022-08-01,151.4,Pulau Pinang,01
2022-09-01,151.8,Pulau Pinang,01
2022-10-01,152.3,Pulau Pinang,01
2022-11-01,153.3,Pulau Pinang,01
2022-12-01,154.3,Pulau Pinang,01
2023-01-01,155.7,Pulau Pinang,01
2023-02-01,155.9,Pulau Pinang,01
2023-03-01,156.0,Pulau Pinang,01
2023-04-01,156.0,Pulau Pinang,01
2023-05-01,156.9,Pulau Pinang,01
2023-06-01,156.9,Pulau Pinang,01
2023-07-01,157.5,Pulau Pinang,01
2023-08-01,157.7,Pulau Pinang,01
2023-09-01,158.6,Pulau Pinang,01
2023-10-01,159.2,Pulau Pinang,01
2023-11-01,158.9,Pulau Pinang,01
2023-12-01,159.4,Pulau Pinang,01
2024-01-01,159.9,Pulau Pinang,01
2024-02-01,159.8,Pulau Pinang,01
2024-03-01,160.4,Pulau Pinang,01
2024-04-01,160.9,Pulau Pinang,01
2024-05-01,161.1,Pulau Pinang,01
2024-06-01,161.4,Pulau Pinang,01
2024-07-01,161.9,Pulau Pinang,01
2024-08-01,161.9,Pulau Pinang,01
2024-09-01,161.8,Pulau Pinang,01
2024-10-01,163.1,Pulau Pinang,01
2024-11-01,163.1,Pulau Pinang,01
2024-12-01,163.4,Pulau Pinang,01
2025-01-01,163.6,Pulau Pinang,01
2025-02-01,163.4,Pulau Pinang,01
2025-03-01,163.6,Pulau Pinang,01
2025-04-01,163.9,Pulau Pinang,01
2025-05-01,163.8,Pulau Pinang,01
2025-06-01,164.3,Pulau Pinang,01
2025-07-01,164.2,Pulau Pinang,01
2025-08-01,164.3,Pulau Pinang,01
2025-09-01,164.6,Pulau Pinang,01
2025-10-01,164.8,Pulau Pinang,01
2025-11-01,164.8,Pulau Pinang,01
2025-12-01,165.6,Pulau Pinang,01
2026-01-01,165.9,Pulau Pinang,01
2026-02-01,166.1,Pulau Pinang,01
2026-03-01,166.2,Pulau Pinang,01
2026-04-01,166.2,Pulau Pinang,01
2026-05-01,166.4,Pulau Pinang,01
2026-06-01,166.4,Pulau Pinang,01
2026-07-01,167.0,Pulau Pinang,01
2010-01-01,99.2,Sabah,01
2010-02-01,99.8,Sabah,01
2010-03-01,99.8,Sabah,01
2010-04-01,99.7,Sabah,01
2010-05-01,99.4,Sabah,01
2010-06-01,99.2,Sabah,01
2010-07-01,99.4,Sabah,01
2010-08-01,100.0,Sabah,01
2010-09-01,100.3,Sabah,01
2010-10-01,100.6,Sabah,01
2010-11-01,100.8,Sabah,01
2010-12-01,101.9,Sabah,01
2011-01-01,103.6,Sabah,01
2011-02-01,104.1,Sabah,01
2011-03-01,104.3,Sabah,01
2011-04-01,104.6,Sabah,01
2011-05-01,104.3,Sabah,01
2011-06-01,104.4,Sabah,01
2011-07-01,104.4,Sabah,01
2011-08-01,104.9,Sabah,01
2011-09-01,105.2,Sabah,01
2011-10-01,105.6,Sabah,01
2011-11-01,105.8,Sabah,01
2011-12-01,106.2,Sabah,01
2012-01-01,107.1,Sabah,01
