age,sex,date,state,ethnicity,population
overall_age,overall_sex,2020-01-01,Johor,overall_ethnicity,4009.7
0-4,overall_sex,2020-01-01,Johor,overall_ethnicity,306.3
5-9,overall_sex,2020-01-01,Johor,overall_ethnicity,322.3
10-14,overall_sex,2020-01-01,Johor,overall_ethnicity,330.7
15-19,overall_sex,2020-01-01,Johor,overall_ethnicity,345.2
20-24,overall_sex,2020-01-01,Johor,overall_ethnicity,388.9
25-29,overall_sex,2020-01-01,Johor,overall_ethnicity,362.6
30-34,overall_sex,2020-01-01,Johor,overall_ethnicity,338.1
35-39,overall_sex,2020-01-01,Johor,overall_ethnicity,318.1
40-44,overall_sex,2020-01-01,Johor,overall_ethnicity,260.1
45-49,overall_sex,2020-01-01,Johor,overall_ethnicity,234.3
50-54,overall_sex,2020-01-01,Johor,overall_ethnicity,212.1
55-59,overall_sex,2020-01-01,Johor,overall_ethnicity,189.1
60-64,overall_sex,2020-01-01,Johor,overall_ethnicity,157.2
65-69,overall_sex,2020-01-01,Johor,overall_ethnicity,94.9
70-74,overall_sex,2020-01-01,Johor,overall_ethnicity,66.0
75-79,overall_sex,2020-01-01,Johor,overall_ethnicity,38.1
80-84,overall_sex,2020-01-01,Johor,overall_ethnicity,24.7
85+,overall_sex,2020-01-01,Johor,overall_ethnicity,20.9
overall_age,male,2020-01-01,Johor,overall_ethnicity,2141.3
0-4,male,2020-01-01,Johor,overall_ethnicity,152.0
5-9,male,2020-01-01,Johor,overall_ethnicity,165.6
10-14,male,2020-01-01,Johor,overall_ethnicity,171.3
15-19,male,2020-01-01,Johor,overall_ethnicity,181.9
20-24,male,2020-01-01,Johor,overall_ethnicity,221.9
25-29,male,2020-01-01,Johor,overall_ethnicity,208.9
30-34,male,2020-01-01,Johor,overall_ethnicity,190.2
35-39,male,2020-01-01,Johor,overall_ethnicity,173.1
40-44,male,2020-01-01,Johor,overall_ethnicity,142.1
45-49,male,2020-01-01,Johor,overall_ethnicity,123.7
50-54,male,2020-01-01,Johor,overall_ethnicity,109.0
55-59,male,2020-01-01,Johor,overall_ethnicity,99.7
60-64,male,2020-01-01,Johor,overall_ethnicity,79.2
65-69,male,2020-01-01,Johor,overall_ethnicity,47.3
70-74,male,2020-01-01,Johor,overall_ethnicity,32.8
75-79,male,2020-01-01,Johor,overall_ethnicity,18.7
80-84,male,2020-01-01,Johor,overall_ethnicity,12.2
85+,male,2020-01-01,Johor,overall_ethnicity,11.6
overall_age,female,2020-01-01,Johor,overall_ethnicity,1868.4
0-4,female,2020-01-01,Johor,overall_ethnicity,154.3
5-9,female,2020-01-01,Johor,overall_ethnicity,156.7
10-14,female,2020-01-01,Johor,overall_ethnicity,159.4
15-19,female,2020-01-01,Johor,overall_ethnicity,163.2
20-24,female,2020-01-01,Johor,overall_ethnicity,167.0
25-29,female,2020-01-01,Johor,overall_ethnicity,153.7
30-34,female,2020-01-01,Johor,overall_ethnicity,147.9
35-39,female,2020-01-01,Johor,overall_ethnicity,144.9
40-44,female,2020-01-01,Johor,overall_ethnicity,118.1
45-49,female,2020-01-01,Johor,overall_ethnicity,110.6
50-54,female,2020-01-01,Johor,overall_ethnicity,103.1
55-59,female,2020-01-01,Johor,overall_ethnicity,89.4
60-64,female,2020-01-01,Johor,overall_ethnicity,78.0
65-69,female,2020-01-01,Johor,overall_ethnicity,47.5
70-74,female,2020-01-01,Johor,overall_ethnicity,33.1
75-79,female,2020-01-01,Johor,overall_ethnicity,19.4
80-84,female,2020-01-01,Johor,overall_ethnicity,12.6
85+,female,2020-01-01,Johor,overall_ethnicity,9.3
overall_age,overall_sex,2020-01-01,Kedah,overall_ethnicity,2131.4
0-4,overall_sex,2020-01-01,Kedah,overall_ethnicity,181.0
5-9,overall_sex,2020-01-01,Kedah,overall_ethnicity,183.4
10-14,overall_sex,2020-01-01,Kedah,overall_ethnicity,174.5
15-19,overall_sex,2020-01-01,Kedah,overall_ethnicity,187.4
20-24,overall_sex,2020-01-01,Kedah,overall_ethnicity,219.7
25-29,overall_sex,2020-01-01,Kedah,overall_ethnicity,196.7
30-34,overall_sex,2020-01-01,Kedah,overall_ethnicity,154.8
35-39,overall_sex,2020-01-01,Kedah,overall_ethnicity,132.8
40-44,overall_sex,2020-01-01,Kedah,overall_ethnicity,117.9
45-49,overall_sex,2020-01-01,Kedah,overall_ethnicity,113.3
50-54,overall_sex,2020-01-01,Kedah,overall_ethnicity,109.7
55-59,overall_sex,2020-01-01,Kedah,overall_ethnicity,103.0
60-64,overall_sex,2020-01-01,Kedah,overall_ethnicity,88.8
65-69,overall_sex,2020-01-01,Kedah,overall_ethnicity,66.7
70-74,overall_sex,2020-01-01,Kedah,overall_ethnicity,45.9
75-79,overall_sex,2020-01-01,Kedah,overall_ethnicity,25.9
80-84,overall_sex,2020-01-01,Kedah,overall_ethnicity,17.6
85+,overall_sex,2020-01-01,Kedah,overall_ethnicity,12.4
overall_age,male,2020-01-01,Kedah,overall_ethnicity,1087.3
0-4,male,2020-01-01,Kedah,overall_ethnicity,94.1
5-9,male,2020-01-01,Kedah,overall_ethnicity,94.7
10-14,male,2020-01-01,Kedah,overall_ethnicity,89.7
15-19,male,2020-01-01,Kedah,overall_ethnicity,98.4
20-24,male,2020-01-01,Kedah,overall_ethnicity,118.6
25-29,male,2020-01-01,Kedah,overall_ethnicity,106.0
30-34,male,2020-01-01,Kedah,overall_ethnicity,79.7
35-39,male,2020-01-01,Kedah,overall_ethnicity,67.3
40-44,male,2020-01-01,Kedah,overall_ethnicity,59.7
45-49,male,2020-01-01,Kedah,overall_ethnicity,55.3
50-54,male,2020-01-01,Kedah,overall_ethnicity,52.5
55-59,male,2020-01-01,Kedah,overall_ethnicity,50.3
60-64,male,2020-01-01,Kedah,overall_ethnicity,42.1
65-69,male,2020-01-01,Kedah,overall_ethnicity,31.9
70-74,male,2020-01-01,Kedah,overall_ethnicity,22.3
75-79,male,2020-01-01,Kedah,overall_ethnicity,11.5
80-84,male,2020-01-01,Kedah,overall_ethnicity,7.6
85+,male,2020-01-01,Kedah,overall_ethnicity,5.5
overall_age,female,2020-01-01,Kedah,overall_ethnicity,1044.1
0-4,female,2020-01-01,Kedah,overall_ethnicity,86.8
5-9,female,2020-01-01,Kedah,overall_ethnicity,88.6
10-14,female,2020-01-01,Kedah,overall_ethnicity,84.8
15-19,female,2020-01-01,Kedah,overall_ethnicity,89.0
20-24,female,2020-01-01,Kedah,overall_ethnicity,101.2
25-29,female,2020-01-01,Kedah,overall_ethnicity,90.7
30-34,female,2020-01-01,Kedah,overall_ethnicity,75.1
35-39,female,2020-01-01,Kedah,overall_ethnicity,65.5
40-44,female,2020-01-01,Kedah,overall_ethnicity,58.2
45-49,female,2020-01-01,Kedah,overall_ethnicity,58.0
50-54,female,2020-01-01,Kedah,overall_ethnicity,57.1
55-59,female,2020-01-01,Kedah,overall_ethnicity,52.8
60-64,female,2020-01-01,Kedah,overall_ethnicity,46.7
65-69,female,2020-01-01,Kedah,overall_ethnicity,34.9
70-74,female,2020-01-01,Kedah,overall_ethnicity,23.6
75-79,female,2020-01-01,Kedah,overall_ethnicity,14.4
80-84,female,2020-01-01,Kedah,overall_ethnicity,10.0
85+,female,2020-01-01,Kedah,overall_ethnicity,6.9
overall_age,overall_sex,2020-01-01,Kelantan,overall_ethnicity,1792.5
0-4,overall_sex,2020-01-01,Kelantan,overall_ethnicity,173.8
5-9,overall_sex,2020-01-01,Kelantan,overall_ethnicity,185.5
10-14,overall_sex,2020-01-01,Kelantan,overall_ethnicity,177.9
15-19,overall_sex,2020-01-01,Kelantan,overall_ethnicity,207.2
20-24,overall_sex,2020-01-01,Kelantan,overall_ethnicity,171.6
25-29,overall_sex,2020-01-01,Kelantan,overall_ethnicity,130.1
30-34,overall_sex,2020-01-01,Kelantan,overall_ethnicity,118.2
35-39,overall_sex,2020-01-01,Kelantan,overall_ethnicity,107.5
40-44,overall_sex,2020-01-01,Kelantan,overall_ethnicity,88.2
45-49,overall_sex,2020-01-01,Kelantan,overall_ethnicity,86.6
50-54,overall_sex,2020-01-01,Kelantan,overall_ethnicity,82.1
55-59,overall_sex,2020-01-01,Kelantan,overall_ethnicity,83.5
60-64,overall_sex,2020-01-01,Kelantan,overall_ethnicity,66.3
65-69,overall_sex,2020-01-01,Kelantan,overall_ethnicity,46.8
70-74,overall_sex,2020-01-01,Kelantan,overall_ethnicity,33.0
75-79,overall_sex,2020-01-01,Kelantan,overall_ethnicity,18.5
80-84,overall_sex,2020-01-01,Kelantan,overall_ethnicity,10.1
85+,overall_sex,2020-01-01,Kelantan,overall_ethnicity,5.8
overall_age,male,2020-01-01,Kelantan,overall_ethnicity,900.1
0-4,male,2020-01-01,Kelantan,overall_ethnicity,88.6
5-9,male,2020-01-01,Kelantan,overall_ethnicity,95.7
10-14,male,2020-01-01,Kelantan,overall_ethnicity,91.8
15-19,male,2020-01-01,Kelantan,overall_ethnicity,104.6
20-24,male,2020-01-01,Kelantan,overall_ethnicity,84.3
25-29,male,2020-01-01,Kelantan,overall_ethnicity,67.8
30-34,male,2020-01-01,Kelantan,overall_ethnicity,61.6
35-39,male,2020-01-01,Kelantan,overall_ethnicity,55.6
40-44,male,2020-01-01,Kelantan,overall_ethnicity,44.8
45-49,male,2020-01-01,Kelantan,overall_ethnicity,41.9
50-54,male,2020-01-01,Kelantan,overall_ethnicity,39.0
55-59,male,2020-01-01,Kelantan,overall_ethnicity,40.3
60-64,male,2020-01-01,Kelantan,overall_ethnicity,31.3
65-69,male,2020-01-01,Kelantan,overall_ethnicity,22.4
70-74,male,2020-01-01,Kelantan,overall_ethnicity,16.0
75-79,male,2020-01-01,Kelantan,overall_ethnicity,8.3
80-84,male,2020-01-01,Kelantan,overall_ethnicity,3.9
85+,male,2020-01-01,Kelantan,overall_ethnicity,2.1
overall_age,female,2020-01-01,Kelantan,overall_ethnicity,892.4
0-4,female,2020-01-01,Kelantan,overall_ethnicity,85.2
5-9,female,2020-01-01,Kelantan,overall_ethnicity,89.8
10-14,female,2020-01-01,Kelantan,overall_ethnicity,86.1
15-19,female,2020-01-01,Kelantan,overall_ethnicity,102.6
20-24,female,2020-01-01,Kelantan,overall_ethnicity,87.3
25-29,female,2020-01-01,Kelantan,overall_ethnicity,62.4
30-34,female,2020-01-01,Kelantan,overall_ethnicity,56.7
35-39,female,2020-01-01,Kelantan,overall_ethnicity,51.8
40-44,female,2020-01-01,Kelantan,overall_ethnicity,43.4
45-49,female,2020-01-01,Kelantan,overall_ethnicity,44.7
50-54,female,2020-01-01,Kelantan,overall_ethnicity,43.1
55-59,female,2020-01-01,Kelantan,overall_ethnicity,43.2
60-64,female,2020-01-01,Kelantan,overall_ethnicity,34.9
65-69,female,2020-01-01,Kelantan,overall_ethnicity,24.3
70-74,female,2020-01-01,Kelantan,overall_ethnicity,17.0
75-79,female,2020-01-01,Kelantan,overall_ethnicity,10.2
80-84,female,2020-01-01,Kelantan,overall_ethnicity,6.1
85+,female,2020-01-01,Kelantan,overall_ethnicity,3.7
overall_age,overall_sex,2020-01-01,Melaka,overall_ethnicity,998.4
0-4,overall_sex,2020-01-01,Melaka,overall_ethnicity,83.1
5-9,overall_sex,2020-01-01,Melaka,overall_ethnicity,82.2
10-14,overall_sex,2020-01-01,Melaka,overall_ethnicity,68.7
15-19,overall_sex,2020-01-01,Melaka,overall_ethnicity,102.6
20-24,overall_sex,2020-01-01,Melaka,overall_ethnicity,91.5
25-29,overall_sex,2020-01-01,Melaka,overall_ethnicity,84.4
30-34,overall_sex,2020-01-01,Melaka,overall_ethnicity,101.8
35-39,overall_sex,2020-01-01,Melaka,overall_ethnicity,74.3
40-44,overall_sex,2020-01-01,Melaka,overall_ethnicity,83.4
45-49,overall_sex,2020-01-01,Melaka,overall_ethnicity,46.1
50-54,overall_sex,2020-01-01,Melaka,overall_ethnicity,40.7
55-59,overall_sex,2020-01-01,Melaka,overall_ethnicity,42.4
60-64,overall_sex,2020-01-01,Melaka,overall_ethnicity,34.0
65-69,overall_sex,2020-01-01,Melaka,overall_ethnicity,27.4
70-74,overall_sex,2020-01-01,Melaka,overall_ethnicity,17.5
75-79,overall_sex,2020-01-01,Melaka,overall_ethnicity,9.1
80-84,overall_sex,2020-01-01,Melaka,overall_ethnicity,5.9
85+,overall_sex,2020-01-01,Melaka,overall_ethnicity,3.3
overall_age,male,2020-01-01,Melaka,overall_ethnicity,524.9
0-4,male,2020-01-01,Melaka,overall_ethnicity,42.9
5-9,male,2020-01-01,Melaka,overall_ethnicity,42.6
10-14,male,2020-01-01,Melaka,overall_ethnicity,35.9
15-19,male,2020-01-01,Melaka,overall_ethnicity,54.3
20-24,male,2020-01-01,Melaka,overall_ethnicity,49.0
25-29,male,2020-01-01,Melaka,overall_ethnicity,44.5
30-34,male,2020-01-01,Melaka,overall_ethnicity,61.7
35-39,male,2020-01-01,Melaka,overall_ethnicity,40.4
40-44,male,2020-01-01,Melaka,overall_ethnicity,43.5
45-49,male,2020-01-01,Melaka,overall_ethnicity,22.9
50-54,male,2020-01-01,Melaka,overall_ethnicity,20.0
55-59,male,2020-01-01,Melaka,overall_ethnicity,21.0
60-64,male,2020-01-01,Melaka,overall_ethnicity,16.8
65-69,male,2020-01-01,Melaka,overall_ethnicity,12.9
70-74,male,2020-01-01,Melaka,overall_ethnicity,8.5
75-79,male,2020-01-01,Melaka,overall_ethnicity,4.3
80-84,male,2020-01-01,Melaka,overall_ethnicity,2.5
85+,male,2020-01-01,Melaka,overall_ethnicity,1.3
overall_age,female,2020-01-01,Melaka,overall_ethnicity,473.5
0-4,female,2020-01-01,Melaka,overall_ethnicity,40.2
5-9,female,2020-01-01,Melaka,overall_ethnicity,39.6
10-14,female,2020-01-01,Melaka,overall_ethnicity,32.7
15-19,female,2020-01-01,Melaka,overall_ethnicity,48.2
20-24,female,2020-01-01,Melaka,overall_ethnicity,42.5
25-29,female,2020-01-01,Melaka,overall_ethnicity,39.9
30-34,female,2020-01-01,Melaka,overall_ethnicity,40.1
35-39,female,2020-01-01,Melaka,overall_ethnicity,34.0
40-44,female,2020-01-01,Melaka,overall_ethnicity,39.9
45-49,female,2020-01-01,Melaka,overall_ethnicity,23.2
50-54,female,2020-01-01,Melaka,overall_ethnicity,20.7
55-59,female,2020-01-01,Melaka,overall_ethnicity,21.5
60-64,female,2020-01-01,Melaka,overall_ethnicity,17.3
65-69,female,2020-01-01,Melaka,overall_ethnicity,14.5
70-74,female,2020-01-01,Melaka,overall_ethnicity,9.0
75-79,female,2020-01-01,Melaka,overall_ethnicity,4.8
80-84,female,2020-01-01,Melaka,overall_ethnicity,3.4
85+,female,2020-01-01,Melaka,overall_ethnicity,2.0
overall_age,overall_sex,2020-01-01,Negeri Sembilan,overall_ethnicity,1200.0
0-4,overall_sex,2020-01-01,Negeri Sembilan,overall_ethnicity,92.4
5-9,overall_sex,2020-01-01,Negeri Sembilan,overall_ethnicity,115.8
10-14,overall_sex,2020-01-01,Negeri Sembilan,overall_ethnicity,93.9
15-19,overall_sex,2020-01-01,Negeri Sembilan,overall_ethnicity,99.6
20-24,overall_sex,2020-01-01,Negeri Sembilan,overall_ethnicity,100.8
25-29,overall_sex,2020-01-01,Negeri Sembilan,overall_ethnicity,101.3
30-34,overall_sex,2020-01-01,Negeri Sembilan,overall_ethnicity,110.7
35-39,overall_sex,2020-01-01,Negeri Sembilan,overall_ethnicity,102.6
40-44,overall_sex,2020-01-01,Negeri Sembilan,overall_ethnicity,76.3
45-49,overall_sex,2020-01-01,Negeri Sembilan,overall_ethnicity,62.8
50-54,overall_sex,2020-01-01,Negeri Sembilan,overall_ethnicity,53.8
55-59,overall_sex,2020-01-01,Negeri Sembilan,overall_ethnicity,63.0
60-64,overall_sex,2020-01-01,Negeri Sembilan,overall_ethnicity,45.7
65-69,overall_sex,2020-01-01,Negeri Sembilan,overall_ethnicity,36.8
70-74,overall_sex,2020-01-01,Negeri Sembilan,overall_ethnicity,22.9
75-79,overall_sex,2020-01-01,Negeri Sembilan,overall_ethnicity,11.2
80-84,overall_sex,2020-01-01,Negeri Sembilan,overall_ethnicity,7.1
85+,overall_sex,2020-01-01,Negeri Sembilan,overall_ethnicity,3.4
overall_age,male,2020-01-01,Negeri Sembilan,overall_ethnicity,624.0
0-4,male,2020-01-01,Negeri Sembilan,overall_ethnicity,45.5
5-9,male,2020-01-01,Negeri Sembilan,overall_ethnicity,60.4
10-14,male,2020-01-01,Negeri Sembilan,overall_ethnicity,49.9
15-19,male,2020-01-01,Negeri Sembilan,overall_ethnicity,52.4
20-24,male,2020-01-01,Negeri Sembilan,overall_ethnicity,51.9
25-29,male,2020-01-01,Negeri Sembilan,overall_ethnicity,54.5
30-34,male,2020-01-01,Negeri Sembilan,overall_ethnicity,61.4
35-39,male,2020-01-01,Negeri Sembilan,overall_ethnicity,56.3
40-44,male,2020-01-01,Negeri Sembilan,overall_ethnicity,40.1
45-49,male,2020-01-01,Negeri Sembilan,overall_ethnicity,32.5
50-54,male,2020-01-01,Negeri Sembilan,overall_ethnicity,25.9
55-59,male,2020-01-01,Negeri Sembilan,overall_ethnicity,31.3
60-64,male,2020-01-01,Negeri Sembilan,overall_ethnicity,22.1
65-69,male,2020-01-01,Negeri Sembilan,overall_ethnicity,18.4
70-74,male,2020-01-01,Negeri Sembilan,overall_ethnicity,11.4
75-79,male,2020-01-01,Negeri Sembilan,overall_ethnicity,5.4
80-84,male,2020-01-01,Negeri Sembilan,overall_ethnicity,3.2
85+,male,2020-01-01,Negeri Sembilan,overall_ethnicity,1.3
overall_age,female,2020-01-01,Negeri Sembilan,overall_ethnicity,576.0
0-4,female,2020-01-01,Negeri Sembilan,overall_ethnicity,47.0
5-9,female,2020-01-01,Negeri Sembilan,overall_ethnicity,55.4
10-14,female,2020-01-01,Negeri Sembilan,overall_ethnicity,44.0
15-19,female,2020-01-01,Negeri Sembilan,overall_ethnicity,47.3
20-24,female,2020-01-01,Negeri Sembilan,overall_ethnicity,48.9
25-29,female,2020-01-01,Negeri Sembilan,overall_ethnicity,46.8
30-34,female,2020-01-01,Negeri Sembilan,overall_ethnicity,49.3
35-39,female,2020-01-01,Negeri Sembilan,overall_ethnicity,46.3
40-44,female,2020-01-01,Negeri Sembilan,overall_ethnicity,36.3
45-49,female,2020-01-01,Negeri Sembilan,overall_ethnicity,30.3
50-54,female,2020-01-01,Negeri Sembilan,overall_ethnicity,27.9
55-59,female,2020-01-01,Negeri Sembilan,overall_ethnicity,31.6
60-64,female,2020-01-01,Negeri Sembilan,overall_ethnicity,23.5
65-69,female,2020-01-01,Negeri Sembilan,overall_ethnicity,18.3
70-74,female,2020-01-01,Negeri Sembilan,overall_ethnicity,11.5
75-79,female,2020-01-01,Negeri Sembilan,overall_ethnicity,5.8
80-84,female,2020-01-01,Negeri Sembilan,overall_ethnicity,3.8
85+,female,2020-01-01,Negeri Sembilan,overall_ethnicity,2.1
overall_age,overall_sex,2020-01-01,Pahang,overall_ethnicity,1591.3
0-4,overall_sex,2020-01-01,Pahang,overall_ethnicity,135.3
5-9,overall_sex,2020-01-01,Pahang,overall_ethnicity,139.8
10-14,overall_sex,2020-01-01,Pahang,overall_ethnicity,149.5
15-19,overall_sex,2020-01-01,Pahang,overall_ethnicity,157.0
20-24,overall_sex,2020-01-01,Pahang,overall_ethnicity,122.2
25-29,overall_sex,2020-01-01,Pahang,overall_ethnicity,121.3
30-34,overall_sex,2020-01-01,Pahang,overall_ethnicity,133.7
35-39,overall_sex,2020-01-01,Pahang,overall_ethnicity,137.2
40-44,overall_sex,2020-01-01,Pahang,overall_ethnicity,120.1
45-49,overall_sex,2020-01-01,Pahang,overall_ethnicity,89.0
50-54,overall_sex,2020-01-01,Pahang,overall_ethnicity,69.6
55-59,overall_sex,2020-01-01,Pahang,overall_ethnicity,66.7
60-64,overall_sex,2020-01-01,Pahang,overall_ethnicity,49.6
65-69,overall_sex,2020-01-01,Pahang,overall_ethnicity,38.6
70-74,overall_sex,2020-01-01,Pahang,overall_ethnicity,29.6
75-79,overall_sex,2020-01-01,Pahang,overall_ethnicity,14.8
80-84,overall_sex,2020-01-01,Pahang,overall_ethnicity,9.6
85+,overall_sex,2020-01-01,Pahang,overall_ethnicity,7.7
overall_age,male,2020-01-01,Pahang,overall_ethnicity,844.2
0-4,male,2020-01-01,Pahang,overall_ethnicity,68.4
5-9,male,2020-01-01,Pahang,overall_ethnicity,71.4
10-14,male,2020-01-01,Pahang,overall_ethnicity,78.7
15-19,male,2020-01-01,Pahang,overall_ethnicity,82.3
20-24,male,2020-01-01,Pahang,overall_ethnicity,66.5
25-29,male,2020-01-01,Pahang,overall_ethnicity,69.5
30-34,male,2020-01-01,Pahang,overall_ethnicity,75.1
35-39,male,2020-01-01,Pahang,overall_ethnicity,76.7
40-44,male,2020-01-01,Pahang,overall_ethnicity,63.7
45-49,male,2020-01-01,Pahang,overall_ethnicity,47.2
50-54,male,2020-01-01,Pahang,overall_ethnicity,35.9
55-59,male,2020-01-01,Pahang,overall_ethnicity,34.0
60-64,male,2020-01-01,Pahang,overall_ethnicity,24.6
65-69,male,2020-01-01,Pahang,overall_ethnicity,19.5
70-74,male,2020-01-01,Pahang,overall_ethnicity,14.7
75-79,male,2020-01-01,Pahang,overall_ethnicity,7.4
80-84,male,2020-01-01,Pahang,overall_ethnicity,4.6
85+,male,2020-01-01,Pahang,overall_ethnicity,4.0
overall_age,female,2020-01-01,Pahang,overall_ethnicity,747.1
0-4,female,2020-01-01,Pahang,overall_ethnicity,67.0
5-9,female,2020-01-01,Pahang,overall_ethnicity,68.4
10-14,female,2020-01-01,Pahang,overall_ethnicity,70.8
15-19,female,2020-01-01,Pahang,overall_ethnicity,74.6
20-24,female,2020-01-01,Pahang,overall_ethnicity,55.7
25-29,female,2020-01-01,Pahang,overall_ethnicity,51.8
30-34,female,2020-01-01,Pahang,overall_ethnicity,58.6
35-39,female,2020-01-01,Pahang,overall_ethnicity,60.5
40-44,female,2020-01-01,Pahang,overall_ethnicity,56.5
45-49,female,2020-01-01,Pahang,overall_ethnicity,41.9
50-54,female,2020-01-01,Pahang,overall_ethnicity,33.8
55-59,female,2020-01-01,Pahang,overall_ethnicity,32.7
60-64,female,2020-01-01,Pahang,overall_ethnicity,25.0
65-69,female,2020-01-01,Pahang,overall_ethnicity,19.2
70-74,female,2020-01-01,Pahang,overall_ethnicity,14.8
75-79,female,2020-01-01,Pahang,overall_ethnicity,7.4
80-84,female,2020-01-01,Pahang,overall_ethnicity,5.0
85+,female,2020-01-01,Pahang,overall_ethnicity,3.7
overall_age,overall_sex,2020-01-01,Perak,overall_ethnicity,2496.0
0-4,overall_sex,2020-01-01,Perak,overall_ethnicity,170.2
5-9,overall_sex,2020-01-01,Perak,overall_ethnicity,210.3
10-14,overall_sex,2020-01-01,Perak,overall_ethnicity,198.2
15-19,overall_sex,2020-01-01,Perak,overall_ethnicity,222.5
20-24,overall_sex,2020-01-01,Perak,overall_ethnicity,220.0
25-29,overall_sex,2020-01-01,Perak,overall_ethnicity,187.4
30-34,overall_sex,2020-01-01,Perak,overall_ethnicity,189.9
35-39,overall_sex,2020-01-01,Perak,overall_ethnicity,192.3
40-44,overall_sex,2020-01-01,Perak,overall_ethnicity,168.2
45-49,overall_sex,2020-01-01,Perak,overall_ethnicity,135.4
50-54,overall_sex,2020-01-01,Perak,overall_ethnicity,128.7
55-59,overall_sex,2020-01-01,Perak,overall_ethnicity,138.1
60-64,overall_sex,2020-01-01,Perak,overall_ethnicity,111.7
65-69,overall_sex,2020-01-01,Perak,overall_ethnicity,90.4
70-74,overall_sex,2020-01-01,Perak,overall_ethnicity,63.7
75-79,overall_sex,2020-01-01,Perak,overall_ethnicity,34.3
80-84,overall_sex,2020-01-01,Perak,overall_ethnicity,22.3
85+,overall_sex,2020-01-01,Perak,overall_ethnicity,12.6
overall_age,male,2020-01-01,Perak,overall_ethnicity,1300.2
0-4,male,2020-01-01,Perak,overall_ethnicity,87.6
5-9,male,2020-01-01,Perak,overall_ethnicity,109.5
10-14,male,2020-01-01,Perak,overall_ethnicity,104.0
15-19,male,2020-01-01,Perak,overall_ethnicity,115.9
20-24,male,2020-01-01,Perak,overall_ethnicity,118.4
25-29,male,2020-01-01,Perak,overall_ethnicity,107.5
30-34,male,2020-01-01,Perak,overall_ethnicity,106.6
35-39,male,2020-01-01,Perak,overall_ethnicity,106.0
40-44,male,2020-01-01,Perak,overall_ethnicity,90.4
45-49,male,2020-01-01,Perak,overall_ethnicity,67.4
50-54,male,2020-01-01,Perak,overall_ethnicity,62.6
55-59,male,2020-01-01,Perak,overall_ethnicity,67.4
60-64,male,2020-01-01,Perak,overall_ethnicity,53.8
65-69,male,2020-01-01,Perak,overall_ethnicity,43.1
70-74,male,2020-01-01,Perak,overall_ethnicity,30.1
75-79,male,2020-01-01,Perak,overall_ethnicity,15.7
80-84,male,2020-01-01,Perak,overall_ethnicity,9.5
85+,male,2020-01-01,Perak,overall_ethnicity,4.6
overall_age,female,2020-01-01,Perak,overall_ethnicity,1195.8
0-4,female,2020-01-01,Perak,overall_ethnicity,82.6
5-9,female,2020-01-01,Perak,overall_ethnicity,100.8
10-14,female,2020-01-01,Perak,overall_ethnicity,94.2
15-19,female,2020-01-01,Perak,overall_ethnicity,106.6
20-24,female,2020-01-01,Perak,overall_ethnicity,101.6
25-29,female,2020-01-01,Perak,overall_ethnicity,79.9
30-34,female,2020-01-01,Perak,overall_ethnicity,83.3
35-39,female,2020-01-01,Perak,overall_ethnicity,86.3
40-44,female,2020-01-01,Perak,overall_ethnicity,77.8
45-49,female,2020-01-01,Perak,overall_ethnicity,67.9
50-54,female,2020-01-01,Perak,overall_ethnicity,66.0
55-59,female,2020-01-01,Perak,overall_ethnicity,70.7
60-64,female,2020-01-01,Perak,overall_ethnicity,57.9
65-69,female,2020-01-01,Perak,overall_ethnicity,47.2
70-74,female,2020-01-01,Perak,overall_ethnicity,33.6
75-79,female,2020-01-01,Perak,overall_ethnicity,18.5
80-84,female,2020-01-01,Perak,overall_ethnicity,12.8
85+,female,2020-01-01,Perak,overall_ethnicity,8.0
overall_age,overall_sex,2020-01-01,Perlis,overall_ethnicity,284.9
0-4,overall_sex,2020-01-01,Perlis,overall_ethnicity,19.1
5-9,overall_sex,2020-01-01,Perlis,overall_ethnicity,19.4
10-14,overall_sex,2020-01-01,Perlis,overall_ethnicity,19.7
15-19,overall_sex,2020-01-01,Perlis,overall_ethnicity,37.1
20-24,overall_sex,2020-01-01,Perlis,overall_ethnicity,32.3
25-29,overall_sex,2020-01-01,Perlis,overall_ethnicity,20.9
30-34,overall_sex,2020-01-01,Perlis,overall_ethnicity,19.6
35-39,overall_sex,2020-01-01,Perlis,overall_ethnicity,19.3
40-44,overall_sex,2020-01-01,Perlis,overall_ethnicity,25.9
45-49,overall_sex,2020-01-01,Perlis,overall_ethnicity,13.1
50-54,overall_sex,2020-01-01,Perlis,overall_ethnicity,12.5
55-59,overall_sex,2020-01-01,Perlis,overall_ethnicity,13.0
60-64,overall_sex,2020-01-01,Perlis,overall_ethnicity,10.5
65-69,overall_sex,2020-01-01,Perlis,overall_ethnicity,9.3
70-74,overall_sex,2020-01-01,Perlis,overall_ethnicity,6.0
75-79,overall_sex,2020-01-01,Perlis,overall_ethnicity,3.5
80-84,overall_sex,2020-01-01,Perlis,overall_ethnicity,2.2
85+,overall_sex,2020-01-01,Perlis,overall_ethnicity,1.4
overall_age,male,2020-01-01,Perlis,overall_ethnicity,142.3
0-4,male,2020-01-01,Perlis,overall_ethnicity,9.9
5-9,male,2020-01-01,Perlis,overall_ethnicity,10.1
10-14,male,2020-01-01,Perlis,overall_ethnicity,10.3
15-19,male,2020-01-01,Perlis,overall_ethnicity,19.4
20-24,male,2020-01-01,Perlis,overall_ethnicity,16.0
25-29,male,2020-01-01,Perlis,overall_ethnicity,11.1
30-34,male,2020-01-01,Perlis,overall_ethnicity,10.1
35-39,male,2020-01-01,Perlis,overall_ethnicity,9.9
40-44,male,2020-01-01,Perlis,overall_ethnicity,12.7
45-49,male,2020-01-01,Perlis,overall_ethnicity,5.7
50-54,male,2020-01-01,Perlis,overall_ethnicity,6.0
55-59,male,2020-01-01,Perlis,overall_ethnicity,6.3
60-64,male,2020-01-01,Perlis,overall_ethnicity,5.0
65-69,male,2020-01-01,Perlis,overall_ethnicity,4.1
70-74,male,2020-01-01,Perlis,overall_ethnicity,2.9
75-79,male,2020-01-01,Perlis,overall_ethnicity,1.6
80-84,male,2020-01-01,Perlis,overall_ethnicity,0.9
85+,male,2020-01-01,Perlis,overall_ethnicity,0.5
overall_age,female,2020-01-01,Perlis,overall_ethnicity,142.5
0-4,female,2020-01-01,Perlis,overall_ethnicity,9.3
5-9,female,2020-01-01,Perlis,overall_ethnicity,9.3
10-14,female,2020-01-01,Perlis,overall_ethnicity,9.4
15-19,female,2020-01-01,Perlis,overall_ethnicity,17.7
20-24,female,2020-01-01,Perlis,overall_ethnicity,16.3
25-29,female,2020-01-01,Perlis,overall_ethnicity,9.8
30-34,female,2020-01-01,Perlis,overall_ethnicity,9.5
35-39,female,2020-01-01,Perlis,overall_ethnicity,9.5
40-44,female,2020-01-01,Perlis,overall_ethnicity,13.2
45-49,female,2020-01-01,Perlis,overall_ethnicity,7.4
50-54,female,2020-01-01,Perlis,overall_ethnicity,6.5
55-59,female,2020-01-01,Perlis,overall_ethnicity,6.7
60-64,female,2020-01-01,Perlis,overall_ethnicity,5.5
65-69,female,2020-01-01,Perlis,overall_ethnicity,5.2
70-74,female,2020-01-01,Perlis,overall_ethnicity,3.2
75-79,female,2020-01-01,Perlis,overall_ethnicity,1.9
80-84,female,2020-01-01,Perlis,overall_ethnicity,1.3
85+,female,2020-01-01,Perlis,overall_ethnicity,0.9
overall_age,overall_sex,2020-01-01,Pulau Pinang,overall_ethnicity,1740.4
0-4,overall_sex,2020-01-01,Pulau Pinang,overall_ethnicity,117.6
5-9,overall_sex,2020-01-01,Pulau Pinang,overall_ethnicity,117.0
10-14,overall_sex,2020-01-01,Pulau Pinang,overall_ethnicity,115.2
15-19,overall_sex,2020-01-01,Pulau Pinang,overall_ethnicity,127.7
20-24,overall_sex,2020-01-01,Pulau Pinang,overall_ethnicity,162.3
25-29,overall_sex,2020-01-01,Pulau Pinang,overall_ethnicity,175.0
30-34,overall_sex,2020-01-01,Pulau Pinang,overall_ethnicity,153.7
35-39,overall_sex,2020-01-01,Pulau Pinang,overall_ethnicity,147.6
40-44,overall_sex,2020-01-01,Pulau Pinang,overall_ethnicity,119.8
45-49,overall_sex,2020-01-01,Pulau Pinang,overall_ethnicity,113.3
50-54,overall_sex,2020-01-01,Pulau Pinang,overall_ethnicity,105.0
55-59,overall_sex,2020-01-01,Pulau Pinang,overall_ethnicity,91.4
60-64,overall_sex,2020-01-01,Pulau Pinang,overall_ethnicity,79.8
65-69,overall_sex,2020-01-01,Pulau Pinang,overall_ethnicity,52.3
70-74,overall_sex,2020-01-01,Pulau Pinang,overall_ethnicity,32.0
75-79,overall_sex,2020-01-01,Pulau Pinang,overall_ethnicity,16.5
80-84,overall_sex,2020-01-01,Pulau Pinang,overall_ethnicity,9.2
85+,overall_sex,2020-01-01,Pulau Pinang,overall_ethnicity,5.1
overall_age,male,2020-01-01,Pulau Pinang,overall_ethnicity,892.6
0-4,male,2020-01-01,Pulau Pinang,overall_ethnicity,61.6
5-9,male,2020-01-01,Pulau Pinang,overall_ethnicity,62.4
10-14,male,2020-01-01,Pulau Pinang,overall_ethnicity,61.4
15-19,male,2020-01-01,Pulau Pinang,overall_ethnicity,65.3
20-24,male,2020-01-01,Pulau Pinang,overall_ethnicity,84.4
25-29,male,2020-01-01,Pulau Pinang,overall_ethnicity,92.3
30-34,male,2020-01-01,Pulau Pinang,overall_ethnicity,76.9
35-39,male,2020-01-01,Pulau Pinang,overall_ethnicity,75.9
40-44,male,2020-01-01,Pulau Pinang,overall_ethnicity,62.2
45-49,male,2020-01-01,Pulau Pinang,overall_ethnicity,57.7
50-54,male,2020-01-01,Pulau Pinang,overall_ethnicity,52.6
55-59,male,2020-01-01,Pulau Pinang,overall_ethnicity,46.0
60-64,male,2020-01-01,Pulau Pinang,overall_ethnicity,39.7
65-69,male,2020-01-01,Pulau Pinang,overall_ethnicity,25.4
70-74,male,2020-01-01,Pulau Pinang,overall_ethnicity,15.5
75-79,male,2020-01-01,Pulau Pinang,overall_ethnicity,7.7
80-84,male,2020-01-01,Pulau Pinang,overall_ethnicity,3.9
85+,male,2020-01-01,Pulau Pinang,overall_ethnicity,1.7
overall_age,female,2020-01-01,Pulau Pinang,overall_ethnicity,847.9
0-4,female,2020-01-01,Pulau Pinang,overall_ethnicity,56.0
5-9,female,2020-01-01,Pulau Pinang,overall_ethnicity,54.6
10-14,female,2020-01-01,Pulau Pinang,overall_ethnicity,53.8
15-19,female,2020-01-01,Pulau Pinang,overall_ethnicity,62.4
20-24,female,2020-01-01,Pulau Pinang,overall_ethnicity,78.0
25-29,female,2020-01-01,Pulau Pinang,overall_ethnicity,82.7
30-34,female,2020-01-01,Pulau Pinang,overall_ethnicity,76.8
35-39,female,2020-01-01,Pulau Pinang,overall_ethnicity,71.7
40-44,female,2020-01-01,Pulau Pinang,overall_ethnicity,57.6
45-49,female,2020-01-01,Pulau Pinang,overall_ethnicity,55.6
50-54,female,2020-01-01,Pulau Pinang,overall_ethnicity,52.4
55-59,female,2020-01-01,Pulau Pinang,overall_ethnicity,45.4
60-64,female,2020-01-01,Pulau Pinang,overall_ethnicity,40.1
65-69,female,2020-01-01,Pulau Pinang,overall_ethnicity,26.9
70-74,female,2020-01-01,Pulau Pinang,overall_ethnicity,16.5
75-79,female,2020-01-01,Pulau Pinang,overall_ethnicity,8.8
80-84,female,2020-01-01,Pulau Pinang,overall_ethnicity,5.3
85+,female,2020-01-01,Pulau Pinang,overall_ethnicity,3.3
overall_age,overall_sex,2020-01-01,Sabah,overall_ethnicity,3418.8
0-4,overall_sex,2020-01-01,Sabah,overall_ethnicity,291.2
5-9,overall_sex,2020-01-01,Sabah,overall_ethnicity,280.8
10-14,overall_sex,2020-01-01,Sabah,overall_ethnicity,335.1
15-19,overall_sex,2020-01-01,Sabah,overall_ethnicity,351.4
20-24,overall_sex,2020-01-01,Sabah,overall_ethnicity,349.5
25-29,overall_sex,2020-01-01,Sabah,overall_ethnicity,374.3
30-34,overall_sex,2020-01-01,Sabah,overall_ethnicity,302.5
35-39,overall_sex,2020-01-01,Sabah,overall_ethnicity,276.2
40-44,overall_sex,2020-01-01,Sabah,overall_ethnicity,191.8
45-49,overall_sex,2020-01-01,Sabah,overall_ethnicity,155.3
50-54,overall_sex,2020-01-01,Sabah,overall_ethnicity,128.8
55-59,overall_sex,2020-01-01,Sabah,overall_ethnicity,105.2
60-64,overall_sex,2020-01-01,Sabah,overall_ethnicity,84.7
65-69,overall_sex,2020-01-01,Sabah,overall_ethnicity,87.6
70-74,overall_sex,2020-01-01,Sabah,overall_ethnicity,46.6
75-79,overall_sex,2020-01-01,Sabah,overall_ethnicity,28.4
80-84,overall_sex,2020-01-01,Sabah,overall_ethnicity,15.0
85+,overall_sex,2020-01-01,Sabah,overall_ethnicity,14.4
overall_age,male,2020-01-01,Sabah,overall_ethnicity,1779.8
0-4,male,2020-01-01,Sabah,overall_ethnicity,151.6
5-9,male,2020-01-01,Sabah,overall_ethnicity,144.2
10-14,male,2020-01-01,Sabah,overall_ethnicity,171.3
15-19,male,2020-01-01,Sabah,overall_ethnicity,189.1
20-24,male,2020-01-01,Sabah,overall_ethnicity,181.7
25-29,male,2020-01-01,Sabah,overall_ethnicity,194.4
30-34,male,2020-01-01,Sabah,overall_ethnicity,156.5
35-39,male,2020-01-01,Sabah,overall_ethnicity,144.6
40-44,male,2020-01-01,Sabah,overall_ethnicity,99.8
45-49,male,2020-01-01,Sabah,overall_ethnicity,80.8
50-54,male,2020-01-01,Sabah,overall_ethnicity,67.8
55-59,male,2020-01-01,Sabah,overall_ethnicity,54.7
60-64,male,2020-01-01,Sabah,overall_ethnicity,45.8
65-69,male,2020-01-01,Sabah,overall_ethnicity,45.0
70-74,male,2020-01-01,Sabah,overall_ethnicity,23.6
75-79,male,2020-01-01,Sabah,overall_ethnicity,14.3
80-84,male,2020-01-01,Sabah,overall_ethnicity,7.1
85+,male,2020-01-01,Sabah,overall_ethnicity,7.5
overall_age,female,2020-01-01,Sabah,overall_ethnicity,1639.0
0-4,female,2020-01-01,Sabah,overall_ethnicity,139.6
5-9,female,2020-01-01,Sabah,overall_ethnicity,136.6
10-14,female,2020-01-01,Sabah,overall_ethnicity,163.8
15-19,female,2020-01-01,Sabah,overall_ethnicity,162.3
20-24,female,2020-01-01,Sabah,overall_ethnicity,167.8
25-29,female,2020-01-01,Sabah,overall_ethnicity,179.9
30-34,female,2020-01-01,Sabah,overall_ethnicity,146.0
35-39,female,2020-01-01,Sabah,overall_ethnicity,131.6
40-44,female,2020-01-01,Sabah,overall_ethnicity,92.0
45-49,female,2020-01-01,Sabah,overall_ethnicity,74.5
50-54,female,2020-01-01,Sabah,overall_ethnicity,61.0
55-59,female,2020-01-01,Sabah,overall_ethnicity,50.5
60-64,female,2020-01-01,Sabah,overall_ethnicity,38.8
65-69,female,2020-01-01,Sabah,overall_ethnicity,42.6
70-74,female,2020-01-01,Sabah,overall_ethnicity,23.0
75-79,female,2020-01-01,Sabah,overall_ethnicity,14.1
80-84,female,2020-01-01,Sabah,overall_ethnicity,7.9
85+,female,2020-01-01,Sabah,overall_ethnicity,6.9
overall_age,overall_sex,2020-01-01,Sarawak,overall_ethnicity,2453.7
0-4,overall_sex,2020-01-01,Sarawak,overall_ethnicity,155.8
5-9,overall_sex,2020-01-01,Sarawak,overall_ethnicity,182.7
10-14,overall_sex,2020-01-01,Sarawak,overall_ethnicity,201.8
15-19,overall_sex,2020-01-01,Sarawak,overall_ethnicity,213.1
20-24,overall_sex,2020-01-01,Sarawak,overall_ethnicity,210.8
25-29,overall_sex,2020-01-01,Sarawak,overall_ethnicity,222.6
30-34,overall_sex,2020-01-01,Sarawak,overall_ethnicity,211.0
35-39,overall_sex,2020-01-01,Sarawak,overall_ethnicity,188.0
40-44,overall_sex,2020-01-01,Sarawak,overall_ethnicity,164.3
45-49,overall_sex,2020-01-01,Sarawak,overall_ethnicity,153.5
50-54,overall_sex,2020-01-01,Sarawak,overall_ethnicity,138.7
55-59,overall_sex,2020-01-01,Sarawak,overall_ethnicity,128.6
60-64,overall_sex,2020-01-01,Sarawak,overall_ethnicity,98.0
65-69,overall_sex,2020-01-01,Sarawak,overall_ethnicity,76.4
70-74,overall_sex,2020-01-01,Sarawak,overall_ethnicity,50.0
75-79,overall_sex,2020-01-01,Sarawak,overall_ethnicity,30.3
80-84,overall_sex,2020-01-01,Sarawak,overall_ethnicity,16.7
85+,overall_sex,2020-01-01,Sarawak,overall_ethnicity,11.4
overall_age,male,2020-01-01,Sarawak,overall_ethnicity,1269.6
0-4,male,2020-01-01,Sarawak,overall_ethnicity,80.0
5-9,male,2020-01-01,Sarawak,overall_ethnicity,94.6
10-14,male,2020-01-01,Sarawak,overall_ethnicity,105.6
15-19,male,2020-01-01,Sarawak,overall_ethnicity,110.1
20-24,male,2020-01-01,Sarawak,overall_ethnicity,110.1
25-29,male,2020-01-01,Sarawak,overall_ethnicity,118.5
30-34,male,2020-01-01,Sarawak,overall_ethnicity,112.9
35-39,male,2020-01-01,Sarawak,overall_ethnicity,99.5
40-44,male,2020-01-01,Sarawak,overall_ethnicity,84.8
45-49,male,2020-01-01,Sarawak,overall_ethnicity,78.7
50-54,male,2020-01-01,Sarawak,overall_ethnicity,70.2
55-59,male,2020-01-01,Sarawak,overall_ethnicity,65.8
60-64,male,2020-01-01,Sarawak,overall_ethnicity,49.0
65-69,male,2020-01-01,Sarawak,overall_ethnicity,38.6
70-74,male,2020-01-01,Sarawak,overall_ethnicity,24.5
75-79,male,2020-01-01,Sarawak,overall_ethnicity,14.7
80-84,male,2020-01-01,Sarawak,overall_ethnicity,7.4
85+,male,2020-01-01,Sarawak,overall_ethnicity,4.6
overall_age,female,2020-01-01,Sarawak,overall_ethnicity,1184.1
0-4,female,2020-01-01,Sarawak,overall_ethnicity,75.8
5-9,female,2020-01-01,Sarawak,overall_ethnicity,88.1
10-14,female,2020-01-01,Sarawak,overall_ethnicity,96.2
15-19,female,2020-01-01,Sarawak,overall_ethnicity,103.0
20-24,female,2020-01-01,Sarawak,overall_ethnicity,100.8
25-29,female,2020-01-01,Sarawak,overall_ethnicity,104.2
30-34,female,2020-01-01,Sarawak,overall_ethnicity,98.1
35-39,female,2020-01-01,Sarawak,overall_ethnicity,88.5
40-44,female,2020-01-01,Sarawak,overall_ethnicity,79.5
45-49,female,2020-01-01,Sarawak,overall_ethnicity,74.8
50-54,female,2020-01-01,Sarawak,overall_ethnicity,68.5
55-59,female,2020-01-01,Sarawak,overall_ethnicity,62.8
60-64,female,2020-01-01,Sarawak,overall_ethnicity,49.0
65-69,female,2020-01-01,Sarawak,overall_ethnicity,37.8
70-74,female,2020-01-01,Sarawak,overall_ethnicity,25.5
75-79,female,2020-01-01,Sarawak,overall_ethnicity,15.6
80-84,female,2020-01-01,Sarawak,overall_ethnicity,9.2
85+,female,2020-01-01,Sarawak,overall_ethnicity,6.8
overall_age,overall_sex,2020-01-01,Selangor,overall_ethnicity,6994.4
0-4,overall_sex,2020-01-01,Selangor,overall_ethnicity,532.4
5-9,overall_sex,2020-01-01,Selangor,overall_ethnicity,541.1
10-14,overall_sex,2020-01-01,Selangor,overall_ethnicity,476.1
15-19,overall_sex,2020-01-01,Selangor,overall_ethnicity,526.7
20-24,overall_sex,2020-01-01,Selangor,overall_ethnicity,561.1
25-29,overall_sex,2020-01-01,Selangor,overall_ethnicity,624.1
30-34,overall_sex,2020-01-01,Selangor,overall_ethnicity,738.7
35-39,overall_sex,2020-01-01,Selangor,overall_ethnicity,681.7
40-44,overall_sex,2020-01-01,Selangor,overall_ethnicity,509.0
45-49,overall_sex,2020-01-01,Selangor,overall_ethnicity,429.3
50-54,overall_sex,2020-01-01,Selangor,overall_ethnicity,358.7
55-59,overall_sex,2020-01-01,Selangor,overall_ethnicity,301.1
60-64,overall_sex,2020-01-01,Selangor,overall_ethnicity,231.8
65-69,overall_sex,2020-01-01,Selangor,overall_ethnicity,208.1
70-74,overall_sex,2020-01-01,Selangor,overall_ethnicity,142.2
75-79,overall_sex,2020-01-01,Selangor,overall_ethnicity,66.3
80-84,overall_sex,2020-01-01,Selangor,overall_ethnicity,36.5
85+,overall_sex,2020-01-01,Selangor,overall_ethnicity,29.5
overall_age,male,2020-01-01,Selangor,overall_ethnicity,3710.8
0-4,male,2020-01-01,Selangor,overall_ethnicity,271.5
5-9,male,2020-01-01,Selangor,overall_ethnicity,280.8
10-14,male,2020-01-01,Selangor,overall_ethnicity,241.9
15-19,male,2020-01-01,Selangor,overall_ethnicity,278.0
20-24,male,2020-01-01,Selangor,overall_ethnicity,318.8
25-29,male,2020-01-01,Selangor,overall_ethnicity,351.8
30-34,male,2020-01-01,Selangor,overall_ethnicity,391.9
35-39,male,2020-01-01,Selangor,overall_ethnicity,359.5
40-44,male,2020-01-01,Selangor,overall_ethnicity,276.5
45-49,male,2020-01-01,Selangor,overall_ethnicity,229.0
50-54,male,2020-01-01,Selangor,overall_ethnicity,189.0
55-59,male,2020-01-01,Selangor,overall_ethnicity,159.3
60-64,male,2020-01-01,Selangor,overall_ethnicity,121.3
65-69,male,2020-01-01,Selangor,overall_ethnicity,107.7
70-74,male,2020-01-01,Selangor,overall_ethnicity,67.5
75-79,male,2020-01-01,Selangor,overall_ethnicity,32.0
80-84,male,2020-01-01,Selangor,overall_ethnicity,17.6
85+,male,2020-01-01,Selangor,overall_ethnicity,16.6
overall_age,female,2020-01-01,Selangor,overall_ethnicity,3283.7
0-4,female,2020-01-01,Selangor,overall_ethnicity,260.9
5-9,female,2020-01-01,Selangor,overall_ethnicity,260.3
10-14,female,2020-01-01,Selangor,overall_ethnicity,234.2
15-19,female,2020-01-01,Selangor,overall_ethnicity,248.6
20-24,female,2020-01-01,Selangor,overall_ethnicity,242.2
25-29,female,2020-01-01,Selangor,overall_ethnicity,272.3
30-34,female,2020-01-01,Selangor,overall_ethnicity,346.8
35-39,female,2020-01-01,Selangor,overall_ethnicity,322.2
40-44,female,2020-01-01,Selangor,overall_ethnicity,232.5
45-49,female,2020-01-01,Selangor,overall_ethnicity,200.4
50-54,female,2020-01-01,Selangor,overall_ethnicity,169.7
55-59,female,2020-01-01,Selangor,overall_ethnicity,141.8
60-64,female,2020-01-01,Selangor,overall_ethnicity,110.5
65-69,female,2020-01-01,Selangor,overall_ethnicity,100.4
70-74,female,2020-01-01,Selangor,overall_ethnicity,74.7
75-79,female,2020-01-01,Selangor,overall_ethnicity,34.3
80-84,female,2020-01-01,Selangor,overall_ethnicity,18.9
85+,female,2020-01-01,Selangor,overall_ethnicity,12.9
overall_age,overall_sex,2020-01-01,Terengganu,overall_ethnicity,1149.4
0-4,overall_sex,2020-01-01,Terengganu,overall_ethnicity,109.4
5-9,overall_sex,2020-01-01,Terengganu,overall_ethnicity,109.6
10-14,overall_sex,2020-01-01,Terengganu,overall_ethnicity,110.1
15-19,overall_sex,2020-01-01,Terengganu,overall_ethnicity,112.8
20-24,overall_sex,2020-01-01,Terengganu,overall_ethnicity,107.7
25-29,overall_sex,2020-01-01,Terengganu,overall_ethnicity,92.1
30-34,overall_sex,2020-01-01,Terengganu,overall_ethnicity,90.1
35-39,overall_sex,2020-01-01,Terengganu,overall_ethnicity,86.5
40-44,overall_sex,2020-01-01,Terengganu,overall_ethnicity,67.1
45-49,overall_sex,2020-01-01,Terengganu,overall_ethnicity,58.9
50-54,overall_sex,2020-01-01,Terengganu,overall_ethnicity,52.3
55-59,overall_sex,2020-01-01,Terengganu,overall_ethnicity,50.5
60-64,overall_sex,2020-01-01,Terengganu,overall_ethnicity,39.1
65-69,overall_sex,2020-01-01,Terengganu,overall_ethnicity,27.4
70-74,overall_sex,2020-01-01,Terengganu,overall_ethnicity,17.0
75-79,overall_sex,2020-01-01,Terengganu,overall_ethnicity,10.3
80-84,overall_sex,2020-01-01,Terengganu,overall_ethnicity,6.0
85+,overall_sex,2020-01-01,Terengganu,overall_ethnicity,2.6
overall_age,male,2020-01-01,Terengganu,overall_ethnicity,587.9
0-4,male,2020-01-01,Terengganu,overall_ethnicity,55.3
5-9,male,2020-01-01,Terengganu,overall_ethnicity,56.3
10-14,male,2020-01-01,Terengganu,overall_ethnicity,56.9
15-19,male,2020-01-01,Terengganu,overall_ethnicity,58.4
20-24,male,2020-01-01,Terengganu,overall_ethnicity,55.1
25-29,male,2020-01-01,Terengganu,overall_ethnicity,49.2
30-34,male,2020-01-01,Terengganu,overall_ethnicity,47.8
35-39,male,2020-01-01,Terengganu,overall_ethnicity,46.0
40-44,male,2020-01-01,Terengganu,overall_ethnicity,35.1
45-49,male,2020-01-01,Terengganu,overall_ethnicity,29.5
50-54,male,2020-01-01,Terengganu,overall_ethnicity,25.3
55-59,male,2020-01-01,Terengganu,overall_ethnicity,24.6
60-64,male,2020-01-01,Terengganu,overall_ethnicity,18.9
65-69,male,2020-01-01,Terengganu,overall_ethnicity,13.4
70-74,male,2020-01-01,Terengganu,overall_ethnicity,8.4
75-79,male,2020-01-01,Terengganu,overall_ethnicity,4.5
80-84,male,2020-01-01,Terengganu,overall_ethnicity,2.3
85+,male,2020-01-01,Terengganu,overall_ethnicity,0.9
overall_age,female,2020-01-01,Terengganu,overall_ethnicity,561.6
0-4,female,2020-01-01,Terengganu,overall_ethnicity,54.1
5-9,female,2020-01-01,Terengganu,overall_ethnicity,53.3
10-14,female,2020-01-01,Terengganu,overall_ethnicity,53.2
15-19,female,2020-01-01,Terengganu,overall_ethnicity,54.4
20-24,female,2020-01-01,Terengganu,overall_ethnicity,52.6
25-29,female,2020-01-01,Terengganu,overall_ethnicity,42.9
30-34,female,2020-01-01,Terengganu,overall_ethnicity,42.3
35-39,female,2020-01-01,Terengganu,overall_ethnicity,40.5
40-44,female,2020-01-01,Terengganu,overall_ethnicity,32.0
45-49,female,2020-01-01,Terengganu,overall_ethnicity,29.4
50-54,female,2020-01-01,Terengganu,overall_ethnicity,27.1
55-59,female,2020-01-01,Terengganu,overall_ethnicity,25.8
60-64,female,2020-01-01,Terengganu,overall_ethnicity,20.2
65-69,female,2020-01-01,Terengganu,overall_ethnicity,14.0
70-74,female,2020-01-01,Terengganu,overall_ethnicity,8.6
75-79,female,2020-01-01,Terengganu,overall_ethnicity,5.7
80-84,female,2020-01-01,Terengganu,overall_ethnicity,3.6
85+,female,2020-01-01,Terengganu,overall_ethnicity,1.7
overall_age,overall_sex,2020-01-01,W.P. Kuala Lumpur,overall_ethnicity,1982.1
0-4,overall_sex,2020-01-01,W.P. Kuala Lumpur,overall_ethnicity,129.1
5-9,overall_sex,2020-01-01,W.P. Kuala Lumpur,overall_ethnicity,125.9
10-14,overall_sex,2020-01-01,W.P. Kuala Lumpur,overall_ethnicity,140.8
15-19,overall_sex,2020-01-01,W.P. Kuala Lumpur,overall_ethnicity,134.8
20-24,overall_sex,2020-01-01,W.P. Kuala Lumpur,overall_ethnicity,116.2
25-29,overall_sex,2020-01-01,W.P. Kuala Lumpur,overall_ethnicity,183.7
30-34,overall_sex,2020-01-01,W.P. Kuala Lumpur,overall_ethnicity,224.3
35-39,overall_sex,2020-01-01,W.P. Kuala Lumpur,overall_ethnicity,250.9
40-44,overall_sex,2020-01-01,W.P. Kuala Lumpur,overall_ethnicity,187.7
45-49,overall_sex,2020-01-01,W.P. Kuala Lumpur,overall_ethnicity,143.5
50-54,overall_sex,2020-01-01,W.P. Kuala Lumpur,overall_ethnicity,85.9
55-59,overall_sex,2020-01-01,W.P. Kuala Lumpur,overall_ethnicity,78.0
60-64,overall_sex,2020-01-01,W.P. Kuala Lumpur,overall_ethnicity,50.9
65-69,overall_sex,2020-01-01,W.P. Kuala Lumpur,overall_ethnicity,52.2
70-74,overall_sex,2020-01-01,W.P. Kuala Lumpur,overall_ethnicity,37.5
75-79,overall_sex,2020-01-01,W.P. Kuala Lumpur,overall_ethnicity,21.6
80-84,overall_sex,2020-01-01,W.P. Kuala Lumpur,overall_ethnicity,11.5
85+,overall_sex,2020-01-01,W.P. Kuala Lumpur,overall_ethnicity,7.5
overall_age,male,2020-01-01,W.P. Kuala Lumpur,overall_ethnicity,1058.9
0-4,male,2020-01-01,W.P. Kuala Lumpur,overall_ethnicity,65.5
5-9,male,2020-01-01,W.P. Kuala Lumpur,overall_ethnicity,66.5
10-14,male,2020-01-01,W.P. Kuala Lumpur,overall_ethnicity,72.9
15-19,male,2020-01-01,W.P. Kuala Lumpur,overall_ethnicity,71.4
20-24,male,2020-01-01,W.P. Kuala Lumpur,overall_ethnicity,61.9
25-29,male,2020-01-01,W.P. Kuala Lumpur,overall_ethnicity,98.6
30-34,male,2020-01-01,W.P. Kuala Lumpur,overall_ethnicity,123.3
35-39,male,2020-01-01,W.P. Kuala Lumpur,overall_ethnicity,140.0
40-44,male,2020-01-01,W.P. Kuala Lumpur,overall_ethnicity,103.9
45-49,male,2020-01-01,W.P. Kuala Lumpur,overall_ethnicity,81.1
50-54,male,2020-01-01,W.P. Kuala Lumpur,overall_ethnicity,44.5
55-59,male,2020-01-01,W.P. Kuala Lumpur,overall_ethnicity,39.3
60-64,male,2020-01-01,W.P. Kuala Lumpur,overall_ethnicity,25.0
65-69,male,2020-01-01,W.P. Kuala Lumpur,overall_ethnicity,25.9
70-74,male,2020-01-01,W.P. Kuala Lumpur,overall_ethnicity,18.7
75-79,male,2020-01-01,W.P. Kuala Lumpur,overall_ethnicity,10.1
80-84,male,2020-01-01,W.P. Kuala Lumpur,overall_ethnicity,6.1
85+,male,2020-01-01,W.P. Kuala Lumpur,overall_ethnicity,4.1
overall_age,female,2020-01-01,W.P. Kuala Lumpur,overall_ethnicity,923.2
0-4,female,2020-01-01,W.P. Kuala Lumpur,overall_ethnicity,63.6
5-9,female,2020-01-01,W.P. Kuala Lumpur,overall_ethnicity,59.4
10-14,female,2020-01-01,W.P. Kuala Lumpur,overall_ethnicity,67.9
15-19,female,2020-01-01,W.P. Kuala Lumpur,overall_ethnicity,63.4
20-24,female,2020-01-01,W.P. Kuala Lumpur,overall_ethnicity,54.2
25-29,female,2020-01-01,W.P. Kuala Lumpur,overall_ethnicity,85.1
30-34,female,2020-01-01,W.P. Kuala Lumpur,overall_ethnicity,101.1
35-39,female,2020-01-01,W.P. Kuala Lumpur,overall_ethnicity,110.9
40-44,female,2020-01-01,W.P. Kuala Lumpur,overall_ethnicity,83.8
45-49,female,2020-01-01,W.P. Kuala Lumpur,overall_ethnicity,62.4
50-54,female,2020-01-01,W.P. Kuala Lumpur,overall_ethnicity,41.4
55-59,female,2020-01-01,W.P. Kuala Lumpur,overall_ethnicity,38.6
60-64,female,2020-01-01,W.P. Kuala Lumpur,overall_ethnicity,25.9
65-69,female,2020-01-01,W.P. Kuala Lumpur,overall_ethnicity,26.3
70-74,female,2020-01-01,W.P. Kuala Lumpur,overall_ethnicity,18.9
75-79,female,2020-01-01,W.P. Kuala Lumpur,overall_ethnicity,11.5
80-84,female,2020-01-01,W.P. Kuala Lumpur,overall_ethnicity,5.4
85+,female,2020-01-01,W.P. Kuala Lumpur,overall_ethnicity,3.4
overall_age,overall_sex,2020-01-01,W.P. Labuan,overall_ethnicity,95.1
0-4,overall_sex,2020-01-01,W.P. Labuan,overall_ethnicity,10.0
5-9,overall_sex,2020-01-01,W.P. Labuan,overall_ethnicity,8.2
10-14,overall_sex,2020-01-01,W.P. Labuan,overall_ethnicity,7.8
15-19,overall_sex,2020-01-01,W.P. Labuan,overall_ethnicity,8.7
20-24,overall_sex,2020-01-01,W.P. Labuan,overall_ethnicity,8.1
25-29,overall_sex,2020-01-01,W.P. Labuan,overall_ethnicity,8.7
30-34,overall_sex,2020-01-01,W.P. Labuan,overall_ethnicity,8.6
35-39,overall_sex,2020-01-01,W.P. Labuan,overall_ethnicity,10.0
40-44,overall_sex,2020-01-01,W.P. Labuan,overall_ethnicity,5.4
45-49,overall_sex,2020-01-01,W.P. Labuan,overall_ethnicity,4.7
50-54,overall_sex,2020-01-01,W.P. Labuan,overall_ethnicity,4.3
55-59,overall_sex,2020-01-01,W.P. Labuan,overall_ethnicity,3.8
60-64,overall_sex,2020-01-01,W.P. Labuan,overall_ethnicity,2.7
65-69,overall_sex,2020-01-01,W.P. Labuan,overall_ethnicity,1.7
70-74,overall_sex,2020-01-01,W.P. Labuan,overall_ethnicity,1.0
75-79,overall_sex,2020-01-01,W.P. Labuan,overall_ethnicity,0.5
80-84,overall_sex,2020-01-01,W.P. Labuan,overall_ethnicity,0.4
85+,overall_sex,2020-01-01,W.P. Labuan,overall_ethnicity,0.4
overall_age,male,2020-01-01,W.P. Labuan,overall_ethnicity,48.9
0-4,male,2020-01-01,W.P. Labuan,overall_ethnicity,5.4
5-9,male,2020-01-01,W.P. Labuan,overall_ethnicity,4.4
10-14,male,2020-01-01,W.P. Labuan,overall_ethnicity,4.2
15-19,male,2020-01-01,W.P. Labuan,overall_ethnicity,4.1
20-24,male,2020-01-01,W.P. Labuan,overall_ethnicity,3.8
25-29,male,2020-01-01,W.P. Labuan,overall_ethnicity,4.3
30-34,male,2020-01-01,W.P. Labuan,overall_ethnicity,4.3
35-39,male,2020-01-01,W.P. Labuan,overall_ethnicity,5.6
40-44,male,2020-01-01,W.P. Labuan,overall_ethnicity,3.0
45-49,male,2020-01-01,W.P. Labuan,overall_ethnicity,2.2
50-54,male,2020-01-01,W.P. Labuan,overall_ethnicity,2.1
55-59,male,2020-01-01,W.P. Labuan,overall_ethnicity,2.1
60-64,male,2020-01-01,W.P. Labuan,overall_ethnicity,1.5
65-69,male,2020-01-01,W.P. Labuan,overall_ethnicity,0.9
70-74,male,2020-01-01,W.P. Labuan,overall_ethnicity,0.6
75-79,male,2020-01-01,W.P. Labuan,overall_ethnicity,0.2
80-84,male,2020-01-01,W.P. Labuan,overall_ethnicity,0.2
85+,male,2020-01-01,W.P. Labuan,overall_ethnicity,0.2
overall_age,female,2020-01-01,W.P. Labuan,overall_ethnicity,46.2
0-4,female,2020-01-01,W.P. Labuan,overall_ethnicity,4.6
5-9,female,2020-01-01,W.P. Labuan,overall_ethnicity,3.8
10-14,female,2020-01-01,W.P. Labuan,overall_ethnicity,3.6
15-19,female,2020-01-01,W.P. Labuan,overall_ethnicity,4.6
20-24,female,2020-01-01,W.P. Labuan,overall_ethnicity,4.4
25-29,female,2020-01-01,W.P. Labuan,overall_ethnicity,4.4
30-34,female,2020-01-01,W.P. Labuan,overall_ethnicity,4.3
35-39,female,2020-01-01,W.P. Labuan,overall_ethnicity,4.4
40-44,female,2020-01-01,W.P. Labuan,overall_ethnicity,2.5
45-49,female,2020-01-01,W.P. Labuan,overall_ethnicity,2.5
50-54,female,2020-01-01,W.P. Labuan,overall_ethnicity,2.2
55-59,female,2020-01-01,W.P. Labuan,overall_ethnicity,1.8
60-64,female,2020-01-01,W.P. Labuan,overall_ethnicity,1.3
65-69,female,2020-01-01,W.P. Labuan,overall_ethnicity,0.9
70-74,female,2020-01-01,W.P. Labuan,overall_ethnicity,0.4
75-79,female,2020-01-01,W.P. Labuan,overall_ethnicity,0.3
80-84,female,2020-01-01,W.P. Labuan,overall_ethnicity,0.2
85+,female,2020-01-01,W.P. Labuan,overall_ethnicity,0.2
overall_age,overall_sex,2020-01-01,W.P. Putrajaya,overall_ethnicity,109.2
0-4,overall_sex,2020-01-01,W.P. Putrajaya,overall_ethnicity,12.9
5-9,overall_sex,2020-01-01,W.P. Putrajaya,overall_ethnicity,17.3
10-14,overall_sex,2020-01-01,W.P. Putrajaya,overall_ethnicity,11.3
15-19,overall_sex,2020-01-01,W.P. Putrajaya,overall_ethnicity,5.9
20-24,overall_sex,2020-01-01,W.P. Putrajaya,overall_ethnicity,4.2
25-29,overall_sex,2020-01-01,W.P. Putrajaya,overall_ethnicity,6.4
30-34,overall_sex,2020-01-01,W.P. Putrajaya,overall_ethnicity,11.4
35-39,overall_sex,2020-01-01,W.P. Putrajaya,overall_ethnicity,17.6
40-44,overall_sex,2020-01-01,W.P. Putrajaya,overall_ethnicity,9.4
45-49,overall_sex,2020-01-01,W.P. Putrajaya,overall_ethnicity,4.5
50-54,overall_sex,2020-01-01,W.P. Putrajaya,overall_ethnicity,3.0
55-59,overall_sex,2020-01-01,W.P. Putrajaya,overall_ethnicity,2.3
60-64,overall_sex,2020-01-01,W.P. Putrajaya,overall_ethnicity,1.4
65-69,overall_sex,2020-01-01,W.P. Putrajaya,overall_ethnicity,0.8
70-74,overall_sex,2020-01-01,W.P. Putrajaya,overall_ethnicity,0.4
75-79,overall_sex,2020-01-01,W.P. Putrajaya,overall_ethnicity,0.2
80-84,overall_sex,2020-01-01,W.P. Putrajaya,overall_ethnicity,0.1
85+,overall_sex,2020-01-01,W.P. Putrajaya,overall_ethnicity,0.1
overall_age,male,2020-01-01,W.P. Putrajaya,overall_ethnicity,53.6
0-4,male,2020-01-01,W.P. Putrajaya,overall_ethnicity,6.7
5-9,male,2020-01-01,W.P. Putrajaya,overall_ethnicity,8.9
10-14,male,2020-01-01,W.P. Putrajaya,overall_ethnicity,5.8
15-19,male,2020-01-01,W.P. Putrajaya,overall_ethnicity,3.1
20-24,male,2020-01-01,W.P. Putrajaya,overall_ethnicity,2.0
25-29,male,2020-01-01,W.P. Putrajaya,overall_ethnicity,2.8
30-34,male,2020-01-01,W.P. Putrajaya,overall_ethnicity,5.0
35-39,male,2020-01-01,W.P. Putrajaya,overall_ethnicity,8.1
40-44,male,2020-01-01,W.P. Putrajaya,overall_ethnicity,4.8
45-49,male,2020-01-01,W.P. Putrajaya,overall_ethnicity,2.3
50-54,male,2020-01-01,W.P. Putrajaya,overall_ethnicity,1.5
55-59,male,2020-01-01,W.P. Putrajaya,overall_ethnicity,1.2
60-64,male,2020-01-01,W.P. Putrajaya,overall_ethnicity,0.7
65-69,male,2020-01-01,W.P. Putrajaya,overall_ethnicity,0.4
70-74,male,2020-01-01,W.P. Putrajaya,overall_ethnicity,0.2
75-79,male,2020-01-01,W.P. Putrajaya,overall_ethnicity,0.1
80-84,male,2020-01-01,W.P. Putrajaya,overall_ethnicity,0.0
85+,male,2020-01-01,W.P. Putrajaya,overall_ethnicity,0.0
overall_age,female,2020-01-01,W.P. Putrajaya,overall_ethnicity,55.6
0-4,female,2020-01-01,W.P. Putrajaya,overall_ethnicity,6.2
5-9,female,2020-01-01,W.P. Putrajaya,overall_ethnicity,8.4
10-14,female,2020-01-01,W.P. Putrajaya,overall_ethnicity,5.5
15-19,female,2020-01-01,W.P. Putrajaya,overall_ethnicity,2.8
20-24,female,2020-01-01,W.P. Putrajaya,overall_ethnicity,2.1
25-29,female,2020-01-01,W.P. Putrajaya,overall_ethnicity,3.6
30-34,female,2020-01-01,W.P. Putrajaya,overall_ethnicity,6.4
35-39,female,2020-01-01,W.P. Putrajaya,overall_ethnicity,9.5
40-44,female,2020-01-01,W.P. Putrajaya,overall_ethnicity,4.6
45-49,female,2020-01-01,W.P. Putrajaya,overall_ethnicity,2.2
50-54,female,2020-01-01,W.P. Putrajaya,overall_ethnicity,1.5
55-59,female,2020-01-01,W.P. Putrajaya,overall_ethnicity,1.1
60-64,female,2020-01-01,W.P. Putrajaya,overall_ethnicity,0.8
65-69,female,2020-01-01,W.P. Putrajaya,overall_ethnicity,0.4
70-74,female,2020-01-01,W.P. Putrajaya,overall_ethnicity,0.3
75-79,female,2020-01-01,W.P. Putrajaya,overall_ethnicity,0.1
80-84,female,2020-01-01,W.P. Putrajaya,overall_ethnicity,0.1
85+,female,2020-01-01,W.P. Putrajaya,overall_ethnicity,0.0
overall_age,overall_sex,2020-01-01,Johor,bumi_malay,2158.4
0-4,overall_sex,2020-01-01,Johor,bumi_malay,195.9
5-9,overall_sex,2020-01-01,Johor,bumi_malay,197.4
10-14,overall_sex,2020-01-01,Johor,bumi_malay,197.6
15-19,overall_sex,2020-01-01,Johor,bumi_malay,199.2
20-24,overall_sex,2020-01-01,Johor,bumi_malay,193.8
25-29,overall_sex,2020-01-01,Johor,bumi_malay,173.8
30-34,overall_sex,2020-01-01,Johor,bumi_malay,176.2
35-39,overall_sex,2020-01-01,Johor,bumi_malay,167.4
40-44,overall_sex,2020-01-01,Johor,bumi_malay,128.7
45-49,overall_sex,2020-01-01,Johor,bumi_malay,116.3
50-54,overall_sex,2020-01-01,Johor,bumi_malay,107.8
55-59,overall_sex,2020-01-01,Johor,bumi_malay,98.4
60-64,overall_sex,2020-01-01,Johor,bumi_malay,80.5
65-69,overall_sex,2020-01-01,Johor,bumi_malay,50.1
70-74,overall_sex,2020-01-01,Johor,bumi_malay,34.2
75-79,overall_sex,2020-01-01,Johor,bumi_malay,19.1
80-84,overall_sex,2020-01-01,Johor,bumi_malay,11.6
85+,overall_sex,2020-01-01,Johor,bumi_malay,10.3
overall_age,male,2020-01-01,Johor,bumi_malay,1096.4
0-4,male,2020-01-01,Johor,bumi_malay,98.0
5-9,male,2020-01-01,Johor,bumi_malay,101.6
10-14,male,2020-01-01,Johor,bumi_malay,102.3
15-19,male,2020-01-01,Johor,bumi_malay,102.3
20-24,male,2020-01-01,Johor,bumi_malay,100.6
25-29,male,2020-01-01,Johor,bumi_malay,88.9
30-34,male,2020-01-01,Johor,bumi_malay,90.7
35-39,male,2020-01-01,Johor,bumi_malay,84.2
40-44,male,2020-01-01,Johor,bumi_malay,66.1
45-49,male,2020-01-01,Johor,bumi_malay,58.2
50-54,male,2020-01-01,Johor,bumi_malay,53.2
55-59,male,2020-01-01,Johor,bumi_malay,49.6
60-64,male,2020-01-01,Johor,bumi_malay,39.6
65-69,male,2020-01-01,Johor,bumi_malay,24.7
70-74,male,2020-01-01,Johor,bumi_malay,16.8
75-79,male,2020-01-01,Johor,bumi_malay,9.0
80-84,male,2020-01-01,Johor,bumi_malay,5.2
85+,male,2020-01-01,Johor,bumi_malay,5.3
overall_age,female,2020-01-01,Johor,bumi_malay,1062.0
0-4,female,2020-01-01,Johor,bumi_malay,97.9
5-9,female,2020-01-01,Johor,bumi_malay,95.7
10-14,female,2020-01-01,Johor,bumi_malay,95.3
15-19,female,2020-01-01,Johor,bumi_malay,96.8
20-24,female,2020-01-01,Johor,bumi_malay,93.2
25-29,female,2020-01-01,Johor,bumi_malay,84.9
30-34,female,2020-01-01,Johor,bumi_malay,85.5
35-39,female,2020-01-01,Johor,bumi_malay,83.2
40-44,female,2020-01-01,Johor,bumi_malay,62.6
45-49,female,2020-01-01,Johor,bumi_malay,58.1
50-54,female,2020-01-01,Johor,bumi_malay,54.6
55-59,female,2020-01-01,Johor,bumi_malay,48.8
60-64,female,2020-01-01,Johor,bumi_malay,40.9
65-69,female,2020-01-01,Johor,bumi_malay,25.4
70-74,female,2020-01-01,Johor,bumi_malay,17.5
75-79,female,2020-01-01,Johor,bumi_malay,10.1
80-84,female,2020-01-01,Johor,bumi_malay,6.4
85+,female,2020-01-01,Johor,bumi_malay,5.1
overall_age,overall_sex,2020-01-01,Kedah,bumi_malay,1624.8
0-4,overall_sex,2020-01-01,Kedah,bumi_malay,143.0
5-9,overall_sex,2020-01-01,Kedah,bumi_malay,142.6
10-14,overall_sex,2020-01-01,Kedah,bumi_malay,130.5
15-19,overall_sex,2020-01-01,Kedah,bumi_malay,151.3
20-24,overall_sex,2020-01-01,Kedah,bumi_malay,168.5
25-29,overall_sex,2020-01-01,Kedah,bumi_malay,144.5
30-34,overall_sex,2020-01-01,Kedah,bumi_malay,113.1
35-39,overall_sex,2020-01-01,Kedah,bumi_malay,100.5
40-44,overall_sex,2020-01-01,Kedah,bumi_malay,88.5
45-49,overall_sex,2020-01-01,Kedah,bumi_malay,87.3
50-54,overall_sex,2020-01-01,Kedah,bumi_malay,83.3
55-59,overall_sex,2020-01-01,Kedah,bumi_malay,77.4
60-64,overall_sex,2020-01-01,Kedah,bumi_malay,65.8
65-69,overall_sex,2020-01-01,Kedah,bumi_malay,51.7
70-74,overall_sex,2020-01-01,Kedah,bumi_malay,35.1
75-79,overall_sex,2020-01-01,Kedah,bumi_malay,19.8
80-84,overall_sex,2020-01-01,Kedah,bumi_malay,13.3
85+,overall_sex,2020-01-01,Kedah,bumi_malay,8.8
overall_age,male,2020-01-01,Kedah,bumi_malay,814.7
0-4,male,2020-01-01,Kedah,bumi_malay,75.0
5-9,male,2020-01-01,Kedah,bumi_malay,73.5
10-14,male,2020-01-01,Kedah,bumi_malay,67.1
15-19,male,2020-01-01,Kedah,bumi_malay,78.7
20-24,male,2020-01-01,Kedah,bumi_malay,87.0
25-29,male,2020-01-01,Kedah,bumi_malay,73.9
30-34,male,2020-01-01,Kedah,bumi_malay,56.5
35-39,male,2020-01-01,Kedah,bumi_malay,48.0
40-44,male,2020-01-01,Kedah,bumi_malay,44.4
45-49,male,2020-01-01,Kedah,bumi_malay,42.3
50-54,male,2020-01-01,Kedah,bumi_malay,39.9
55-59,male,2020-01-01,Kedah,bumi_malay,37.7
60-64,male,2020-01-01,Kedah,bumi_malay,31.1
65-69,male,2020-01-01,Kedah,bumi_malay,24.8
70-74,male,2020-01-01,Kedah,bumi_malay,16.8
75-79,male,2020-01-01,Kedah,bumi_malay,8.5
80-84,male,2020-01-01,Kedah,bumi_malay,5.6
85+,male,2020-01-01,Kedah,bumi_malay,4.0
overall_age,female,2020-01-01,Kedah,bumi_malay,810.1
0-4,female,2020-01-01,Kedah,bumi_malay,68.0
5-9,female,2020-01-01,Kedah,bumi_malay,69.1
10-14,female,2020-01-01,Kedah,bumi_malay,63.5
15-19,female,2020-01-01,Kedah,bumi_malay,72.5
20-24,female,2020-01-01,Kedah,bumi_malay,81.5
25-29,female,2020-01-01,Kedah,bumi_malay,70.7
30-34,female,2020-01-01,Kedah,bumi_malay,56.5
35-39,female,2020-01-01,Kedah,bumi_malay,52.5
40-44,female,2020-01-01,Kedah,bumi_malay,44.1
45-49,female,2020-01-01,Kedah,bumi_malay,45.0
50-54,female,2020-01-01,Kedah,bumi_malay,43.4
55-59,female,2020-01-01,Kedah,bumi_malay,39.6
60-64,female,2020-01-01,Kedah,bumi_malay,34.7
65-69,female,2020-01-01,Kedah,bumi_malay,26.9
70-74,female,2020-01-01,Kedah,bumi_malay,18.3
75-79,female,2020-01-01,Kedah,bumi_malay,11.3
80-84,female,2020-01-01,Kedah,bumi_malay,7.7
85+,female,2020-01-01,Kedah,bumi_malay,4.8
overall_age,overall_sex,2020-01-01,Kelantan,bumi_malay,1671.4
0-4,overall_sex,2020-01-01,Kelantan,bumi_malay,165.2
5-9,overall_sex,2020-01-01,Kelantan,bumi_malay,177.3
10-14,overall_sex,2020-01-01,Kelantan,bumi_malay,169.8
15-19,overall_sex,2020-01-01,Kelantan,bumi_malay,198.5
20-24,overall_sex,2020-01-01,Kelantan,bumi_malay,160.1
25-29,overall_sex,2020-01-01,Kelantan,bumi_malay,118.4
30-34,overall_sex,2020-01-01,Kelantan,bumi_malay,106.4
35-39,overall_sex,2020-01-01,Kelantan,bumi_malay,97.7
40-44,overall_sex,2020-01-01,Kelantan,bumi_malay,79.9
45-49,overall_sex,2020-01-01,Kelantan,bumi_malay,79.4
50-54,overall_sex,2020-01-01,Kelantan,bumi_malay,75.6
55-59,overall_sex,2020-01-01,Kelantan,bumi_malay,77.1
60-64,overall_sex,2020-01-01,Kelantan,bumi_malay,61.1
65-69,overall_sex,2020-01-01,Kelantan,bumi_malay,43.0
70-74,overall_sex,2020-01-01,Kelantan,bumi_malay,30.5
75-79,overall_sex,2020-01-01,Kelantan,bumi_malay,17.0
80-84,overall_sex,2020-01-01,Kelantan,bumi_malay,9.0
85+,overall_sex,2020-01-01,Kelantan,bumi_malay,5.2
overall_age,male,2020-01-01,Kelantan,bumi_malay,833.6
0-4,male,2020-01-01,Kelantan,bumi_malay,84.3
5-9,male,2020-01-01,Kelantan,bumi_malay,91.5
10-14,male,2020-01-01,Kelantan,bumi_malay,87.5
15-19,male,2020-01-01,Kelantan,bumi_malay,100.1
20-24,male,2020-01-01,Kelantan,bumi_malay,78.2
25-29,male,2020-01-01,Kelantan,bumi_malay,60.0
30-34,male,2020-01-01,Kelantan,bumi_malay,53.9
35-39,male,2020-01-01,Kelantan,bumi_malay,49.6
40-44,male,2020-01-01,Kelantan,bumi_malay,40.1
45-49,male,2020-01-01,Kelantan,bumi_malay,38.2
50-54,male,2020-01-01,Kelantan,bumi_malay,35.9
55-59,male,2020-01-01,Kelantan,bumi_malay,37.2
60-64,male,2020-01-01,Kelantan,bumi_malay,28.9
65-69,male,2020-01-01,Kelantan,bumi_malay,20.5
70-74,male,2020-01-01,Kelantan,bumi_malay,14.7
75-79,male,2020-01-01,Kelantan,bumi_malay,7.6
80-84,male,2020-01-01,Kelantan,bumi_malay,3.5
85+,male,2020-01-01,Kelantan,bumi_malay,1.9
overall_age,female,2020-01-01,Kelantan,bumi_malay,837.8
0-4,female,2020-01-01,Kelantan,bumi_malay,81.0
5-9,female,2020-01-01,Kelantan,bumi_malay,85.8
10-14,female,2020-01-01,Kelantan,bumi_malay,82.2
15-19,female,2020-01-01,Kelantan,bumi_malay,98.4
20-24,female,2020-01-01,Kelantan,bumi_malay,82.0
25-29,female,2020-01-01,Kelantan,bumi_malay,58.4
30-34,female,2020-01-01,Kelantan,bumi_malay,52.5
35-39,female,2020-01-01,Kelantan,bumi_malay,48.1
40-44,female,2020-01-01,Kelantan,bumi_malay,39.8
45-49,female,2020-01-01,Kelantan,bumi_malay,41.3
50-54,female,2020-01-01,Kelantan,bumi_malay,39.7
55-59,female,2020-01-01,Kelantan,bumi_malay,39.9
60-64,female,2020-01-01,Kelantan,bumi_malay,32.3
65-69,female,2020-01-01,Kelantan,bumi_malay,22.5
70-74,female,2020-01-01,Kelantan,bumi_malay,15.7
75-79,female,2020-01-01,Kelantan,bumi_malay,9.4
80-84,female,2020-01-01,Kelantan,bumi_malay,5.6
85+,female,2020-01-01,Kelantan,bumi_malay,3.3
overall_age,overall_sex,2020-01-01,Melaka,bumi_malay,653.9
0-4,overall_sex,2020-01-01,Melaka,bumi_malay,62.9
5-9,overall_sex,2020-01-01,Melaka,bumi_malay,63.3
10-14,overall_sex,2020-01-01,Melaka,bumi_malay,50.2
15-19,overall_sex,2020-01-01,Melaka,bumi_malay,77.1
20-24,overall_sex,2020-01-01,Melaka,bumi_malay,65.5
25-29,overall_sex,2020-01-01,Melaka,bumi_malay,53.3
30-34,overall_sex,2020-01-01,Melaka,bumi_malay,48.4
35-39,overall_sex,2020-01-01,Melaka,bumi_malay,47.3
40-44,overall_sex,2020-01-01,Melaka,bumi_malay,52.6
45-49,overall_sex,2020-01-01,Melaka,bumi_malay,28.1
50-54,overall_sex,2020-01-01,Melaka,bumi_malay,25.5
55-59,overall_sex,2020-01-01,Melaka,bumi_malay,25.7
60-64,overall_sex,2020-01-01,Melaka,bumi_malay,20.3
65-69,overall_sex,2020-01-01,Melaka,bumi_malay,15.5
70-74,overall_sex,2020-01-01,Melaka,bumi_malay,9.3
75-79,overall_sex,2020-01-01,Melaka,bumi_malay,4.6
80-84,overall_sex,2020-01-01,Melaka,bumi_malay,2.8
85+,overall_sex,2020-01-01,Melaka,bumi_malay,1.5
overall_age,male,2020-01-01,Melaka,bumi_malay,331.1
0-4,male,2020-01-01,Melaka,bumi_malay,32.6
5-9,male,2020-01-01,Melaka,bumi_malay,32.7
10-14,male,2020-01-01,Melaka,bumi_malay,26.2
15-19,male,2020-01-01,Melaka,bumi_malay,40.7
20-24,male,2020-01-01,Melaka,bumi_malay,33.8
25-29,male,2020-01-01,Melaka,bumi_malay,25.9
30-34,male,2020-01-01,Melaka,bumi_malay,24.6
35-39,male,2020-01-01,Melaka,bumi_malay,24.5
40-44,male,2020-01-01,Melaka,bumi_malay,26.5
45-49,male,2020-01-01,Melaka,bumi_malay,13.5
50-54,male,2020-01-01,Melaka,bumi_malay,12.3
55-59,male,2020-01-01,Melaka,bumi_malay,12.6
60-64,male,2020-01-01,Melaka,bumi_malay,9.9
65-69,male,2020-01-01,Melaka,bumi_malay,7.1
70-74,male,2020-01-01,Melaka,bumi_malay,4.4
75-79,male,2020-01-01,Melaka,bumi_malay,2.1
80-84,male,2020-01-01,Melaka,bumi_malay,1.1
85+,male,2020-01-01,Melaka,bumi_malay,0.6
overall_age,female,2020-01-01,Melaka,bumi_malay,322.8
0-4,female,2020-01-01,Melaka,bumi_malay,30.3
5-9,female,2020-01-01,Melaka,bumi_malay,30.5
10-14,female,2020-01-01,Melaka,bumi_malay,24.0
15-19,female,2020-01-01,Melaka,bumi_malay,36.4
20-24,female,2020-01-01,Melaka,bumi_malay,31.7
25-29,female,2020-01-01,Melaka,bumi_malay,27.4
30-34,female,2020-01-01,Melaka,bumi_malay,23.8
35-39,female,2020-01-01,Melaka,bumi_malay,22.8
40-44,female,2020-01-01,Melaka,bumi_malay,26.1
45-49,female,2020-01-01,Melaka,bumi_malay,14.5
50-54,female,2020-01-01,Melaka,bumi_malay,13.2
55-59,female,2020-01-01,Melaka,bumi_malay,13.2
60-64,female,2020-01-01,Melaka,bumi_malay,10.4
65-69,female,2020-01-01,Melaka,bumi_malay,8.3
70-74,female,2020-01-01,Melaka,bumi_malay,4.9
75-79,female,2020-01-01,Melaka,bumi_malay,2.5
80-84,female,2020-01-01,Melaka,bumi_malay,1.7
85+,female,2020-01-01,Melaka,bumi_malay,0.9
overall_age,overall_sex,2020-01-01,Negeri Sembilan,bumi_malay,693.3
0-4,overall_sex,2020-01-01,Negeri Sembilan,bumi_malay,60.7
5-9,overall_sex,2020-01-01,Negeri Sembilan,bumi_malay,71.4
10-14,overall_sex,2020-01-01,Negeri Sembilan,bumi_malay,58.4
15-19,overall_sex,2020-01-01,Negeri Sembilan,bumi_malay,62.7
20-24,overall_sex,2020-01-01,Negeri Sembilan,bumi_malay,61.1
25-29,overall_sex,2020-01-01,Negeri Sembilan,bumi_malay,56.6
30-34,overall_sex,2020-01-01,Negeri Sembilan,bumi_malay,60.6
35-39,overall_sex,2020-01-01,Negeri Sembilan,bumi_malay,56.0
40-44,overall_sex,2020-01-01,Negeri Sembilan,bumi_malay,41.7
45-49,overall_sex,2020-01-01,Negeri Sembilan,bumi_malay,34.4
50-54,overall_sex,2020-01-01,Negeri Sembilan,bumi_malay,29.9
55-59,overall_sex,2020-01-01,Negeri Sembilan,bumi_malay,34.6
60-64,overall_sex,2020-01-01,Negeri Sembilan,bumi_malay,25.5
65-69,overall_sex,2020-01-01,Negeri Sembilan,bumi_malay,19.8
70-74,overall_sex,2020-01-01,Negeri Sembilan,bumi_malay,10.9
75-79,overall_sex,2020-01-01,Negeri Sembilan,bumi_malay,4.8
80-84,overall_sex,2020-01-01,Negeri Sembilan,bumi_malay,2.9
85+,overall_sex,2020-01-01,Negeri Sembilan,bumi_malay,1.3
overall_age,male,2020-01-01,Negeri Sembilan,bumi_malay,350.6
0-4,male,2020-01-01,Negeri Sembilan,bumi_malay,30.9
5-9,male,2020-01-01,Negeri Sembilan,bumi_malay,37.5
10-14,male,2020-01-01,Negeri Sembilan,bumi_malay,31.0
15-19,male,2020-01-01,Negeri Sembilan,bumi_malay,32.4
20-24,male,2020-01-01,Negeri Sembilan,bumi_malay,29.8
25-29,male,2020-01-01,Negeri Sembilan,bumi_malay,28.6
30-34,male,2020-01-01,Negeri Sembilan,bumi_malay,30.7
35-39,male,2020-01-01,Negeri Sembilan,bumi_malay,28.7
40-44,male,2020-01-01,Negeri Sembilan,bumi_malay,20.9
45-49,male,2020-01-01,Negeri Sembilan,bumi_malay,17.5
50-54,male,2020-01-01,Negeri Sembilan,bumi_malay,14.2
55-59,male,2020-01-01,Negeri Sembilan,bumi_malay,17.0
60-64,male,2020-01-01,Negeri Sembilan,bumi_malay,12.1
65-69,male,2020-01-01,Negeri Sembilan,bumi_malay,9.9
70-74,male,2020-01-01,Negeri Sembilan,bumi_malay,5.4
75-79,male,2020-01-01,Negeri Sembilan,bumi_malay,2.3
80-84,male,2020-01-01,Negeri Sembilan,bumi_malay,1.2
85+,male,2020-01-01,Negeri Sembilan,bumi_malay,0.5
overall_age,female,2020-01-01,Negeri Sembilan,bumi_malay,342.6
0-4,female,2020-01-01,Negeri Sembilan,bumi_malay,29.8
5-9,female,2020-01-01,Negeri Sembilan,bumi_malay,33.9
10-14,female,2020-01-01,Negeri Sembilan,bumi_malay,27.4
15-19,female,2020-01-01,Negeri Sembilan,bumi_malay,30.3
20-24,female,2020-01-01,Negeri Sembilan,bumi_malay,31.4
25-29,female,2020-01-01,Negeri Sembilan,bumi_malay,27.9
30-34,female,2020-01-01,Negeri Sembilan,bumi_malay,29.9
35-39,female,2020-01-01,Negeri Sembilan,bumi_malay,27.3
40-44,female,2020-01-01,Negeri Sembilan,bumi_malay,20.8
45-49,female,2020-01-01,Negeri Sembilan,bumi_malay,16.9
50-54,female,2020-01-01,Negeri Sembilan,bumi_malay,15.7
55-59,female,2020-01-01,Negeri Sembilan,bumi_malay,17.6
60-64,female,2020-01-01,Negeri Sembilan,bumi_malay,13.4
65-69,female,2020-01-01,Negeri Sembilan,bumi_malay,9.9
70-74,female,2020-01-01,Negeri Sembilan,bumi_malay,5.5
75-79,female,2020-01-01,Negeri Sembilan,bumi_malay,2.5
80-84,female,2020-01-01,Negeri Sembilan,bumi_malay,1.7
85+,female,2020-01-01,Negeri Sembilan,bumi_malay,0.8
overall_age,overall_sex,2020-01-01,Pahang,bumi_malay,1134.2
0-4,overall_sex,2020-01-01,Pahang,bumi_malay,108.4
5-9,overall_sex,2020-01-01,Pahang,bumi_malay,106.2
10-14,overall_sex,2020-01-01,Pahang,bumi_malay,107.0
15-19,overall_sex,2020-01-01,Pahang,bumi_malay,116.8
20-24,overall_sex,2020-01-01,Pahang,bumi_malay,87.1
25-29,overall_sex,2020-01-01,Pahang,bumi_malay,78.8
30-34,overall_sex,2020-01-01,Pahang,bumi_malay,88.2
35-39,overall_sex,2020-01-01,Pahang,bumi_malay,93.8
40-44,overall_sex,2020-01-01,Pahang,bumi_malay,80.7
45-49,overall_sex,2020-01-01,Pahang,bumi_malay,60.7
50-54,overall_sex,2020-01-01,Pahang,bumi_malay,48.9
55-59,overall_sex,2020-01-01,Pahang,bumi_malay,47.3
60-64,overall_sex,2020-01-01,Pahang,bumi_malay,35.7
65-69,overall_sex,2020-01-01,Pahang,bumi_malay,29.7
70-74,overall_sex,2020-01-01,Pahang,bumi_malay,22.3
75-79,overall_sex,2020-01-01,Pahang,bumi_malay,10.7
80-84,overall_sex,2020-01-01,Pahang,bumi_malay,6.7
85+,overall_sex,2020-01-01,Pahang,bumi_malay,5.4
overall_age,male,2020-01-01,Pahang,bumi_malay,577.7
0-4,male,2020-01-01,Pahang,bumi_malay,55.3
5-9,male,2020-01-01,Pahang,bumi_malay,54.2
10-14,male,2020-01-01,Pahang,bumi_malay,55.9
15-19,male,2020-01-01,Pahang,bumi_malay,61.1
20-24,male,2020-01-01,Pahang,bumi_malay,44.9
25-29,male,2020-01-01,Pahang,bumi_malay,40.4
30-34,male,2020-01-01,Pahang,bumi_malay,44.3
35-39,male,2020-01-01,Pahang,bumi_malay,48.3
40-44,male,2020-01-01,Pahang,bumi_malay,40.2
45-49,male,2020-01-01,Pahang,bumi_malay,30.8
50-54,male,2020-01-01,Pahang,bumi_malay,24.4
55-59,male,2020-01-01,Pahang,bumi_malay,23.6
60-64,male,2020-01-01,Pahang,bumi_malay,17.4
65-69,male,2020-01-01,Pahang,bumi_malay,14.7
70-74,male,2020-01-01,Pahang,bumi_malay,11.2
75-79,male,2020-01-01,Pahang,bumi_malay,5.3
80-84,male,2020-01-01,Pahang,bumi_malay,3.0
85+,male,2020-01-01,Pahang,bumi_malay,2.8
overall_age,female,2020-01-01,Pahang,bumi_malay,556.6
0-4,female,2020-01-01,Pahang,bumi_malay,53.1
5-9,female,2020-01-01,Pahang,bumi_malay,52.0
10-14,female,2020-01-01,Pahang,bumi_malay,51.2
15-19,female,2020-01-01,Pahang,bumi_malay,55.7
20-24,female,2020-01-01,Pahang,bumi_malay,42.2
25-29,female,2020-01-01,Pahang,bumi_malay,38.4
30-34,female,2020-01-01,Pahang,bumi_malay,43.9
35-39,female,2020-01-01,Pahang,bumi_malay,45.5
40-44,female,2020-01-01,Pahang,bumi_malay,40.5
45-49,female,2020-01-01,Pahang,bumi_malay,29.9
50-54,female,2020-01-01,Pahang,bumi_malay,24.5
55-59,female,2020-01-01,Pahang,bumi_malay,23.7
60-64,female,2020-01-01,Pahang,bumi_malay,18.3
65-69,female,2020-01-01,Pahang,bumi_malay,15.1
70-74,female,2020-01-01,Pahang,bumi_malay,11.1
75-79,female,2020-01-01,Pahang,bumi_malay,5.4
80-84,female,2020-01-01,Pahang,bumi_malay,3.6
85+,female,2020-01-01,Pahang,bumi_malay,2.6
overall_age,overall_sex,2020-01-01,Perak,bumi_malay,1364.8
0-4,overall_sex,2020-01-01,Perak,bumi_malay,113.7
5-9,overall_sex,2020-01-01,Perak,bumi_malay,134.9
10-14,overall_sex,2020-01-01,Perak,bumi_malay,121.9
15-19,overall_sex,2020-01-01,Perak,bumi_malay,135.0
20-24,overall_sex,2020-01-01,Perak,bumi_malay,126.1
25-29,overall_sex,2020-01-01,Perak,bumi_malay,99.4
30-34,overall_sex,2020-01-01,Perak,bumi_malay,101.2
35-39,overall_sex,2020-01-01,Perak,bumi_malay,102.1
40-44,overall_sex,2020-01-01,Perak,bumi_malay,83.6
45-49,overall_sex,2020-01-01,Perak,bumi_malay,66.5
50-54,overall_sex,2020-01-01,Perak,bumi_malay,64.9
55-59,overall_sex,2020-01-01,Perak,bumi_malay,68.7
60-64,overall_sex,2020-01-01,Perak,bumi_malay,54.2
65-69,overall_sex,2020-01-01,Perak,bumi_malay,41.3
70-74,overall_sex,2020-01-01,Perak,bumi_malay,26.4
75-79,overall_sex,2020-01-01,Perak,bumi_malay,12.7
80-84,overall_sex,2020-01-01,Perak,bumi_malay,8.2
85+,overall_sex,2020-01-01,Perak,bumi_malay,4.2
overall_age,male,2020-01-01,Perak,bumi_malay,685.4
0-4,male,2020-01-01,Perak,bumi_malay,58.8
5-9,male,2020-01-01,Perak,bumi_malay,69.9
10-14,male,2020-01-01,Perak,bumi_malay,63.4
15-19,male,2020-01-01,Perak,bumi_malay,69.9
20-24,male,2020-01-01,Perak,bumi_malay,64.2
25-29,male,2020-01-01,Perak,bumi_malay,51.0
30-34,male,2020-01-01,Perak,bumi_malay,51.1
35-39,male,2020-01-01,Perak,bumi_malay,51.8
40-44,male,2020-01-01,Perak,bumi_malay,42.3
45-49,male,2020-01-01,Perak,bumi_malay,31.8
50-54,male,2020-01-01,Perak,bumi_malay,30.8
55-59,male,2020-01-01,Perak,bumi_malay,33.1
60-64,male,2020-01-01,Perak,bumi_malay,25.9
65-69,male,2020-01-01,Perak,bumi_malay,19.3
70-74,male,2020-01-01,Perak,bumi_malay,12.0
75-79,male,2020-01-01,Perak,bumi_malay,5.4
80-84,male,2020-01-01,Perak,bumi_malay,3.2
85+,male,2020-01-01,Perak,bumi_malay,1.4
overall_age,female,2020-01-01,Perak,bumi_malay,679.3
0-4,female,2020-01-01,Perak,bumi_malay,54.8
5-9,female,2020-01-01,Perak,bumi_malay,65.0
10-14,female,2020-01-01,Perak,bumi_malay,58.4
15-19,female,2020-01-01,Perak,bumi_malay,65.1
20-24,female,2020-01-01,Perak,bumi_malay,61.9
25-29,female,2020-01-01,Perak,bumi_malay,48.3
30-34,female,2020-01-01,Perak,bumi_malay,50.1
35-39,female,2020-01-01,Perak,bumi_malay,50.3
40-44,female,2020-01-01,Perak,bumi_malay,41.2
45-49,female,2020-01-01,Perak,bumi_malay,34.7
50-54,female,2020-01-01,Perak,bumi_malay,34.0
55-59,female,2020-01-01,Perak,bumi_malay,35.6
60-64,female,2020-01-01,Perak,bumi_malay,28.3
65-69,female,2020-01-01,Perak,bumi_malay,22.1
70-74,female,2020-01-01,Perak,bumi_malay,14.3
75-79,female,2020-01-01,Perak,bumi_malay,7.3
80-84,female,2020-01-01,Perak,bumi_malay,5.0
85+,female,2020-01-01,Perak,bumi_malay,2.8
overall_age,overall_sex,2020-01-01,Perlis,bumi_malay,245.4
0-4,overall_sex,2020-01-01,Perlis,bumi_malay,17.6
5-9,overall_sex,2020-01-01,Perlis,bumi_malay,17.7
10-14,overall_sex,2020-01-01,Perlis,bumi_malay,18.0
15-19,overall_sex,2020-01-01,Perlis,bumi_malay,33.4
20-24,overall_sex,2020-01-01,Perlis,bumi_malay,26.6
25-29,overall_sex,2020-01-01,Perlis,bumi_malay,17.8
30-34,overall_sex,2020-01-01,Perlis,bumi_malay,16.9
35-39,overall_sex,2020-01-01,Perlis,bumi_malay,16.3
40-44,overall_sex,2020-01-01,Perlis,bumi_malay,21.8
45-49,overall_sex,2020-01-01,Perlis,bumi_malay,10.7
50-54,overall_sex,2020-01-01,Perlis,bumi_malay,10.5
55-59,overall_sex,2020-01-01,Perlis,bumi_malay,10.7
60-64,overall_sex,2020-01-01,Perlis,bumi_malay,8.8
65-69,overall_sex,2020-01-01,Perlis,bumi_malay,7.7
70-74,overall_sex,2020-01-01,Perlis,bumi_malay,5.0
75-79,overall_sex,2020-01-01,Perlis,bumi_malay,2.9
80-84,overall_sex,2020-01-01,Perlis,bumi_malay,1.9
85+,overall_sex,2020-01-01,Perlis,bumi_malay,1.1
overall_age,male,2020-01-01,Perlis,bumi_malay,122.3
0-4,male,2020-01-01,Perlis,bumi_malay,9.1
5-9,male,2020-01-01,Perlis,bumi_malay,9.2
10-14,male,2020-01-01,Perlis,bumi_malay,9.2
15-19,male,2020-01-01,Perlis,bumi_malay,17.4
20-24,male,2020-01-01,Perlis,bumi_malay,13.0
25-29,male,2020-01-01,Perlis,bumi_malay,9.4
30-34,male,2020-01-01,Perlis,bumi_malay,8.7
35-39,male,2020-01-01,Perlis,bumi_malay,8.3
40-44,male,2020-01-01,Perlis,bumi_malay,10.7
45-49,male,2020-01-01,Perlis,bumi_malay,4.7
50-54,male,2020-01-01,Perlis,bumi_malay,5.1
55-59,male,2020-01-01,Perlis,bumi_malay,5.2
60-64,male,2020-01-01,Perlis,bumi_malay,4.2
65-69,male,2020-01-01,Perlis,bumi_malay,3.4
70-74,male,2020-01-01,Perlis,bumi_malay,2.4
75-79,male,2020-01-01,Perlis,bumi_malay,1.3
80-84,male,2020-01-01,Perlis,bumi_malay,0.8
85+,male,2020-01-01,Perlis,bumi_malay,0.4
overall_age,female,2020-01-01,Perlis,bumi_malay,123.1
0-4,female,2020-01-01,Perlis,bumi_malay,8.5
5-9,female,2020-01-01,Perlis,bumi_malay,8.5
10-14,female,2020-01-01,Perlis,bumi_malay,8.6
15-19,female,2020-01-01,Perlis,bumi_malay,16.0
20-24,female,2020-01-01,Perlis,bumi_malay,13.6
25-29,female,2020-01-01,Perlis,bumi_malay,8.4
30-34,female,2020-01-01,Perlis,bumi_malay,8.2
35-39,female,2020-01-01,Perlis,bumi_malay,8.1
40-44,female,2020-01-01,Perlis,bumi_malay,11.2
45-49,female,2020-01-01,Perlis,bumi_malay,6.1
50-54,female,2020-01-01,Perlis,bumi_malay,5.4
55-59,female,2020-01-01,Perlis,bumi_malay,5.6
60-64,female,2020-01-01,Perlis,bumi_malay,4.6
65-69,female,2020-01-01,Perlis,bumi_malay,4.4
70-74,female,2020-01-01,Perlis,bumi_malay,2.7
75-79,female,2020-01-01,Perlis,bumi_malay,1.6
80-84,female,2020-01-01,Perlis,bumi_malay,1.1
85+,female,2020-01-01,Perlis,bumi_malay,0.8
overall_age,overall_sex,2020-01-01,Pulau Pinang,bumi_malay,707.9
0-4,overall_sex,2020-01-01,Pulau Pinang,bumi_malay,50.3
5-9,overall_sex,2020-01-01,Pulau Pinang,bumi_malay,49.5
10-14,overall_sex,2020-01-01,Pulau Pinang,bumi_malay,49.5
15-19,overall_sex,2020-01-01,Pulau Pinang,bumi_malay,61.4
20-24,overall_sex,2020-01-01,Pulau Pinang,bumi_malay,69.8
25-29,overall_sex,2020-01-01,Pulau Pinang,bumi_malay,71.5
30-34,overall_sex,2020-01-01,Pulau Pinang,bumi_malay,72.1
35-39,overall_sex,2020-01-01,Pulau Pinang,bumi_malay,66.7
40-44,overall_sex,2020-01-01,Pulau Pinang,bumi_malay,48.2
45-49,overall_sex,2020-01-01,Pulau Pinang,bumi_malay,44.1
50-54,overall_sex,2020-01-01,Pulau Pinang,bumi_malay,37.7
55-59,overall_sex,2020-01-01,Pulau Pinang,bumi_malay,31.2
60-64,overall_sex,2020-01-01,Pulau Pinang,bumi_malay,25.7
65-69,overall_sex,2020-01-01,Pulau Pinang,bumi_malay,15.8
70-74,overall_sex,2020-01-01,Pulau Pinang,bumi_malay,8.1
75-79,overall_sex,2020-01-01,Pulau Pinang,bumi_malay,3.8
80-84,overall_sex,2020-01-01,Pulau Pinang,bumi_malay,1.7
85+,overall_sex,2020-01-01,Pulau Pinang,bumi_malay,0.8
overall_age,male,2020-01-01,Pulau Pinang,bumi_malay,359.7
0-4,male,2020-01-01,Pulau Pinang,bumi_malay,25.5
5-9,male,2020-01-01,Pulau Pinang,bumi_malay,26.2
10-14,male,2020-01-01,Pulau Pinang,bumi_malay,26.1
15-19,male,2020-01-01,Pulau Pinang,bumi_malay,31.6
20-24,male,2020-01-01,Pulau Pinang,bumi_malay,37.6
25-29,male,2020-01-01,Pulau Pinang,bumi_malay,35.6
30-34,male,2020-01-01,Pulau Pinang,bumi_malay,34.8
35-39,male,2020-01-01,Pulau Pinang,bumi_malay,34.0
40-44,male,2020-01-01,Pulau Pinang,bumi_malay,24.6
45-49,male,2020-01-01,Pulau Pinang,bumi_malay,22.5
50-54,male,2020-01-01,Pulau Pinang,bumi_malay,19.0
55-59,male,2020-01-01,Pulau Pinang,bumi_malay,15.4
60-64,male,2020-01-01,Pulau Pinang,bumi_malay,12.4
65-69,male,2020-01-01,Pulau Pinang,bumi_malay,7.6
70-74,male,2020-01-01,Pulau Pinang,bumi_malay,3.9
75-79,male,2020-01-01,Pulau Pinang,bumi_malay,1.8
80-84,male,2020-01-01,Pulau Pinang,bumi_malay,0.8
85+,male,2020-01-01,Pulau Pinang,bumi_malay,0.3
overall_age,female,2020-01-01,Pulau Pinang,bumi_malay,348.1
0-4,female,2020-01-01,Pulau Pinang,bumi_malay,24.7
5-9,female,2020-01-01,Pulau Pinang,bumi_malay,23.3
10-14,female,2020-01-01,Pulau Pinang,bumi_malay,23.4
15-19,female,2020-01-01,Pulau Pinang,bumi_malay,29.8
20-24,female,2020-01-01,Pulau Pinang,bumi_malay,32.2
25-29,female,2020-01-01,Pulau Pinang,bumi_malay,35.9
30-34,female,2020-01-01,Pulau Pinang,bumi_malay,37.2
35-39,female,2020-01-01,Pulau Pinang,bumi_malay,32.7
40-44,female,2020-01-01,Pulau Pinang,bumi_malay,23.6
45-49,female,2020-01-01,Pulau Pinang,bumi_malay,21.5
50-54,female,2020-01-01,Pulau Pinang,bumi_malay,18.7
55-59,female,2020-01-01,Pulau Pinang,bumi_malay,15.8
60-64,female,2020-01-01,Pulau Pinang,bumi_malay,13.3
65-69,female,2020-01-01,Pulau Pinang,bumi_malay,8.2
70-74,female,2020-01-01,Pulau Pinang,bumi_malay,4.2
75-79,female,2020-01-01,Pulau Pinang,bumi_malay,2.0
80-84,female,2020-01-01,Pulau Pinang,bumi_malay,1.0
85+,female,2020-01-01,Pulau Pinang,bumi_malay,0.5
overall_age,overall_sex,2020-01-01,Sabah,bumi_malay,236.9
0-4,overall_sex,2020-01-01,Sabah,bumi_malay,22.6
5-9,overall_sex,2020-01-01,Sabah,bumi_malay,22.5
10-14,overall_sex,2020-01-01,Sabah,bumi_malay,19.4
15-19,overall_sex,2020-01-01,Sabah,bumi_malay,38.0
20-24,overall_sex,2020-01-01,Sabah,bumi_malay,15.8
25-29,overall_sex,2020-01-01,Sabah,bumi_malay,16.9
30-34,overall_sex,2020-01-01,Sabah,bumi_malay,22.9
35-39,overall_sex,2020-01-01,Sabah,bumi_malay,19.9
40-44,overall_sex,2020-01-01,Sabah,bumi_malay,13.5
45-49,overall_sex,2020-01-01,Sabah,bumi_malay,10.9
50-54,overall_sex,2020-01-01,Sabah,bumi_malay,8.6
55-59,overall_sex,2020-01-01,Sabah,bumi_malay,7.6
60-64,overall_sex,2020-01-01,Sabah,bumi_malay,4.8
65-69,overall_sex,2020-01-01,Sabah,bumi_malay,7.6
70-74,overall_sex,2020-01-01,Sabah,bumi_malay,3.7
75-79,overall_sex,2020-01-01,Sabah,bumi_malay,1.7
80-84,overall_sex,2020-01-01,Sabah,bumi_malay,0.3
85+,overall_sex,2020-01-01,Sabah,bumi_malay,0.3
overall_age,male,2020-01-01,Sabah,bumi_malay,134.0
0-4,male,2020-01-01,Sabah,bumi_malay,11.9
5-9,male,2020-01-01,Sabah,bumi_malay,11.8
10-14,male,2020-01-01,Sabah,bumi_malay,9.9
15-19,male,2020-01-01,Sabah,bumi_malay,23.3
20-24,male,2020-01-01,Sabah,bumi_malay,9.5
25-29,male,2020-01-01,Sabah,bumi_malay,10.2
30-34,male,2020-01-01,Sabah,bumi_malay,13.1
35-39,male,2020-01-01,Sabah,bumi_malay,12.0
40-44,male,2020-01-01,Sabah,bumi_malay,7.9
45-49,male,2020-01-01,Sabah,bumi_malay,6.6
50-54,male,2020-01-01,Sabah,bumi_malay,5.5
55-59,male,2020-01-01,Sabah,bumi_malay,4.8
60-64,male,2020-01-01,Sabah,bumi_malay,3.0
65-69,male,2020-01-01,Sabah,bumi_malay,2.8
70-74,male,2020-01-01,Sabah,bumi_malay,1.2
75-79,male,2020-01-01,Sabah,bumi_malay,0.4
80-84,male,2020-01-01,Sabah,bumi_malay,0.1
85+,male,2020-01-01,Sabah,bumi_malay,0.1
overall_age,female,2020-01-01,Sabah,bumi_malay,103.0
0-4,female,2020-01-01,Sabah,bumi_malay,10.7
5-9,female,2020-01-01,Sabah,bumi_malay,10.7
10-14,female,2020-01-01,Sabah,bumi_malay,9.5
15-19,female,2020-01-01,Sabah,bumi_malay,14.7
20-24,female,2020-01-01,Sabah,bumi_malay,6.2
25-29,female,2020-01-01,Sabah,bumi_malay,6.7
30-34,female,2020-01-01,Sabah,bumi_malay,9.8
35-39,female,2020-01-01,Sabah,bumi_malay,7.9
40-44,female,2020-01-01,Sabah,bumi_malay,5.6
45-49,female,2020-01-01,Sabah,bumi_malay,4.3
50-54,female,2020-01-01,Sabah,bumi_malay,3.1
55-59,female,2020-01-01,Sabah,bumi_malay,2.8
60-64,female,2020-01-01,Sabah,bumi_malay,1.8
65-69,female,2020-01-01,Sabah,bumi_malay,4.8
70-74,female,2020-01-01,Sabah,bumi_malay,2.5
75-79,female,2020-01-01,Sabah,bumi_malay,1.3
80-84,female,2020-01-01,Sabah,bumi_malay,0.2
85+,female,2020-01-01,Sabah,bumi_malay,0.3
overall_age,overall_sex,2020-01-01,Sarawak,bumi_malay,575.4
0-4,overall_sex,2020-01-01,Sarawak,bumi_malay,46.6
5-9,overall_sex,2020-01-01,Sarawak,bumi_malay,48.3
10-14,overall_sex,2020-01-01,Sarawak,bumi_malay,53.2
15-19,overall_sex,2020-01-01,Sarawak,bumi_malay,56.8
20-24,overall_sex,2020-01-01,Sarawak,bumi_malay,56.6
25-29,overall_sex,2020-01-01,Sarawak,bumi_malay,52.5
30-34,overall_sex,2020-01-01,Sarawak,bumi_malay,47.9
35-39,overall_sex,2020-01-01,Sarawak,bumi_malay,40.8
40-44,overall_sex,2020-01-01,Sarawak,bumi_malay,34.5
45-49,overall_sex,2020-01-01,Sarawak,bumi_malay,31.6
50-54,overall_sex,2020-01-01,Sarawak,bumi_malay,29.3
55-59,overall_sex,2020-01-01,Sarawak,bumi_malay,25.6
60-64,overall_sex,2020-01-01,Sarawak,bumi_malay,19.3
65-69,overall_sex,2020-01-01,Sarawak,bumi_malay,14.2
70-74,overall_sex,2020-01-01,Sarawak,bumi_malay,8.6
75-79,overall_sex,2020-01-01,Sarawak,bumi_malay,5.5
80-84,overall_sex,2020-01-01,Sarawak,bumi_malay,2.6
85+,overall_sex,2020-01-01,Sarawak,bumi_malay,1.6
overall_age,male,2020-01-01,Sarawak,bumi_malay,293.3
0-4,male,2020-01-01,Sarawak,bumi_malay,24.0
5-9,male,2020-01-01,Sarawak,bumi_malay,25.0
10-14,male,2020-01-01,Sarawak,bumi_malay,27.7
15-19,male,2020-01-01,Sarawak,bumi_malay,29.1
20-24,male,2020-01-01,Sarawak,bumi_malay,28.9
25-29,male,2020-01-01,Sarawak,bumi_malay,27.0
30-34,male,2020-01-01,Sarawak,bumi_malay,24.8
35-39,male,2020-01-01,Sarawak,bumi_malay,20.8
40-44,male,2020-01-01,Sarawak,bumi_malay,17.2
45-49,male,2020-01-01,Sarawak,bumi_malay,15.9
50-54,male,2020-01-01,Sarawak,bumi_malay,14.7
55-59,male,2020-01-01,Sarawak,bumi_malay,13.0
60-64,male,2020-01-01,Sarawak,bumi_malay,9.5
65-69,male,2020-01-01,Sarawak,bumi_malay,7.1
70-74,male,2020-01-01,Sarawak,bumi_malay,4.2
75-79,male,2020-01-01,Sarawak,bumi_malay,2.6
80-84,male,2020-01-01,Sarawak,bumi_malay,1.1
85+,male,2020-01-01,Sarawak,bumi_malay,0.6
overall_age,female,2020-01-01,Sarawak,bumi_malay,282.1
0-4,female,2020-01-01,Sarawak,bumi_malay,22.7
5-9,female,2020-01-01,Sarawak,bumi_malay,23.3
10-14,female,2020-01-01,Sarawak,bumi_malay,25.4
15-19,female,2020-01-01,Sarawak,bumi_malay,27.6
20-24,female,2020-01-01,Sarawak,bumi_malay,27.7
25-29,female,2020-01-01,Sarawak,bumi_malay,25.4
30-34,female,2020-01-01,Sarawak,bumi_malay,23.0
35-39,female,2020-01-01,Sarawak,bumi_malay,20.0
40-44,female,2020-01-01,Sarawak,bumi_malay,17.3
45-49,female,2020-01-01,Sarawak,bumi_malay,15.7
50-54,female,2020-01-01,Sarawak,bumi_malay,14.6
55-59,female,2020-01-01,Sarawak,bumi_malay,12.6
60-64,female,2020-01-01,Sarawak,bumi_malay,9.7
65-69,female,2020-01-01,Sarawak,bumi_malay,7.1
70-74,female,2020-01-01,Sarawak,bumi_malay,4.4
75-79,female,2020-01-01,Sarawak,bumi_malay,2.9
80-84,female,2020-01-01,Sarawak,bumi_malay,1.5
85+,female,2020-01-01,Sarawak,bumi_malay,1.0
overall_age,overall_sex,2020-01-01,Selangor,bumi_malay,3806.2
0-4,overall_sex,2020-01-01,Selangor,bumi_malay,301.0
5-9,overall_sex,2020-01-01,Selangor,bumi_malay,289.6
10-14,overall_sex,2020-01-01,Selangor,bumi_malay,257.6
15-19,overall_sex,2020-01-01,Selangor,bumi_malay,332.3
20-24,overall_sex,2020-01-01,Selangor,bumi_malay,296.7
25-29,overall_sex,2020-01-01,Selangor,bumi_malay,324.7
30-34,overall_sex,2020-01-01,Selangor,bumi_malay,417.6
35-39,overall_sex,2020-01-01,Selangor,bumi_malay,374.3
40-44,overall_sex,2020-01-01,Selangor,bumi_malay,276.5
45-49,overall_sex,2020-01-01,Selangor,bumi_malay,228.0
50-54,overall_sex,2020-01-01,Selangor,bumi_malay,183.0
55-59,overall_sex,2020-01-01,Selangor,bumi_malay,151.2
60-64,overall_sex,2020-01-01,Selangor,bumi_malay,112.9
65-69,overall_sex,2020-01-01,Selangor,bumi_malay,119.6
70-74,overall_sex,2020-01-01,Selangor,bumi_malay,77.5
75-79,overall_sex,2020-01-01,Selangor,bumi_malay,33.4
80-84,overall_sex,2020-01-01,Selangor,bumi_malay,16.3
85+,overall_sex,2020-01-01,Selangor,bumi_malay,14.0
overall_age,male,2020-01-01,Selangor,bumi_malay,1938.7
0-4,male,2020-01-01,Selangor,bumi_malay,152.6
5-9,male,2020-01-01,Selangor,bumi_malay,148.7
10-14,male,2020-01-01,Selangor,bumi_malay,131.3
15-19,male,2020-01-01,Selangor,bumi_malay,174.5
20-24,male,2020-01-01,Selangor,bumi_malay,155.1
25-29,male,2020-01-01,Selangor,bumi_malay,159.0
30-34,male,2020-01-01,Selangor,bumi_malay,201.3
35-39,male,2020-01-01,Selangor,bumi_malay,188.0
40-44,male,2020-01-01,Selangor,bumi_malay,145.5
45-49,male,2020-01-01,Selangor,bumi_malay,119.8
50-54,male,2020-01-01,Selangor,bumi_malay,95.1
55-59,male,2020-01-01,Selangor,bumi_malay,78.6
60-64,male,2020-01-01,Selangor,bumi_malay,58.5
65-69,male,2020-01-01,Selangor,bumi_malay,62.8
70-74,male,2020-01-01,Selangor,bumi_malay,36.9
75-79,male,2020-01-01,Selangor,bumi_malay,16.1
80-84,male,2020-01-01,Selangor,bumi_malay,7.5
85+,male,2020-01-01,Selangor,bumi_malay,7.4
overall_age,female,2020-01-01,Selangor,bumi_malay,1867.5
0-4,female,2020-01-01,Selangor,bumi_malay,148.4
5-9,female,2020-01-01,Selangor,bumi_malay,140.9
10-14,female,2020-01-01,Selangor,bumi_malay,126.3
15-19,female,2020-01-01,Selangor,bumi_malay,157.8
20-24,female,2020-01-01,Selangor,bumi_malay,141.6
25-29,female,2020-01-01,Selangor,bumi_malay,165.7
30-34,female,2020-01-01,Selangor,bumi_malay,216.4
35-39,female,2020-01-01,Selangor,bumi_malay,186.3
40-44,female,2020-01-01,Selangor,bumi_malay,131.0
45-49,female,2020-01-01,Selangor,bumi_malay,108.2
50-54,female,2020-01-01,Selangor,bumi_malay,87.9
55-59,female,2020-01-01,Selangor,bumi_malay,72.6
60-64,female,2020-01-01,Selangor,bumi_malay,54.4
65-69,female,2020-01-01,Selangor,bumi_malay,56.8
70-74,female,2020-01-01,Selangor,bumi_malay,40.6
75-79,female,2020-01-01,Selangor,bumi_malay,17.3
80-84,female,2020-01-01,Selangor,bumi_malay,8.8
85+,female,2020-01-01,Selangor,bumi_malay,6.6
overall_age,overall_sex,2020-01-01,Terengganu,bumi_malay,1090.4
0-4,overall_sex,2020-01-01,Terengganu,bumi_malay,106.6
5-9,overall_sex,2020-01-01,Terengganu,bumi_malay,106.5
10-14,overall_sex,2020-01-01,Terengganu,bumi_malay,107.4
15-19,overall_sex,2020-01-01,Terengganu,bumi_malay,109.8
20-24,overall_sex,2020-01-01,Terengganu,bumi_malay,101.2
25-29,overall_sex,2020-01-01,Terengganu,bumi_malay,85.0
30-34,overall_sex,2020-01-01,Terengganu,bumi_malay,82.9
35-39,overall_sex,2020-01-01,Terengganu,bumi_malay,79.6
40-44,overall_sex,2020-01-01,Terengganu,bumi_malay,62.0
45-49,overall_sex,2020-01-01,Terengganu,bumi_malay,55.2
50-54,overall_sex,2020-01-01,Terengganu,bumi_malay,49.4
55-59,overall_sex,2020-01-01,Terengganu,bumi_malay,47.7
60-64,overall_sex,2020-01-01,Terengganu,bumi_malay,37.1
65-69,overall_sex,2020-01-01,Terengganu,bumi_malay,26.0
70-74,overall_sex,2020-01-01,Terengganu,bumi_malay,16.1
75-79,overall_sex,2020-01-01,Terengganu,bumi_malay,9.7
80-84,overall_sex,2020-01-01,Terengganu,bumi_malay,5.6
85+,overall_sex,2020-01-01,Terengganu,bumi_malay,2.4
overall_age,male,2020-01-01,Terengganu,bumi_malay,549.3
0-4,male,2020-01-01,Terengganu,bumi_malay,53.9
5-9,male,2020-01-01,Terengganu,bumi_malay,54.8
10-14,male,2020-01-01,Terengganu,bumi_malay,55.4
15-19,male,2020-01-01,Terengganu,bumi_malay,56.6
20-24,male,2020-01-01,Terengganu,bumi_malay,50.9
25-29,male,2020-01-01,Terengganu,bumi_malay,43.6
30-34,male,2020-01-01,Terengganu,bumi_malay,42.2
35-39,male,2020-01-01,Terengganu,bumi_malay,40.9
40-44,male,2020-01-01,Terengganu,bumi_malay,31.5
45-49,male,2020-01-01,Terengganu,bumi_malay,27.1
50-54,male,2020-01-01,Terengganu,bumi_malay,23.6
55-59,male,2020-01-01,Terengganu,bumi_malay,23.1
60-64,male,2020-01-01,Terengganu,bumi_malay,17.8
65-69,male,2020-01-01,Terengganu,bumi_malay,12.7
70-74,male,2020-01-01,Terengganu,bumi_malay,7.9
75-79,male,2020-01-01,Terengganu,bumi_malay,4.2
80-84,male,2020-01-01,Terengganu,bumi_malay,2.1
85+,male,2020-01-01,Terengganu,bumi_malay,0.8
overall_age,female,2020-01-01,Terengganu,bumi_malay,541.1
0-4,female,2020-01-01,Terengganu,bumi_malay,52.8
5-9,female,2020-01-01,Terengganu,bumi_malay,51.7
10-14,female,2020-01-01,Terengganu,bumi_malay,52.0
15-19,female,2020-01-01,Terengganu,bumi_malay,53.2
20-24,female,2020-01-01,Terengganu,bumi_malay,50.3
25-29,female,2020-01-01,Terengganu,bumi_malay,41.4
30-34,female,2020-01-01,Terengganu,bumi_malay,40.7
35-39,female,2020-01-01,Terengganu,bumi_malay,38.7
40-44,female,2020-01-01,Terengganu,bumi_malay,30.5
45-49,female,2020-01-01,Terengganu,bumi_malay,28.0
50-54,female,2020-01-01,Terengganu,bumi_malay,25.7
55-59,female,2020-01-01,Terengganu,bumi_malay,24.6
60-64,female,2020-01-01,Terengganu,bumi_malay,19.3
65-69,female,2020-01-01,Terengganu,bumi_malay,13.3
70-74,female,2020-01-01,Terengganu,bumi_malay,8.2
75-79,female,2020-01-01,Terengganu,bumi_malay,5.5
80-84,female,2020-01-01,Terengganu,bumi_malay,3.4
85+,female,2020-01-01,Terengganu,bumi_malay,1.6
overall_age,overall_sex,2020-01-01,W.P. Kuala Lumpur,bumi_malay,824.6
0-4,overall_sex,2020-01-01,W.P. Kuala Lumpur,bumi_malay,67.4
5-9,overall_sex,2020-01-01,W.P. Kuala Lumpur,bumi_malay,62.1
10-14,overall_sex,2020-01-01,W.P. Kuala Lumpur,bumi_malay,59.8
15-19,overall_sex,2020-01-01,W.P. Kuala Lumpur,bumi_malay,61.1
20-24,overall_sex,2020-01-01,W.P. Kuala Lumpur,bumi_malay,51.6
25-29,overall_sex,2020-01-01,W.P. Kuala Lumpur,bumi_malay,82.0
30-34,overall_sex,2020-01-01,W.P. Kuala Lumpur,bumi_malay,91.2
35-39,overall_sex,2020-01-01,W.P. Kuala Lumpur,bumi_malay,92.0
40-44,overall_sex,2020-01-01,W.P. Kuala Lumpur,bumi_malay,63.6
45-49,overall_sex,2020-01-01,W.P. Kuala Lumpur,bumi_malay,49.7
50-54,overall_sex,2020-01-01,W.P. Kuala Lumpur,bumi_malay,31.4
55-59,overall_sex,2020-01-01,W.P. Kuala Lumpur,bumi_malay,31.0
60-64,overall_sex,2020-01-01,W.P. Kuala Lumpur,bumi_malay,19.4
65-69,overall_sex,2020-01-01,W.P. Kuala Lumpur,bumi_malay,26.0
70-74,overall_sex,2020-01-01,W.P. Kuala Lumpur,bumi_malay,18.2
75-79,overall_sex,2020-01-01,W.P. Kuala Lumpur,bumi_malay,9.6
80-84,overall_sex,2020-01-01,W.P. Kuala Lumpur,bumi_malay,4.7
85+,overall_sex,2020-01-01,W.P. Kuala Lumpur,bumi_malay,3.9
overall_age,male,2020-01-01,W.P. Kuala Lumpur,bumi_malay,415.0
0-4,male,2020-01-01,W.P. Kuala Lumpur,bumi_malay,33.5
5-9,male,2020-01-01,W.P. Kuala Lumpur,bumi_malay,32.9
10-14,male,2020-01-01,W.P. Kuala Lumpur,bumi_malay,30.6
15-19,male,2020-01-01,W.P. Kuala Lumpur,bumi_malay,32.1
20-24,male,2020-01-01,W.P. Kuala Lumpur,bumi_malay,25.9
25-29,male,2020-01-01,W.P. Kuala Lumpur,bumi_malay,38.8
30-34,male,2020-01-01,W.P. Kuala Lumpur,bumi_malay,44.7
35-39,male,2020-01-01,W.P. Kuala Lumpur,bumi_malay,46.4
40-44,male,2020-01-01,W.P. Kuala Lumpur,bumi_malay,31.8
45-49,male,2020-01-01,W.P. Kuala Lumpur,bumi_malay,26.4
50-54,male,2020-01-01,W.P. Kuala Lumpur,bumi_malay,15.7
55-59,male,2020-01-01,W.P. Kuala Lumpur,bumi_malay,15.4
60-64,male,2020-01-01,W.P. Kuala Lumpur,bumi_malay,9.4
65-69,male,2020-01-01,W.P. Kuala Lumpur,bumi_malay,12.9
70-74,male,2020-01-01,W.P. Kuala Lumpur,bumi_malay,9.1
75-79,male,2020-01-01,W.P. Kuala Lumpur,bumi_malay,4.5
80-84,male,2020-01-01,W.P. Kuala Lumpur,bumi_malay,2.6
85+,male,2020-01-01,W.P. Kuala Lumpur,bumi_malay,2.2
overall_age,female,2020-01-01,W.P. Kuala Lumpur,bumi_malay,409.6
0-4,female,2020-01-01,W.P. Kuala Lumpur,bumi_malay,33.9
5-9,female,2020-01-01,W.P. Kuala Lumpur,bumi_malay,29.2
10-14,female,2020-01-01,W.P. Kuala Lumpur,bumi_malay,29.2
15-19,female,2020-01-01,W.P. Kuala Lumpur,bumi_malay,29.0
20-24,female,2020-01-01,W.P. Kuala Lumpur,bumi_malay,25.6
25-29,female,2020-01-01,W.P. Kuala Lumpur,bumi_malay,43.2
30-34,female,2020-01-01,W.P. Kuala Lumpur,bumi_malay,46.5
35-39,female,2020-01-01,W.P. Kuala Lumpur,bumi_malay,45.6
40-44,female,2020-01-01,W.P. Kuala Lumpur,bumi_malay,31.8
45-49,female,2020-01-01,W.P. Kuala Lumpur,bumi_malay,23.3
50-54,female,2020-01-01,W.P. Kuala Lumpur,bumi_malay,15.6
55-59,female,2020-01-01,W.P. Kuala Lumpur,bumi_malay,15.6
60-64,female,2020-01-01,W.P. Kuala Lumpur,bumi_malay,10.0
65-69,female,2020-01-01,W.P. Kuala Lumpur,bumi_malay,13.1
70-74,female,2020-01-01,W.P. Kuala Lumpur,bumi_malay,9.1
75-79,female,2020-01-01,W.P. Kuala Lumpur,bumi_malay,5.1
80-84,female,2020-01-01,W.P. Kuala Lumpur,bumi_malay,2.0
85+,female,2020-01-01,W.P. Kuala Lumpur,bumi_malay,1.7
overall_age,overall_sex,2020-01-01,W.P. Labuan,bumi_malay,23.6
0-4,overall_sex,2020-01-01,W.P. Labuan,bumi_malay,3.3
5-9,overall_sex,2020-01-01,W.P. Labuan,bumi_malay,2.1
10-14,overall_sex,2020-01-01,W.P. Labuan,bumi_malay,2.0
15-19,overall_sex,2020-01-01,W.P. Labuan,bumi_malay,2.1
20-24,overall_sex,2020-01-01,W.P. Labuan,bumi_malay,1.8
25-29,overall_sex,2020-01-01,W.P. Labuan,bumi_malay,2.3
30-34,overall_sex,2020-01-01,W.P. Labuan,bumi_malay,2.2
35-39,overall_sex,2020-01-01,W.P. Labuan,bumi_malay,2.7
40-44,overall_sex,2020-01-01,W.P. Labuan,bumi_malay,1.3
45-49,overall_sex,2020-01-01,W.P. Labuan,bumi_malay,1.1
50-54,overall_sex,2020-01-01,W.P. Labuan,bumi_malay,0.9
55-59,overall_sex,2020-01-01,W.P. Labuan,bumi_malay,0.8
60-64,overall_sex,2020-01-01,W.P. Labuan,bumi_malay,0.5
65-69,overall_sex,2020-01-01,W.P. Labuan,bumi_malay,0.4
70-74,overall_sex,2020-01-01,W.P. Labuan,bumi_malay,0.2
75-79,overall_sex,2020-01-01,W.P. Labuan,bumi_malay,0.1
80-84,overall_sex,2020-01-01,W.P. Labuan,bumi_malay,0.0
85+,overall_sex,2020-01-01,W.P. Labuan,bumi_malay,0.1
overall_age,male,2020-01-01,W.P. Labuan,bumi_malay,12.6
0-4,male,2020-01-01,W.P. Labuan,bumi_malay,1.8
5-9,male,2020-01-01,W.P. Labuan,bumi_malay,1.1
10-14,male,2020-01-01,W.P. Labuan,bumi_malay,1.1
15-19,male,2020-01-01,W.P. Labuan,bumi_malay,1.0
20-24,male,2020-01-01,W.P. Labuan,bumi_malay,0.8
25-29,male,2020-01-01,W.P. Labuan,bumi_malay,1.2
30-34,male,2020-01-01,W.P. Labuan,bumi_malay,1.2
35-39,male,2020-01-01,W.P. Labuan,bumi_malay,1.6
40-44,male,2020-01-01,W.P. Labuan,bumi_malay,0.7
45-49,male,2020-01-01,W.P. Labuan,bumi_malay,0.5
50-54,male,2020-01-01,W.P. Labuan,bumi_malay,0.5
55-59,male,2020-01-01,W.P. Labuan,bumi_malay,0.5
60-64,male,2020-01-01,W.P. Labuan,bumi_malay,0.3
65-69,male,2020-01-01,W.P. Labuan,bumi_malay,0.2
70-74,male,2020-01-01,W.P. Labuan,bumi_malay,0.1
75-79,male,2020-01-01,W.P. Labuan,bumi_malay,0.0
80-84,male,2020-01-01,W.P. Labuan,bumi_malay,0.0
85+,male,2020-01-01,W.P. Labuan,bumi_malay,0.1
overall_age,female,2020-01-01,W.P. Labuan,bumi_malay,11.1
0-4,female,2020-01-01,W.P. Labuan,bumi_malay,1.5
5-9,female,2020-01-01,W.P. Labuan,bumi_malay,1.0
10-14,female,2020-01-01,W.P. Labuan,bumi_malay,0.9
15-19,female,2020-01-01,W.P. Labuan,bumi_malay,1.1
20-24,female,2020-01-01,W.P. Labuan,bumi_malay,1.0
25-29,female,2020-01-01,W.P. Labuan,bumi_malay,1.1
30-34,female,2020-01-01,W.P. Labuan,bumi_malay,1.0
35-39,female,2020-01-01,W.P. Labuan,bumi_malay,1.1
40-44,female,2020-01-01,W.P. Labuan,bumi_malay,0.5
45-49,female,2020-01-01,W.P. Labuan,bumi_malay,0.6
50-54,female,2020-01-01,W.P. Labuan,bumi_malay,0.4
55-59,female,2020-01-01,W.P. Labuan,bumi_malay,0.3
60-64,female,2020-01-01,W.P. Labuan,bumi_malay,0.2
65-69,female,2020-01-01,W.P. Labuan,bumi_malay,0.2
70-74,female,2020-01-01,W.P. Labuan,bumi_malay,0.1
75-79,female,2020-01-01,W.P. Labuan,bumi_malay,0.0
80-84,female,2020-01-01,W.P. Labuan,bumi_malay,0.0
85+,female,2020-01-01,W.P. Labuan,bumi_malay,0.1
overall_age,overall_sex,2020-01-01,W.P. Putrajaya,bumi_malay,101.8
0-4,overall_sex,2020-01-01,W.P. Putrajaya,bumi_malay,12.4
5-9,overall_sex,2020-01-01,W.P. Putrajaya,bumi_malay,16.8
10-14,overall_sex,2020-01-01,W.P. Putrajaya,bumi_malay,10.9
15-19,overall_sex,2020-01-01,W.P. Putrajaya,bumi_malay,5.6
20-24,overall_sex,2020-01-01,W.P. Putrajaya,bumi_malay,3.7
25-29,overall_sex,2020-01-01,W.P. Putrajaya,bumi_malay,5.6
30-34,overall_sex,2020-01-01,W.P. Putrajaya,bumi_malay,10.4
35-39,overall_sex,2020-01-01,W.P. Putrajaya,bumi_malay,16.2
40-44,overall_sex,2020-01-01,W.P. Putrajaya,bumi_malay,8.6
45-49,overall_sex,2020-01-01,W.P. Putrajaya,bumi_malay,4.1
50-54,overall_sex,2020-01-01,W.P. Putrajaya,bumi_malay,2.7
55-59,overall_sex,2020-01-01,W.P. Putrajaya,bumi_malay,2.1
60-64,overall_sex,2020-01-01,W.P. Putrajaya,bumi_malay,1.3
65-69,overall_sex,2020-01-01,W.P. Putrajaya,bumi_malay,0.7
70-74,overall_sex,2020-01-01,W.P. Putrajaya,bumi_malay,0.4
75-79,overall_sex,2020-01-01,W.P. Putrajaya,bumi_malay,0.2
80-84,overall_sex,2020-01-01,W.P. Putrajaya,bumi_malay,0.1
85+,overall_sex,2020-01-01,W.P. Putrajaya,bumi_malay,0.1
overall_age,male,2020-01-01,W.P. Putrajaya,bumi_malay,49.4
0-4,male,2020-01-01,W.P. Putrajaya,bumi_malay,6.4
5-9,male,2020-01-01,W.P. Putrajaya,bumi_malay,8.6
10-14,male,2020-01-01,W.P. Putrajaya,bumi_malay,5.6
15-19,male,2020-01-01,W.P. Putrajaya,bumi_malay,2.9
20-24,male,2020-01-01,W.P. Putrajaya,bumi_malay,1.7
25-29,male,2020-01-01,W.P. Putrajaya,bumi_malay,2.3
30-34,male,2020-01-01,W.P. Putrajaya,bumi_malay,4.4
35-39,male,2020-01-01,W.P. Putrajaya,bumi_malay,7.3
40-44,male,2020-01-01,W.P. Putrajaya,bumi_malay,4.3
45-49,male,2020-01-01,W.P. Putrajaya,bumi_malay,2.1
50-54,male,2020-01-01,W.P. Putrajaya,bumi_malay,1.4
55-59,male,2020-01-01,W.P. Putrajaya,bumi_malay,1.1
60-64,male,2020-01-01,W.P. Putrajaya,bumi_malay,0.6
65-69,male,2020-01-01,W.P. Putrajaya,bumi_malay,0.3
70-74,male,2020-01-01,W.P. Putrajaya,bumi_malay,0.1
75-79,male,2020-01-01,W.P. Putrajaya,bumi_malay,0.1
80-84,male,2020-01-01,W.P. Putrajaya,bumi_malay,0.0
85+,male,2020-01-01,W.P. Putrajaya,bumi_malay,0.0
overall_age,female,2020-01-01,W.P. Putrajaya,bumi_malay,52.4
0-4,female,2020-01-01,W.P. Putrajaya,bumi_malay,6.0
5-9,female,2020-01-01,W.P. Putrajaya,bumi_malay,8.2
10-14,female,2020-01-01,W.P. Putrajaya,bumi_malay,5.3
15-19,female,2020-01-01,W.P. Putrajaya,bumi_malay,2.7
20-24,female,2020-01-01,W.P. Putrajaya,bumi_malay,2.0
25-29,female,2020-01-01,W.P. Putrajaya,bumi_malay,3.3
30-34,female,2020-01-01,W.P. Putrajaya,bumi_malay,6.0
35-39,female,2020-01-01,W.P. Putrajaya,bumi_malay,8.9
40-44,female,2020-01-01,W.P. Putrajaya,bumi_malay,4.2
45-49,female,2020-01-01,W.P. Putrajaya,bumi_malay,2.0
50-54,female,2020-01-01,W.P. Putrajaya,bumi_malay,1.4
55-59,female,2020-01-01,W.P. Putrajaya,bumi_malay,1.0
60-64,female,2020-01-01,W.P. Putrajaya,bumi_malay,0.7
65-69,female,2020-01-01,W.P. Putrajaya,bumi_malay,0.4
70-74,female,2020-01-01,W.P. Putrajaya,bumi_malay,0.2
75-79,female,2020-01-01,W.P. Putrajaya,bumi_malay,0.1
80-84,female,2020-01-01,W.P. Putrajaya,bumi_malay,0.1
85+,female,2020-01-01,W.P. Putrajaya,bumi_malay,0.0
overall_age,overall_sex,2020-01-01,Johor,bumi_other,60.8
0-4,overall_sex,2020-01-01,Johor,bumi_other,6.1
5-9,overall_sex,2020-01-01,Johor,bumi_other,5.8
10-14,overall_sex,2020-01-01,Johor,bumi_other,5.7
15-19,overall_sex,2020-01-01,Johor,bumi_other,6.5
20-24,overall_sex,2020-01-01,Johor,bumi_other,4.3
25-29,overall_sex,2020-01-01,Johor,bumi_other,3.4
30-34,overall_sex,2020-01-01,Johor,bumi_other,5.4
35-39,overall_sex,2020-01-01,Johor,bumi_other,6.5
40-44,overall_sex,2020-01-01,Johor,bumi_other,4.7
45-49,overall_sex,2020-01-01,Johor,bumi_other,3.6
50-54,overall_sex,2020-01-01,Johor,bumi_other,2.5
55-59,overall_sex,2020-01-01,Johor,bumi_other,1.7
60-64,overall_sex,2020-01-01,Johor,bumi_other,1.3
65-69,overall_sex,2020-01-01,Johor,bumi_other,1.1
70-74,overall_sex,2020-01-01,Johor,bumi_other,0.9
75-79,overall_sex,2020-01-01,Johor,bumi_other,0.5
80-84,overall_sex,2020-01-01,Johor,bumi_other,0.3
85+,overall_sex,2020-01-01,Johor,bumi_other,0.6
overall_age,male,2020-01-01,Johor,bumi_other,32.3
0-4,male,2020-01-01,Johor,bumi_other,3.0
5-9,male,2020-01-01,Johor,bumi_other,2.9
10-14,male,2020-01-01,Johor,bumi_other,2.9
15-19,male,2020-01-01,Johor,bumi_other,3.2
20-24,male,2020-01-01,Johor,bumi_other,1.7
25-29,male,2020-01-01,Johor,bumi_other,1.4
30-34,male,2020-01-01,Johor,bumi_other,3.2
35-39,male,2020-01-01,Johor,bumi_other,3.6
40-44,male,2020-01-01,Johor,bumi_other,3.2
45-49,male,2020-01-01,Johor,bumi_other,2.3
50-54,male,2020-01-01,Johor,bumi_other,1.5
55-59,male,2020-01-01,Johor,bumi_other,1.0
60-64,male,2020-01-01,Johor,bumi_other,0.7
65-69,male,2020-01-01,Johor,bumi_other,0.6
70-74,male,2020-01-01,Johor,bumi_other,0.4
75-79,male,2020-01-01,Johor,bumi_other,0.3
80-84,male,2020-01-01,Johor,bumi_other,0.2
85+,male,2020-01-01,Johor,bumi_other,0.3
overall_age,female,2020-01-01,Johor,bumi_other,28.5
0-4,female,2020-01-01,Johor,bumi_other,3.1
5-9,female,2020-01-01,Johor,bumi_other,2.8
10-14,female,2020-01-01,Johor,bumi_other,2.8
15-19,female,2020-01-01,Johor,bumi_other,3.3
20-24,female,2020-01-01,Johor,bumi_other,2.6
25-29,female,2020-01-01,Johor,bumi_other,2.0
30-34,female,2020-01-01,Johor,bumi_other,2.2
35-39,female,2020-01-01,Johor,bumi_other,2.9
40-44,female,2020-01-01,Johor,bumi_other,1.5
45-49,female,2020-01-01,Johor,bumi_other,1.3
50-54,female,2020-01-01,Johor,bumi_other,1.0
55-59,female,2020-01-01,Johor,bumi_other,0.7
60-64,female,2020-01-01,Johor,bumi_other,0.6
65-69,female,2020-01-01,Johor,bumi_other,0.5
70-74,female,2020-01-01,Johor,bumi_other,0.5
75-79,female,2020-01-01,Johor,bumi_other,0.2
80-84,female,2020-01-01,Johor,bumi_other,0.2
85+,female,2020-01-01,Johor,bumi_other,0.3
overall_age,overall_sex,2020-01-01,Kedah,bumi_other,8.0
0-4,overall_sex,2020-01-01,Kedah,bumi_other,0.7
5-9,overall_sex,2020-01-01,Kedah,bumi_other,0.8
10-14,overall_sex,2020-01-01,Kedah,bumi_other,0.5
15-19,overall_sex,2020-01-01,Kedah,bumi_other,0.6
20-24,overall_sex,2020-01-01,Kedah,bumi_other,0.7
25-29,overall_sex,2020-01-01,Kedah,bumi_other,0.6
30-34,overall_sex,2020-01-01,Kedah,bumi_other,1.0
35-39,overall_sex,2020-01-01,Kedah,bumi_other,0.7
40-44,overall_sex,2020-01-01,Kedah,bumi_other,0.3
45-49,overall_sex,2020-01-01,Kedah,bumi_other,0.3
50-54,overall_sex,2020-01-01,Kedah,bumi_other,0.5
55-59,overall_sex,2020-01-01,Kedah,bumi_other,0.4
60-64,overall_sex,2020-01-01,Kedah,bumi_other,0.3
65-69,overall_sex,2020-01-01,Kedah,bumi_other,0.2
70-74,overall_sex,2020-01-01,Kedah,bumi_other,0.1
75-79,overall_sex,2020-01-01,Kedah,bumi_other,0.1
80-84,overall_sex,2020-01-01,Kedah,bumi_other,0.0
85+,overall_sex,2020-01-01,Kedah,bumi_other,0.1
overall_age,male,2020-01-01,Kedah,bumi_other,4.1
0-4,male,2020-01-01,Kedah,bumi_other,0.2
5-9,male,2020-01-01,Kedah,bumi_other,0.5
10-14,male,2020-01-01,Kedah,bumi_other,0.3
15-19,male,2020-01-01,Kedah,bumi_other,0.3
20-24,male,2020-01-01,Kedah,bumi_other,0.3
25-29,male,2020-01-01,Kedah,bumi_other,0.4
30-34,male,2020-01-01,Kedah,bumi_other,0.7
35-39,male,2020-01-01,Kedah,bumi_other,0.3
40-44,male,2020-01-01,Kedah,bumi_other,0.1
45-49,male,2020-01-01,Kedah,bumi_other,0.1
50-54,male,2020-01-01,Kedah,bumi_other,0.2
55-59,male,2020-01-01,Kedah,bumi_other,0.2
60-64,male,2020-01-01,Kedah,bumi_other,0.1
65-69,male,2020-01-01,Kedah,bumi_other,0.1
70-74,male,2020-01-01,Kedah,bumi_other,0.1
75-79,male,2020-01-01,Kedah,bumi_other,0.0
80-84,male,2020-01-01,Kedah,bumi_other,0.0
85+,male,2020-01-01,Kedah,bumi_other,0.1
overall_age,female,2020-01-01,Kedah,bumi_other,3.8
0-4,female,2020-01-01,Kedah,bumi_other,0.5
5-9,female,2020-01-01,Kedah,bumi_other,0.3
10-14,female,2020-01-01,Kedah,bumi_other,0.2
15-19,female,2020-01-01,Kedah,bumi_other,0.3
20-24,female,2020-01-01,Kedah,bumi_other,0.4
25-29,female,2020-01-01,Kedah,bumi_other,0.2
30-34,female,2020-01-01,Kedah,bumi_other,0.3
35-39,female,2020-01-01,Kedah,bumi_other,0.3
40-44,female,2020-01-01,Kedah,bumi_other,0.1
45-49,female,2020-01-01,Kedah,bumi_other,0.2
50-54,female,2020-01-01,Kedah,bumi_other,0.3
55-59,female,2020-01-01,Kedah,bumi_other,0.2
60-64,female,2020-01-01,Kedah,bumi_other,0.1
65-69,female,2020-01-01,Kedah,bumi_other,0.1
70-74,female,2020-01-01,Kedah,bumi_other,0.1
75-79,female,2020-01-01,Kedah,bumi_other,0.0
80-84,female,2020-01-01,Kedah,bumi_other,0.0
85+,female,2020-01-01,Kedah,bumi_other,0.1
overall_age,overall_sex,2020-01-01,Kelantan,bumi_other,25.4
0-4,overall_sex,2020-01-01,Kelantan,bumi_other,4.0
5-9,overall_sex,2020-01-01,Kelantan,bumi_other,2.9
10-14,overall_sex,2020-01-01,Kelantan,bumi_other,3.1
15-19,overall_sex,2020-01-01,Kelantan,bumi_other,2.9
20-24,overall_sex,2020-01-01,Kelantan,bumi_other,2.8
25-29,overall_sex,2020-01-01,Kelantan,bumi_other,2.3
30-34,overall_sex,2020-01-01,Kelantan,bumi_other,1.8
35-39,overall_sex,2020-01-01,Kelantan,bumi_other,1.3
40-44,overall_sex,2020-01-01,Kelantan,bumi_other,1.0
45-49,overall_sex,2020-01-01,Kelantan,bumi_other,0.9
50-54,overall_sex,2020-01-01,Kelantan,bumi_other,0.7
55-59,overall_sex,2020-01-01,Kelantan,bumi_other,0.6
60-64,overall_sex,2020-01-01,Kelantan,bumi_other,0.5
65-69,overall_sex,2020-01-01,Kelantan,bumi_other,0.3
70-74,overall_sex,2020-01-01,Kelantan,bumi_other,0.2
75-79,overall_sex,2020-01-01,Kelantan,bumi_other,0.1
80-84,overall_sex,2020-01-01,Kelantan,bumi_other,0.1
85+,overall_sex,2020-01-01,Kelantan,bumi_other,0.0
overall_age,male,2020-01-01,Kelantan,bumi_other,13.0
0-4,male,2020-01-01,Kelantan,bumi_other,2.1
5-9,male,2020-01-01,Kelantan,bumi_other,1.4
10-14,male,2020-01-01,Kelantan,bumi_other,1.6
15-19,male,2020-01-01,Kelantan,bumi_other,1.4
20-24,male,2020-01-01,Kelantan,bumi_other,1.4
25-29,male,2020-01-01,Kelantan,bumi_other,1.2
30-34,male,2020-01-01,Kelantan,bumi_other,1.0
35-39,male,2020-01-01,Kelantan,bumi_other,0.7
40-44,male,2020-01-01,Kelantan,bumi_other,0.6
45-49,male,2020-01-01,Kelantan,bumi_other,0.4
50-54,male,2020-01-01,Kelantan,bumi_other,0.3
55-59,male,2020-01-01,Kelantan,bumi_other,0.3
60-64,male,2020-01-01,Kelantan,bumi_other,0.2
65-69,male,2020-01-01,Kelantan,bumi_other,0.1
70-74,male,2020-01-01,Kelantan,bumi_other,0.1
75-79,male,2020-01-01,Kelantan,bumi_other,0.1
80-84,male,2020-01-01,Kelantan,bumi_other,0.0
85+,male,2020-01-01,Kelantan,bumi_other,0.0
overall_age,female,2020-01-01,Kelantan,bumi_other,12.5
0-4,female,2020-01-01,Kelantan,bumi_other,1.9
5-9,female,2020-01-01,Kelantan,bumi_other,1.5
10-14,female,2020-01-01,Kelantan,bumi_other,1.5
15-19,female,2020-01-01,Kelantan,bumi_other,1.4
20-24,female,2020-01-01,Kelantan,bumi_other,1.5
25-29,female,2020-01-01,Kelantan,bumi_other,1.0
30-34,female,2020-01-01,Kelantan,bumi_other,0.9
35-39,female,2020-01-01,Kelantan,bumi_other,0.6
40-44,female,2020-01-01,Kelantan,bumi_other,0.5
45-49,female,2020-01-01,Kelantan,bumi_other,0.4
50-54,female,2020-01-01,Kelantan,bumi_other,0.4
55-59,female,2020-01-01,Kelantan,bumi_other,0.3
60-64,female,2020-01-01,Kelantan,bumi_other,0.3
65-69,female,2020-01-01,Kelantan,bumi_other,0.1
70-74,female,2020-01-01,Kelantan,bumi_other,0.1
75-79,female,2020-01-01,Kelantan,bumi_other,0.1
80-84,female,2020-01-01,Kelantan,bumi_other,0.0
85+,female,2020-01-01,Kelantan,bumi_other,0.0
overall_age,overall_sex,2020-01-01,Melaka,bumi_other,10.8
0-4,overall_sex,2020-01-01,Melaka,bumi_other,1.1
5-9,overall_sex,2020-01-01,Melaka,bumi_other,1.2
10-14,overall_sex,2020-01-01,Melaka,bumi_other,0.9
15-19,overall_sex,2020-01-01,Melaka,bumi_other,0.9
20-24,overall_sex,2020-01-01,Melaka,bumi_other,1.3
25-29,overall_sex,2020-01-01,Melaka,bumi_other,1.3
30-34,overall_sex,2020-01-01,Melaka,bumi_other,1.1
35-39,overall_sex,2020-01-01,Melaka,bumi_other,1.0
40-44,overall_sex,2020-01-01,Melaka,bumi_other,0.6
45-49,overall_sex,2020-01-01,Melaka,bumi_other,0.4
50-54,overall_sex,2020-01-01,Melaka,bumi_other,0.3
55-59,overall_sex,2020-01-01,Melaka,bumi_other,0.2
60-64,overall_sex,2020-01-01,Melaka,bumi_other,0.1
65-69,overall_sex,2020-01-01,Melaka,bumi_other,0.1
70-74,overall_sex,2020-01-01,Melaka,bumi_other,0.1
75-79,overall_sex,2020-01-01,Melaka,bumi_other,0.0
80-84,overall_sex,2020-01-01,Melaka,bumi_other,0.0
85+,overall_sex,2020-01-01,Melaka,bumi_other,0.0
overall_age,male,2020-01-01,Melaka,bumi_other,5.6
0-4,male,2020-01-01,Melaka,bumi_other,0.6
5-9,male,2020-01-01,Melaka,bumi_other,0.6
10-14,male,2020-01-01,Melaka,bumi_other,0.5
15-19,male,2020-01-01,Melaka,bumi_other,0.4
20-24,male,2020-01-01,Melaka,bumi_other,0.8
25-29,male,2020-01-01,Melaka,bumi_other,0.8
30-34,male,2020-01-01,Melaka,bumi_other,0.5
35-39,male,2020-01-01,Melaka,bumi_other,0.6
40-44,male,2020-01-01,Melaka,bumi_other,0.3
45-49,male,2020-01-01,Melaka,bumi_other,0.2
50-54,male,2020-01-01,Melaka,bumi_other,0.1
55-59,male,2020-01-01,Melaka,bumi_other,0.1
60-64,male,2020-01-01,Melaka,bumi_other,0.1
65-69,male,2020-01-01,Melaka,bumi_other,0.0
70-74,male,2020-01-01,Melaka,bumi_other,0.0
75-79,male,2020-01-01,Melaka,bumi_other,0.0
80-84,male,2020-01-01,Melaka,bumi_other,0.0
85+,male,2020-01-01,Melaka,bumi_other,0.0
overall_age,female,2020-01-01,Melaka,bumi_other,5.1
0-4,female,2020-01-01,Melaka,bumi_other,0.5
5-9,female,2020-01-01,Melaka,bumi_other,0.6
10-14,female,2020-01-01,Melaka,bumi_other,0.4
15-19,female,2020-01-01,Melaka,bumi_other,0.4
20-24,female,2020-01-01,Melaka,bumi_other,0.5
25-29,female,2020-01-01,Melaka,bumi_other,0.6
30-34,female,2020-01-01,Melaka,bumi_other,0.6
35-39,female,2020-01-01,Melaka,bumi_other,0.5
40-44,female,2020-01-01,Melaka,bumi_other,0.3
45-49,female,2020-01-01,Melaka,bumi_other,0.2
50-54,female,2020-01-01,Melaka,bumi_other,0.2
55-59,female,2020-01-01,Melaka,bumi_other,0.1
60-64,female,2020-01-01,Melaka,bumi_other,0.1
65-69,female,2020-01-01,Melaka,bumi_other,0.1
70-74,female,2020-01-01,Melaka,bumi_other,0.0
75-79,female,2020-01-01,Melaka,bumi_other,0.0
80-84,female,2020-01-01,Melaka,bumi_other,0.0
85+,female,2020-01-01,Melaka,bumi_other,0.0
overall_age,overall_sex,2020-01-01,Negeri Sembilan,bumi_other,23.2
0-4,overall_sex,2020-01-01,Negeri Sembilan,bumi_other,2.6
5-9,overall_sex,2020-01-01,Negeri Sembilan,bumi_other,2.4
10-14,overall_sex,2020-01-01,Negeri Sembilan,bumi_other,2.2
15-19,overall_sex,2020-01-01,Negeri Sembilan,bumi_other,2.2
20-24,overall_sex,2020-01-01,Negeri Sembilan,bumi_other,2.6
25-29,overall_sex,2020-01-01,Negeri Sembilan,bumi_other,2.2
30-34,overall_sex,2020-01-01,Negeri Sembilan,bumi_other,2.0
35-39,overall_sex,2020-01-01,Negeri Sembilan,bumi_other,1.9
40-44,overall_sex,2020-01-01,Negeri Sembilan,bumi_other,1.4
45-49,overall_sex,2020-01-01,Negeri Sembilan,bumi_other,1.0
50-54,overall_sex,2020-01-01,Negeri Sembilan,bumi_other,0.9
55-59,overall_sex,2020-01-01,Negeri Sembilan,bumi_other,0.6
60-64,overall_sex,2020-01-01,Negeri Sembilan,bumi_other,0.4
65-69,overall_sex,2020-01-01,Negeri Sembilan,bumi_other,0.3
70-74,overall_sex,2020-01-01,Negeri Sembilan,bumi_other,0.2
75-79,overall_sex,2020-01-01,Negeri Sembilan,bumi_other,0.1
80-84,overall_sex,2020-01-01,Negeri Sembilan,bumi_other,0.1
85+,overall_sex,2020-01-01,Negeri Sembilan,bumi_other,0.0
overall_age,male,2020-01-01,Negeri Sembilan,bumi_other,12.0
0-4,male,2020-01-01,Negeri Sembilan,bumi_other,1.4
5-9,male,2020-01-01,Negeri Sembilan,bumi_other,1.3
10-14,male,2020-01-01,Negeri Sembilan,bumi_other,1.1
15-19,male,2020-01-01,Negeri Sembilan,bumi_other,1.1
20-24,male,2020-01-01,Negeri Sembilan,bumi_other,1.4
25-29,male,2020-01-01,Negeri Sembilan,bumi_other,1.2
30-34,male,2020-01-01,Negeri Sembilan,bumi_other,1.0
35-39,male,2020-01-01,Negeri Sembilan,bumi_other,1.0
40-44,male,2020-01-01,Negeri Sembilan,bumi_other,0.7
45-49,male,2020-01-01,Negeri Sembilan,bumi_other,0.5
50-54,male,2020-01-01,Negeri Sembilan,bumi_other,0.5
55-59,male,2020-01-01,Negeri Sembilan,bumi_other,0.3
60-64,male,2020-01-01,Negeri Sembilan,bumi_other,0.2
65-69,male,2020-01-01,Negeri Sembilan,bumi_other,0.1
70-74,male,2020-01-01,Negeri Sembilan,bumi_other,0.1
75-79,male,2020-01-01,Negeri Sembilan,bumi_other,0.1
80-84,male,2020-01-01,Negeri Sembilan,bumi_other,0.0
85+,male,2020-01-01,Negeri Sembilan,bumi_other,0.0
overall_age,female,2020-01-01,Negeri Sembilan,bumi_other,11.2
0-4,female,2020-01-01,Negeri Sembilan,bumi_other,1.2
5-9,female,2020-01-01,Negeri Sembilan,bumi_other,1.1
10-14,female,2020-01-01,Negeri Sembilan,bumi_other,1.0
15-19,female,2020-01-01,Negeri Sembilan,bumi_other,1.1
20-24,female,2020-01-01,Negeri Sembilan,bumi_other,1.2
25-29,female,2020-01-01,Negeri Sembilan,bumi_other,1.0
30-34,female,2020-01-01,Negeri Sembilan,bumi_other,1.0
35-39,female,2020-01-01,Negeri Sembilan,bumi_other,0.9
40-44,female,2020-01-01,Negeri Sembilan,bumi_other,0.7
45-49,female,2020-01-01,Negeri Sembilan,bumi_other,0.5
50-54,female,2020-01-01,Negeri Sembilan,bumi_other,0.5
55-59,female,2020-01-01,Negeri Sembilan,bumi_other,0.3
60-64,female,2020-01-01,Negeri Sembilan,bumi_other,0.2
65-69,female,2020-01-01,Negeri Sembilan,bumi_other,0.1
70-74,female,2020-01-01,Negeri Sembilan,bumi_other,0.1
75-79,female,2020-01-01,Negeri Sembilan,bumi_other,0.0
80-84,female,2020-01-01,Negeri Sembilan,bumi_other,0.0
85+,female,2020-01-01,Negeri Sembilan,bumi_other,0.0
overall_age,overall_sex,2020-01-01,Pahang,bumi_other,92.2
0-4,overall_sex,2020-01-01,Pahang,bumi_other,9.0
5-9,overall_sex,2020-01-01,Pahang,bumi_other,8.5
10-14,overall_sex,2020-01-01,Pahang,bumi_other,8.5
15-19,overall_sex,2020-01-01,Pahang,bumi_other,10.3
20-24,overall_sex,2020-01-01,Pahang,bumi_other,9.9
25-29,overall_sex,2020-01-01,Pahang,bumi_other,8.9
30-34,overall_sex,2020-01-01,Pahang,bumi_other,8.0
35-39,overall_sex,2020-01-01,Pahang,bumi_other,6.7
40-44,overall_sex,2020-01-01,Pahang,bumi_other,5.4
45-49,overall_sex,2020-01-01,Pahang,bumi_other,4.2
50-54,overall_sex,2020-01-01,Pahang,bumi_other,3.0
55-59,overall_sex,2020-01-01,Pahang,bumi_other,2.5
60-64,overall_sex,2020-01-01,Pahang,bumi_other,1.7
65-69,overall_sex,2020-01-01,Pahang,bumi_other,1.9
70-74,overall_sex,2020-01-01,Pahang,bumi_other,1.4
75-79,overall_sex,2020-01-01,Pahang,bumi_other,0.9
80-84,overall_sex,2020-01-01,Pahang,bumi_other,0.8
85+,overall_sex,2020-01-01,Pahang,bumi_other,0.8
overall_age,male,2020-01-01,Pahang,bumi_other,47.2
0-4,male,2020-01-01,Pahang,bumi_other,4.1
5-9,male,2020-01-01,Pahang,bumi_other,4.5
10-14,male,2020-01-01,Pahang,bumi_other,4.6
15-19,male,2020-01-01,Pahang,bumi_other,5.1
20-24,male,2020-01-01,Pahang,bumi_other,5.2
25-29,male,2020-01-01,Pahang,bumi_other,4.5
30-34,male,2020-01-01,Pahang,bumi_other,3.9
35-39,male,2020-01-01,Pahang,bumi_other,3.4
40-44,male,2020-01-01,Pahang,bumi_other,2.8
45-49,male,2020-01-01,Pahang,bumi_other,2.2
50-54,male,2020-01-01,Pahang,bumi_other,1.5
55-59,male,2020-01-01,Pahang,bumi_other,1.2
60-64,male,2020-01-01,Pahang,bumi_other,0.8
65-69,male,2020-01-01,Pahang,bumi_other,1.1
70-74,male,2020-01-01,Pahang,bumi_other,0.7
75-79,male,2020-01-01,Pahang,bumi_other,0.4
80-84,male,2020-01-01,Pahang,bumi_other,0.6
85+,male,2020-01-01,Pahang,bumi_other,0.4
overall_age,female,2020-01-01,Pahang,bumi_other,45.0
0-4,female,2020-01-01,Pahang,bumi_other,4.9
5-9,female,2020-01-01,Pahang,bumi_other,4.0
10-14,female,2020-01-01,Pahang,bumi_other,4.0
15-19,female,2020-01-01,Pahang,bumi_other,5.2
20-24,female,2020-01-01,Pahang,bumi_other,4.7
25-29,female,2020-01-01,Pahang,bumi_other,4.3
30-34,female,2020-01-01,Pahang,bumi_other,4.1
35-39,female,2020-01-01,Pahang,bumi_other,3.2
40-44,female,2020-01-01,Pahang,bumi_other,2.6
45-49,female,2020-01-01,Pahang,bumi_other,2.0
50-54,female,2020-01-01,Pahang,bumi_other,1.5
55-59,female,2020-01-01,Pahang,bumi_other,1.2
60-64,female,2020-01-01,Pahang,bumi_other,0.8
65-69,female,2020-01-01,Pahang,bumi_other,0.9
70-74,female,2020-01-01,Pahang,bumi_other,0.7
75-79,female,2020-01-01,Pahang,bumi_other,0.5
80-84,female,2020-01-01,Pahang,bumi_other,0.2
85+,female,2020-01-01,Pahang,bumi_other,0.4
overall_age,overall_sex,2020-01-01,Perak,bumi_other,74.9
0-4,overall_sex,2020-01-01,Perak,bumi_other,6.7
5-9,overall_sex,2020-01-01,Perak,bumi_other,7.4
10-14,overall_sex,2020-01-01,Perak,bumi_other,7.5
15-19,overall_sex,2020-01-01,Perak,bumi_other,7.2
20-24,overall_sex,2020-01-01,Perak,bumi_other,10.2
25-29,overall_sex,2020-01-01,Perak,bumi_other,7.2
30-34,overall_sex,2020-01-01,Perak,bumi_other,6.3
35-39,overall_sex,2020-01-01,Perak,bumi_other,5.5
40-44,overall_sex,2020-01-01,Perak,bumi_other,3.9
45-49,overall_sex,2020-01-01,Perak,bumi_other,3.3
50-54,overall_sex,2020-01-01,Perak,bumi_other,3.0
55-59,overall_sex,2020-01-01,Perak,bumi_other,2.4
60-64,overall_sex,2020-01-01,Perak,bumi_other,1.7
65-69,overall_sex,2020-01-01,Perak,bumi_other,0.9
70-74,overall_sex,2020-01-01,Perak,bumi_other,0.7
75-79,overall_sex,2020-01-01,Perak,bumi_other,0.4
80-84,overall_sex,2020-01-01,Perak,bumi_other,0.3
85+,overall_sex,2020-01-01,Perak,bumi_other,0.2
overall_age,male,2020-01-01,Perak,bumi_other,37.7
0-4,male,2020-01-01,Perak,bumi_other,3.4
5-9,male,2020-01-01,Perak,bumi_other,3.7
10-14,male,2020-01-01,Perak,bumi_other,3.8
15-19,male,2020-01-01,Perak,bumi_other,3.6
20-24,male,2020-01-01,Perak,bumi_other,4.8
25-29,male,2020-01-01,Perak,bumi_other,3.8
30-34,male,2020-01-01,Perak,bumi_other,3.2
35-39,male,2020-01-01,Perak,bumi_other,2.8
40-44,male,2020-01-01,Perak,bumi_other,2.0
45-49,male,2020-01-01,Perak,bumi_other,1.7
50-54,male,2020-01-01,Perak,bumi_other,1.5
55-59,male,2020-01-01,Perak,bumi_other,1.3
60-64,male,2020-01-01,Perak,bumi_other,0.9
65-69,male,2020-01-01,Perak,bumi_other,0.5
70-74,male,2020-01-01,Perak,bumi_other,0.3
75-79,male,2020-01-01,Perak,bumi_other,0.2
80-84,male,2020-01-01,Perak,bumi_other,0.1
85+,male,2020-01-01,Perak,bumi_other,0.1
overall_age,female,2020-01-01,Perak,bumi_other,37.2
0-4,female,2020-01-01,Perak,bumi_other,3.3
5-9,female,2020-01-01,Perak,bumi_other,3.7
10-14,female,2020-01-01,Perak,bumi_other,3.7
15-19,female,2020-01-01,Perak,bumi_other,3.6
20-24,female,2020-01-01,Perak,bumi_other,5.4
25-29,female,2020-01-01,Perak,bumi_other,3.4
30-34,female,2020-01-01,Perak,bumi_other,3.1
35-39,female,2020-01-01,Perak,bumi_other,2.6
40-44,female,2020-01-01,Perak,bumi_other,1.9
45-49,female,2020-01-01,Perak,bumi_other,1.6
50-54,female,2020-01-01,Perak,bumi_other,1.5
55-59,female,2020-01-01,Perak,bumi_other,1.2
60-64,female,2020-01-01,Perak,bumi_other,0.8
65-69,female,2020-01-01,Perak,bumi_other,0.4
70-74,female,2020-01-01,Perak,bumi_other,0.4
75-79,female,2020-01-01,Perak,bumi_other,0.2
80-84,female,2020-01-01,Perak,bumi_other,0.1
85+,female,2020-01-01,Perak,bumi_other,0.1
overall_age,overall_sex,2020-01-01,Perlis,bumi_other,1.9
0-4,overall_sex,2020-01-01,Perlis,bumi_other,0.2
5-9,overall_sex,2020-01-01,Perlis,bumi_other,0.1
10-14,overall_sex,2020-01-01,Perlis,bumi_other,0.1
15-19,overall_sex,2020-01-01,Perlis,bumi_other,0.1
20-24,overall_sex,2020-01-01,Perlis,bumi_other,0.4
25-29,overall_sex,2020-01-01,Perlis,bumi_other,0.3
30-34,overall_sex,2020-01-01,Perlis,bumi_other,0.2
35-39,overall_sex,2020-01-01,Perlis,bumi_other,0.2
40-44,overall_sex,2020-01-01,Perlis,bumi_other,0.1
45-49,overall_sex,2020-01-01,Perlis,bumi_other,0.1
50-54,overall_sex,2020-01-01,Perlis,bumi_other,0.0
55-59,overall_sex,2020-01-01,Perlis,bumi_other,0.0
60-64,overall_sex,2020-01-01,Perlis,bumi_other,0.0
65-69,overall_sex,2020-01-01,Perlis,bumi_other,0.0
70-74,overall_sex,2020-01-01,Perlis,bumi_other,0.0
75-79,overall_sex,2020-01-01,Perlis,bumi_other,0.0
80-84,overall_sex,2020-01-01,Perlis,bumi_other,0.0
85+,overall_sex,2020-01-01,Perlis,bumi_other,0.0
overall_age,male,2020-01-01,Perlis,bumi_other,1.1
0-4,male,2020-01-01,Perlis,bumi_other,0.1
5-9,male,2020-01-01,Perlis,bumi_other,0.1
10-14,male,2020-01-01,Perlis,bumi_other,0.1
15-19,male,2020-01-01,Perlis,bumi_other,0.1
20-24,male,2020-01-01,Perlis,bumi_other,0.3
25-29,male,2020-01-01,Perlis,bumi_other,0.2
30-34,male,2020-01-01,Perlis,bumi_other,0.1
35-39,male,2020-01-01,Perlis,bumi_other,0.1
40-44,male,2020-01-01,Perlis,bumi_other,0.1
45-49,male,2020-01-01,Perlis,bumi_other,0.0
50-54,male,2020-01-01,Perlis,bumi_other,0.0
55-59,male,2020-01-01,Perlis,bumi_other,0.0
60-64,male,2020-01-01,Perlis,bumi_other,0.0
65-69,male,2020-01-01,Perlis,bumi_other,0.0
70-74,male,2020-01-01,Perlis,bumi_other,0.0
75-79,male,2020-01-01,Perlis,bumi_other,0.0
80-84,male,2020-01-01,Perlis,bumi_other,0.0
85+,male,2020-01-01,Perlis,bumi_other,0.0
overall_age,female,2020-01-01,Perlis,bumi_other,0.8
0-4,female,2020-01-01,Perlis,bumi_other,0.1
5-9,female,2020-01-01,Perlis,bumi_other,0.1
10-14,female,2020-01-01,Perlis,bumi_other,0.0
15-19,female,2020-01-01,Perlis,bumi_other,0.1
20-24,female,2020-01-01,Perlis,bumi_other,0.2
25-29,female,2020-01-01,Perlis,bumi_other,0.1
30-34,female,2020-01-01,Perlis,bumi_other,0.1
35-39,female,2020-01-01,Perlis,bumi_other,0.1
40-44,female,2020-01-01,Perlis,bumi_other,0.0
45-49,female,2020-01-01,Perlis,bumi_other,0.0
50-54,female,2020-01-01,Perlis,bumi_other,0.0
55-59,female,2020-01-01,Perlis,bumi_other,0.0
60-64,female,2020-01-01,Perlis,bumi_other,0.0
65-69,female,2020-01-01,Perlis,bumi_other,0.0
70-74,female,2020-01-01,Perlis,bumi_other,0.0
75-79,female,2020-01-01,Perlis,bumi_other,0.0
80-84,female,2020-01-01,Perlis,bumi_other,0.0
85+,female,2020-01-01,Perlis,bumi_other,0.0
overall_age,overall_sex,2020-01-01,Pulau Pinang,bumi_other,8.0
0-4,overall_sex,2020-01-01,Pulau Pinang,bumi_other,0.6
5-9,overall_sex,2020-01-01,Pulau Pinang,bumi_other,0.5
10-14,overall_sex,2020-01-01,Pulau Pinang,bumi_other,0.5
15-19,overall_sex,2020-01-01,Pulau Pinang,bumi_other,0.5
20-24,overall_sex,2020-01-01,Pulau Pinang,bumi_other,0.4
25-29,overall_sex,2020-01-01,Pulau Pinang,bumi_other,1.0
30-34,overall_sex,2020-01-01,Pulau Pinang,bumi_other,1.0
35-39,overall_sex,2020-01-01,Pulau Pinang,bumi_other,1.0
40-44,overall_sex,2020-01-01,Pulau Pinang,bumi_other,0.8
45-49,overall_sex,2020-01-01,Pulau Pinang,bumi_other,0.5
50-54,overall_sex,2020-01-01,Pulau Pinang,bumi_other,0.3
55-59,overall_sex,2020-01-01,Pulau Pinang,bumi_other,0.3
60-64,overall_sex,2020-01-01,Pulau Pinang,bumi_other,0.3
65-69,overall_sex,2020-01-01,Pulau Pinang,bumi_other,0.1
70-74,overall_sex,2020-01-01,Pulau Pinang,bumi_other,0.1
75-79,overall_sex,2020-01-01,Pulau Pinang,bumi_other,0.0
80-84,overall_sex,2020-01-01,Pulau Pinang,bumi_other,0.0
85+,overall_sex,2020-01-01,Pulau Pinang,bumi_other,0.0
overall_age,male,2020-01-01,Pulau Pinang,bumi_other,4.0
0-4,male,2020-01-01,Pulau Pinang,bumi_other,0.3
5-9,male,2020-01-01,Pulau Pinang,bumi_other,0.3
10-14,male,2020-01-01,Pulau Pinang,bumi_other,0.3
15-19,male,2020-01-01,Pulau Pinang,bumi_other,0.3
20-24,male,2020-01-01,Pulau Pinang,bumi_other,0.2
25-29,male,2020-01-01,Pulau Pinang,bumi_other,0.5
30-34,male,2020-01-01,Pulau Pinang,bumi_other,0.2
35-39,male,2020-01-01,Pulau Pinang,bumi_other,0.5
40-44,male,2020-01-01,Pulau Pinang,bumi_other,0.5
45-49,male,2020-01-01,Pulau Pinang,bumi_other,0.3
50-54,male,2020-01-01,Pulau Pinang,bumi_other,0.2
55-59,male,2020-01-01,Pulau Pinang,bumi_other,0.1
60-64,male,2020-01-01,Pulau Pinang,bumi_other,0.2
65-69,male,2020-01-01,Pulau Pinang,bumi_other,0.1
70-74,male,2020-01-01,Pulau Pinang,bumi_other,0.0
75-79,male,2020-01-01,Pulau Pinang,bumi_other,0.0
80-84,male,2020-01-01,Pulau Pinang,bumi_other,0.0
85+,male,2020-01-01,Pulau Pinang,bumi_other,0.0
overall_age,female,2020-01-01,Pulau Pinang,bumi_other,4.0
0-4,female,2020-01-01,Pulau Pinang,bumi_other,0.3
5-9,female,2020-01-01,Pulau Pinang,bumi_other,0.3
10-14,female,2020-01-01,Pulau Pinang,bumi_other,0.3
15-19,female,2020-01-01,Pulau Pinang,bumi_other,0.2
20-24,female,2020-01-01,Pulau Pinang,bumi_other,0.1
25-29,female,2020-01-01,Pulau Pinang,bumi_other,0.6
30-34,female,2020-01-01,Pulau Pinang,bumi_other,0.8
35-39,female,2020-01-01,Pulau Pinang,bumi_other,0.5
40-44,female,2020-01-01,Pulau Pinang,bumi_other,0.3
45-49,female,2020-01-01,Pulau Pinang,bumi_other,0.2
50-54,female,2020-01-01,Pulau Pinang,bumi_other,0.1
55-59,female,2020-01-01,Pulau Pinang,bumi_other,0.1
60-64,female,2020-01-01,Pulau Pinang,bumi_other,0.1
65-69,female,2020-01-01,Pulau Pinang,bumi_other,0.0
70-74,female,2020-01-01,Pulau Pinang,bumi_other,0.0
75-79,female,2020-01-01,Pulau Pinang,bumi_other,0.0
80-84,female,2020-01-01,Pulau Pinang,bumi_other,0.0
85+,female,2020-01-01,Pulau Pinang,bumi_other,0.0
overall_age,overall_sex,2020-01-01,Sabah,bumi_other,2076.5
0-4,overall_sex,2020-01-01,Sabah,bumi_other,176.8
5-9,overall_sex,2020-01-01,Sabah,bumi_other,163.1
10-14,overall_sex,2020-01-01,Sabah,bumi_other,231.2
15-19,overall_sex,2020-01-01,Sabah,bumi_other,200.0
20-24,overall_sex,2020-01-01,Sabah,bumi_other,197.3
25-29,overall_sex,2020-01-01,Sabah,bumi_other,202.6
30-34,overall_sex,2020-01-01,Sabah,bumi_other,176.5
35-39,overall_sex,2020-01-01,Sabah,bumi_other,170.1
40-44,overall_sex,2020-01-01,Sabah,bumi_other,117.4
45-49,overall_sex,2020-01-01,Sabah,bumi_other,101.0
50-54,overall_sex,2020-01-01,Sabah,bumi_other,87.8
55-59,overall_sex,2020-01-01,Sabah,bumi_other,72.6
60-64,overall_sex,2020-01-01,Sabah,bumi_other,60.6
65-69,overall_sex,2020-01-01,Sabah,bumi_other,52.3
70-74,overall_sex,2020-01-01,Sabah,bumi_other,28.8
75-79,overall_sex,2020-01-01,Sabah,bumi_other,19.1
80-84,overall_sex,2020-01-01,Sabah,bumi_other,10.2
85+,overall_sex,2020-01-01,Sabah,bumi_other,9.1
overall_age,male,2020-01-01,Sabah,bumi_other,1045.7
0-4,male,2020-01-01,Sabah,bumi_other,92.5
5-9,male,2020-01-01,Sabah,bumi_other,83.3
10-14,male,2020-01-01,Sabah,bumi_other,118.0
15-19,male,2020-01-01,Sabah,bumi_other,103.1
20-24,male,2020-01-01,Sabah,bumi_other,99.3
25-29,male,2020-01-01,Sabah,bumi_other,99.2
30-34,male,2020-01-01,Sabah,bumi_other,83.8
35-39,male,2020-01-01,Sabah,bumi_other,84.1
40-44,male,2020-01-01,Sabah,bumi_other,57.6
45-49,male,2020-01-01,Sabah,bumi_other,49.2
50-54,male,2020-01-01,Sabah,bumi_other,44.0
55-59,male,2020-01-01,Sabah,bumi_other,36.2
60-64,male,2020-01-01,Sabah,bumi_other,31.9
65-69,male,2020-01-01,Sabah,bumi_other,28.4
70-74,male,2020-01-01,Sabah,bumi_other,14.7
75-79,male,2020-01-01,Sabah,bumi_other,10.0
80-84,male,2020-01-01,Sabah,bumi_other,5.2
85+,male,2020-01-01,Sabah,bumi_other,5.2
overall_age,female,2020-01-01,Sabah,bumi_other,1030.9
0-4,female,2020-01-01,Sabah,bumi_other,84.3
5-9,female,2020-01-01,Sabah,bumi_other,79.8
10-14,female,2020-01-01,Sabah,bumi_other,113.2
15-19,female,2020-01-01,Sabah,bumi_other,96.8
20-24,female,2020-01-01,Sabah,bumi_other,98.0
25-29,female,2020-01-01,Sabah,bumi_other,103.4
30-34,female,2020-01-01,Sabah,bumi_other,92.7
35-39,female,2020-01-01,Sabah,bumi_other,86.1
40-44,female,2020-01-01,Sabah,bumi_other,59.8
45-49,female,2020-01-01,Sabah,bumi_other,51.8
50-54,female,2020-01-01,Sabah,bumi_other,43.8
55-59,female,2020-01-01,Sabah,bumi_other,36.4
60-64,female,2020-01-01,Sabah,bumi_other,28.7
65-69,female,2020-01-01,Sabah,bumi_other,23.9
70-74,female,2020-01-01,Sabah,bumi_other,14.1
75-79,female,2020-01-01,Sabah,bumi_other,9.2
80-84,female,2020-01-01,Sabah,bumi_other,5.0
85+,female,2020-01-01,Sabah,bumi_other,3.8
overall_age,overall_sex,2020-01-01,Sarawak,bumi_other,1187.0
0-4,overall_sex,2020-01-01,Sarawak,bumi_other,77.3
5-9,overall_sex,2020-01-01,Sarawak,bumi_other,93.6
10-14,overall_sex,2020-01-01,Sarawak,bumi_other,105.8
15-19,overall_sex,2020-01-01,Sarawak,bumi_other,108.5
20-24,overall_sex,2020-01-01,Sarawak,bumi_other,98.4
25-29,overall_sex,2020-01-01,Sarawak,bumi_other,102.7
30-34,overall_sex,2020-01-01,Sarawak,bumi_other,94.9
35-39,overall_sex,2020-01-01,Sarawak,bumi_other,84.5
40-44,overall_sex,2020-01-01,Sarawak,bumi_other,76.0
45-49,overall_sex,2020-01-01,Sarawak,bumi_other,76.3
50-54,overall_sex,2020-01-01,Sarawak,bumi_other,70.8
55-59,overall_sex,2020-01-01,Sarawak,bumi_other,65.4
60-64,overall_sex,2020-01-01,Sarawak,bumi_other,47.1
65-69,overall_sex,2020-01-01,Sarawak,bumi_other,34.8
70-74,overall_sex,2020-01-01,Sarawak,bumi_other,23.5
75-79,overall_sex,2020-01-01,Sarawak,bumi_other,14.3
80-84,overall_sex,2020-01-01,Sarawak,bumi_other,7.3
85+,overall_sex,2020-01-01,Sarawak,bumi_other,5.6
overall_age,male,2020-01-01,Sarawak,bumi_other,599.4
0-4,male,2020-01-01,Sarawak,bumi_other,39.6
5-9,male,2020-01-01,Sarawak,bumi_other,48.2
10-14,male,2020-01-01,Sarawak,bumi_other,54.9
15-19,male,2020-01-01,Sarawak,bumi_other,55.5
20-24,male,2020-01-01,Sarawak,bumi_other,49.7
25-29,male,2020-01-01,Sarawak,bumi_other,51.9
30-34,male,2020-01-01,Sarawak,bumi_other,48.1
35-39,male,2020-01-01,Sarawak,bumi_other,42.6
40-44,male,2020-01-01,Sarawak,bumi_other,37.6
45-49,male,2020-01-01,Sarawak,bumi_other,38.2
50-54,male,2020-01-01,Sarawak,bumi_other,35.5
55-59,male,2020-01-01,Sarawak,bumi_other,33.0
60-64,male,2020-01-01,Sarawak,bumi_other,23.4
65-69,male,2020-01-01,Sarawak,bumi_other,17.7
70-74,male,2020-01-01,Sarawak,bumi_other,11.2
75-79,male,2020-01-01,Sarawak,bumi_other,6.9
80-84,male,2020-01-01,Sarawak,bumi_other,3.2
85+,male,2020-01-01,Sarawak,bumi_other,2.3
overall_age,female,2020-01-01,Sarawak,bumi_other,587.6
0-4,female,2020-01-01,Sarawak,bumi_other,37.7
5-9,female,2020-01-01,Sarawak,bumi_other,45.4
10-14,female,2020-01-01,Sarawak,bumi_other,50.8
15-19,female,2020-01-01,Sarawak,bumi_other,53.1
20-24,female,2020-01-01,Sarawak,bumi_other,48.7
25-29,female,2020-01-01,Sarawak,bumi_other,50.8
30-34,female,2020-01-01,Sarawak,bumi_other,46.8
35-39,female,2020-01-01,Sarawak,bumi_other,42.0
40-44,female,2020-01-01,Sarawak,bumi_other,38.4
45-49,female,2020-01-01,Sarawak,bumi_other,38.1
50-54,female,2020-01-01,Sarawak,bumi_other,35.3
55-59,female,2020-01-01,Sarawak,bumi_other,32.4
60-64,female,2020-01-01,Sarawak,bumi_other,23.7
65-69,female,2020-01-01,Sarawak,bumi_other,17.1
70-74,female,2020-01-01,Sarawak,bumi_other,12.3
75-79,female,2020-01-01,Sarawak,bumi_other,7.5
80-84,female,2020-01-01,Sarawak,bumi_other,4.2
85+,female,2020-01-01,Sarawak,bumi_other,3.3
overall_age,overall_sex,2020-01-01,Selangor,bumi_other,89.7
0-4,overall_sex,2020-01-01,Selangor,bumi_other,5.8
5-9,overall_sex,2020-01-01,Selangor,bumi_other,6.9
10-14,overall_sex,2020-01-01,Selangor,bumi_other,7.2
15-19,overall_sex,2020-01-01,Selangor,bumi_other,9.2
20-24,overall_sex,2020-01-01,Selangor,bumi_other,4.3
25-29,overall_sex,2020-01-01,Selangor,bumi_other,6.0
30-34,overall_sex,2020-01-01,Selangor,bumi_other,13.8
35-39,overall_sex,2020-01-01,Selangor,bumi_other,11.1
40-44,overall_sex,2020-01-01,Selangor,bumi_other,7.0
45-49,overall_sex,2020-01-01,Selangor,bumi_other,4.3
50-54,overall_sex,2020-01-01,Selangor,bumi_other,4.0
55-59,overall_sex,2020-01-01,Selangor,bumi_other,2.7
60-64,overall_sex,2020-01-01,Selangor,bumi_other,1.1
65-69,overall_sex,2020-01-01,Selangor,bumi_other,2.0
70-74,overall_sex,2020-01-01,Selangor,bumi_other,1.7
75-79,overall_sex,2020-01-01,Selangor,bumi_other,1.0
80-84,overall_sex,2020-01-01,Selangor,bumi_other,0.6
85+,overall_sex,2020-01-01,Selangor,bumi_other,0.9
overall_age,male,2020-01-01,Selangor,bumi_other,46.1
0-4,male,2020-01-01,Selangor,bumi_other,2.9
5-9,male,2020-01-01,Selangor,bumi_other,4.1
10-14,male,2020-01-01,Selangor,bumi_other,3.5
15-19,male,2020-01-01,Selangor,bumi_other,3.9
20-24,male,2020-01-01,Selangor,bumi_other,1.5
25-29,male,2020-01-01,Selangor,bumi_other,2.9
30-34,male,2020-01-01,Selangor,bumi_other,8.3
35-39,male,2020-01-01,Selangor,bumi_other,6.3
40-44,male,2020-01-01,Selangor,bumi_other,3.7
45-49,male,2020-01-01,Selangor,bumi_other,1.6
50-54,male,2020-01-01,Selangor,bumi_other,2.5
55-59,male,2020-01-01,Selangor,bumi_other,1.3
60-64,male,2020-01-01,Selangor,bumi_other,0.5
65-69,male,2020-01-01,Selangor,bumi_other,1.1
70-74,male,2020-01-01,Selangor,bumi_other,0.7
75-79,male,2020-01-01,Selangor,bumi_other,0.4
80-84,male,2020-01-01,Selangor,bumi_other,0.3
85+,male,2020-01-01,Selangor,bumi_other,0.5
overall_age,female,2020-01-01,Selangor,bumi_other,43.6
0-4,female,2020-01-01,Selangor,bumi_other,3.0
5-9,female,2020-01-01,Selangor,bumi_other,2.8
10-14,female,2020-01-01,Selangor,bumi_other,3.7
15-19,female,2020-01-01,Selangor,bumi_other,5.3
20-24,female,2020-01-01,Selangor,bumi_other,2.8
25-29,female,2020-01-01,Selangor,bumi_other,3.0
30-34,female,2020-01-01,Selangor,bumi_other,5.5
35-39,female,2020-01-01,Selangor,bumi_other,4.8
40-44,female,2020-01-01,Selangor,bumi_other,3.3
45-49,female,2020-01-01,Selangor,bumi_other,2.7
50-54,female,2020-01-01,Selangor,bumi_other,1.5
55-59,female,2020-01-01,Selangor,bumi_other,1.4
60-64,female,2020-01-01,Selangor,bumi_other,0.6
65-69,female,2020-01-01,Selangor,bumi_other,0.9
70-74,female,2020-01-01,Selangor,bumi_other,1.0
75-79,female,2020-01-01,Selangor,bumi_other,0.6
80-84,female,2020-01-01,Selangor,bumi_other,0.3
85+,female,2020-01-01,Selangor,bumi_other,0.4
overall_age,overall_sex,2020-01-01,Terengganu,bumi_other,5.2
0-4,overall_sex,2020-01-01,Terengganu,bumi_other,0.5
5-9,overall_sex,2020-01-01,Terengganu,bumi_other,0.5
10-14,overall_sex,2020-01-01,Terengganu,bumi_other,0.5
15-19,overall_sex,2020-01-01,Terengganu,bumi_other,0.5
20-24,overall_sex,2020-01-01,Terengganu,bumi_other,0.8
25-29,overall_sex,2020-01-01,Terengganu,bumi_other,0.5
30-34,overall_sex,2020-01-01,Terengganu,bumi_other,0.5
35-39,overall_sex,2020-01-01,Terengganu,bumi_other,0.4
40-44,overall_sex,2020-01-01,Terengganu,bumi_other,0.3
45-49,overall_sex,2020-01-01,Terengganu,bumi_other,0.2
50-54,overall_sex,2020-01-01,Terengganu,bumi_other,0.2
55-59,overall_sex,2020-01-01,Terengganu,bumi_other,0.2
60-64,overall_sex,2020-01-01,Terengganu,bumi_other,0.1
65-69,overall_sex,2020-01-01,Terengganu,bumi_other,0.1
70-74,overall_sex,2020-01-01,Terengganu,bumi_other,0.0
75-79,overall_sex,2020-01-01,Terengganu,bumi_other,0.0
80-84,overall_sex,2020-01-01,Terengganu,bumi_other,0.0
85+,overall_sex,2020-01-01,Terengganu,bumi_other,0.0
overall_age,male,2020-01-01,Terengganu,bumi_other,2.7
0-4,male,2020-01-01,Terengganu,bumi_other,0.3
5-9,male,2020-01-01,Terengganu,bumi_other,0.2
10-14,male,2020-01-01,Terengganu,bumi_other,0.3
15-19,male,2020-01-01,Terengganu,bumi_other,0.2
20-24,male,2020-01-01,Terengganu,bumi_other,0.4
25-29,male,2020-01-01,Terengganu,bumi_other,0.3
30-34,male,2020-01-01,Terengganu,bumi_other,0.2
35-39,male,2020-01-01,Terengganu,bumi_other,0.2
40-44,male,2020-01-01,Terengganu,bumi_other,0.1
45-49,male,2020-01-01,Terengganu,bumi_other,0.1
50-54,male,2020-01-01,Terengganu,bumi_other,0.1
55-59,male,2020-01-01,Terengganu,bumi_other,0.1
60-64,male,2020-01-01,Terengganu,bumi_other,0.1
65-69,male,2020-01-01,Terengganu,bumi_other,0.0
70-74,male,2020-01-01,Terengganu,bumi_other,0.0
75-79,male,2020-01-01,Terengganu,bumi_other,0.0
80-84,male,2020-01-01,Terengganu,bumi_other,0.0
85+,male,2020-01-01,Terengganu,bumi_other,0.0
overall_age,female,2020-01-01,Terengganu,bumi_other,2.5
0-4,female,2020-01-01,Terengganu,bumi_other,0.2
5-9,female,2020-01-01,Terengganu,bumi_other,0.2
10-14,female,2020-01-01,Terengganu,bumi_other,0.2
15-19,female,2020-01-01,Terengganu,bumi_other,0.3
20-24,female,2020-01-01,Terengganu,bumi_other,0.4
25-29,female,2020-01-01,Terengganu,bumi_other,0.2
30-34,female,2020-01-01,Terengganu,bumi_other,0.2
35-39,female,2020-01-01,Terengganu,bumi_other,0.2
40-44,female,2020-01-01,Terengganu,bumi_other,0.1
45-49,female,2020-01-01,Terengganu,bumi_other,0.1
50-54,female,2020-01-01,Terengganu,bumi_other,0.1
55-59,female,2020-01-01,Terengganu,bumi_other,0.1
60-64,female,2020-01-01,Terengganu,bumi_other,0.1
65-69,female,2020-01-01,Terengganu,bumi_other,0.0
70-74,female,2020-01-01,Terengganu,bumi_other,0.0
75-79,female,2020-01-01,Terengganu,bumi_other,0.0
80-84,female,2020-01-01,Terengganu,bumi_other,0.0
85+,female,2020-01-01,Terengganu,bumi_other,0.0
overall_age,overall_sex,2020-01-01,W.P. Kuala Lumpur,bumi_other,21.7
0-4,overall_sex,2020-01-01,W.P. Kuala Lumpur,bumi_other,0.8
5-9,overall_sex,2020-01-01,W.P. Kuala Lumpur,bumi_other,1.9
10-14,overall_sex,2020-01-01,W.P. Kuala Lumpur,bumi_other,1.5
15-19,overall_sex,2020-01-01,W.P. Kuala Lumpur,bumi_other,1.1
20-24,overall_sex,2020-01-01,W.P. Kuala Lumpur,bumi_other,1.9
25-29,overall_sex,2020-01-01,W.P. Kuala Lumpur,bumi_other,3.0
30-34,overall_sex,2020-01-01,W.P. Kuala Lumpur,bumi_other,3.1
35-39,overall_sex,2020-01-01,W.P. Kuala Lumpur,bumi_other,2.8
40-44,overall_sex,2020-01-01,W.P. Kuala Lumpur,bumi_other,1.8
45-49,overall_sex,2020-01-01,W.P. Kuala Lumpur,bumi_other,1.1
50-54,overall_sex,2020-01-01,W.P. Kuala Lumpur,bumi_other,0.6
55-59,overall_sex,2020-01-01,W.P. Kuala Lumpur,bumi_other,0.4
60-64,overall_sex,2020-01-01,W.P. Kuala Lumpur,bumi_other,0.3
65-69,overall_sex,2020-01-01,W.P. Kuala Lumpur,bumi_other,0.3
70-74,overall_sex,2020-01-01,W.P. Kuala Lumpur,bumi_other,0.2
75-79,overall_sex,2020-01-01,W.P. Kuala Lumpur,bumi_other,0.5
80-84,overall_sex,2020-01-01,W.P. Kuala Lumpur,bumi_other,0.2
85+,overall_sex,2020-01-01,W.P. Kuala Lumpur,bumi_other,0.2
overall_age,male,2020-01-01,W.P. Kuala Lumpur,bumi_other,11.0
0-4,male,2020-01-01,W.P. Kuala Lumpur,bumi_other,0.4
5-9,male,2020-01-01,W.P. Kuala Lumpur,bumi_other,1.1
10-14,male,2020-01-01,W.P. Kuala Lumpur,bumi_other,0.6
15-19,male,2020-01-01,W.P. Kuala Lumpur,bumi_other,0.6
20-24,male,2020-01-01,W.P. Kuala Lumpur,bumi_other,1.0
25-29,male,2020-01-01,W.P. Kuala Lumpur,bumi_other,1.4
30-34,male,2020-01-01,W.P. Kuala Lumpur,bumi_other,1.5
35-39,male,2020-01-01,W.P. Kuala Lumpur,bumi_other,1.4
40-44,male,2020-01-01,W.P. Kuala Lumpur,bumi_other,0.9
45-49,male,2020-01-01,W.P. Kuala Lumpur,bumi_other,0.6
50-54,male,2020-01-01,W.P. Kuala Lumpur,bumi_other,0.3
55-59,male,2020-01-01,W.P. Kuala Lumpur,bumi_other,0.2
60-64,male,2020-01-01,W.P. Kuala Lumpur,bumi_other,0.1
65-69,male,2020-01-01,W.P. Kuala Lumpur,bumi_other,0.2
70-74,male,2020-01-01,W.P. Kuala Lumpur,bumi_other,0.1
75-79,male,2020-01-01,W.P. Kuala Lumpur,bumi_other,0.4
80-84,male,2020-01-01,W.P. Kuala Lumpur,bumi_other,0.1
85+,male,2020-01-01,W.P. Kuala Lumpur,bumi_other,0.0
overall_age,female,2020-01-01,W.P. Kuala Lumpur,bumi_other,10.7
0-4,female,2020-01-01,W.P. Kuala Lumpur,bumi_other,0.4
5-9,female,2020-01-01,W.P. Kuala Lumpur,bumi_other,0.8
10-14,female,2020-01-01,W.P. Kuala Lumpur,bumi_other,0.9
15-19,female,2020-01-01,W.P. Kuala Lumpur,bumi_other,0.6
20-24,female,2020-01-01,W.P. Kuala Lumpur,bumi_other,0.8
25-29,female,2020-01-01,W.P. Kuala Lumpur,bumi_other,1.7
30-34,female,2020-01-01,W.P. Kuala Lumpur,bumi_other,1.5
35-39,female,2020-01-01,W.P. Kuala Lumpur,bumi_other,1.4
40-44,female,2020-01-01,W.P. Kuala Lumpur,bumi_other,0.8
45-49,female,2020-01-01,W.P. Kuala Lumpur,bumi_other,0.5
50-54,female,2020-01-01,W.P. Kuala Lumpur,bumi_other,0.3
55-59,female,2020-01-01,W.P. Kuala Lumpur,bumi_other,0.2
60-64,female,2020-01-01,W.P. Kuala Lumpur,bumi_other,0.1
65-69,female,2020-01-01,W.P. Kuala Lumpur,bumi_other,0.2
70-74,female,2020-01-01,W.P. Kuala Lumpur,bumi_other,0.1
75-79,female,2020-01-01,W.P. Kuala Lumpur,bumi_other,0.1
80-84,female,2020-01-01,W.P. Kuala Lumpur,bumi_other,0.1
85+,female,2020-01-01,W.P. Kuala Lumpur,bumi_other,0.1
overall_age,overall_sex,2020-01-01,W.P. Labuan,bumi_other,49.0
0-4,overall_sex,2020-01-01,W.P. Labuan,bumi_other,5.3
5-9,overall_sex,2020-01-01,W.P. Labuan,bumi_other,4.7
10-14,overall_sex,2020-01-01,W.P. Labuan,bumi_other,4.3
15-19,overall_sex,2020-01-01,W.P. Labuan,bumi_other,4.9
20-24,overall_sex,2020-01-01,W.P. Labuan,bumi_other,4.3
25-29,overall_sex,2020-01-01,W.P. Labuan,bumi_other,4.2
30-34,overall_sex,2020-01-01,W.P. Labuan,bumi_other,4.4
35-39,overall_sex,2020-01-01,W.P. Labuan,bumi_other,5.0
40-44,overall_sex,2020-01-01,W.P. Labuan,bumi_other,2.7
45-49,overall_sex,2020-01-01,W.P. Labuan,bumi_other,2.3
50-54,overall_sex,2020-01-01,W.P. Labuan,bumi_other,2.1
55-59,overall_sex,2020-01-01,W.P. Labuan,bumi_other,1.8
60-64,overall_sex,2020-01-01,W.P. Labuan,bumi_other,1.3
65-69,overall_sex,2020-01-01,W.P. Labuan,bumi_other,0.8
70-74,overall_sex,2020-01-01,W.P. Labuan,bumi_other,0.4
75-79,overall_sex,2020-01-01,W.P. Labuan,bumi_other,0.2
80-84,overall_sex,2020-01-01,W.P. Labuan,bumi_other,0.1
85+,overall_sex,2020-01-01,W.P. Labuan,bumi_other,0.2
overall_age,male,2020-01-01,W.P. Labuan,bumi_other,25.3
0-4,male,2020-01-01,W.P. Labuan,bumi_other,2.8
5-9,male,2020-01-01,W.P. Labuan,bumi_other,2.5
10-14,male,2020-01-01,W.P. Labuan,bumi_other,2.3
15-19,male,2020-01-01,W.P. Labuan,bumi_other,2.3
20-24,male,2020-01-01,W.P. Labuan,bumi_other,2.1
25-29,male,2020-01-01,W.P. Labuan,bumi_other,2.0
30-34,male,2020-01-01,W.P. Labuan,bumi_other,2.2
35-39,male,2020-01-01,W.P. Labuan,bumi_other,2.9
40-44,male,2020-01-01,W.P. Labuan,bumi_other,1.5
45-49,male,2020-01-01,W.P. Labuan,bumi_other,1.1
50-54,male,2020-01-01,W.P. Labuan,bumi_other,1.1
55-59,male,2020-01-01,W.P. Labuan,bumi_other,1.0
60-64,male,2020-01-01,W.P. Labuan,bumi_other,0.7
65-69,male,2020-01-01,W.P. Labuan,bumi_other,0.4
70-74,male,2020-01-01,W.P. Labuan,bumi_other,0.2
75-79,male,2020-01-01,W.P. Labuan,bumi_other,0.1
80-84,male,2020-01-01,W.P. Labuan,bumi_other,0.1
85+,male,2020-01-01,W.P. Labuan,bumi_other,0.1
overall_age,female,2020-01-01,W.P. Labuan,bumi_other,23.7
0-4,female,2020-01-01,W.P. Labuan,bumi_other,2.4
5-9,female,2020-01-01,W.P. Labuan,bumi_other,2.2
10-14,female,2020-01-01,W.P. Labuan,bumi_other,2.0
15-19,female,2020-01-01,W.P. Labuan,bumi_other,2.6
20-24,female,2020-01-01,W.P. Labuan,bumi_other,2.3
25-29,female,2020-01-01,W.P. Labuan,bumi_other,2.2
30-34,female,2020-01-01,W.P. Labuan,bumi_other,2.2
35-39,female,2020-01-01,W.P. Labuan,bumi_other,2.2
40-44,female,2020-01-01,W.P. Labuan,bumi_other,1.2
45-49,female,2020-01-01,W.P. Labuan,bumi_other,1.2
50-54,female,2020-01-01,W.P. Labuan,bumi_other,1.0
55-59,female,2020-01-01,W.P. Labuan,bumi_other,0.9
60-64,female,2020-01-01,W.P. Labuan,bumi_other,0.6
65-69,female,2020-01-01,W.P. Labuan,bumi_other,0.4
70-74,female,2020-01-01,W.P. Labuan,bumi_other,0.2
75-79,female,2020-01-01,W.P. Labuan,bumi_other,0.1
80-84,female,2020-01-01,W.P. Labuan,bumi_other,0.1
85+,female,2020-01-01,W.P. Labuan,bumi_other,0.1
overall_age,overall_sex,2020-01-01,W.P. Putrajaya,bumi_other,2.3
0-4,overall_sex,2020-01-01,W.P. Putrajaya,bumi_other,0.2
5-9,overall_sex,2020-01-01,W.P. Putrajaya,bumi_other,0.2
10-14,overall_sex,2020-01-01,W.P. Putrajaya,bumi_other,0.2
15-19,overall_sex,2020-01-01,W.P. Putrajaya,bumi_other,0.1
20-24,overall_sex,2020-01-01,W.P. Putrajaya,bumi_other,0.1
25-29,overall_sex,2020-01-01,W.P. Putrajaya,bumi_other,0.2
30-34,overall_sex,2020-01-01,W.P. Putrajaya,bumi_other,0.3
35-39,overall_sex,2020-01-01,W.P. Putrajaya,bumi_other,0.4
40-44,overall_sex,2020-01-01,W.P. Putrajaya,bumi_other,0.2
45-49,overall_sex,2020-01-01,W.P. Putrajaya,bumi_other,0.1
50-54,overall_sex,2020-01-01,W.P. Putrajaya,bumi_other,0.1
55-59,overall_sex,2020-01-01,W.P. Putrajaya,bumi_other,0.0
60-64,overall_sex,2020-01-01,W.P. Putrajaya,bumi_other,0.0
65-69,overall_sex,2020-01-01,W.P. Putrajaya,bumi_other,0.0
70-74,overall_sex,2020-01-01,W.P. Putrajaya,bumi_other,0.0
75-79,overall_sex,2020-01-01,W.P. Putrajaya,bumi_other,0.0
80-84,overall_sex,2020-01-01,W.P. Putrajaya,bumi_other,0.0
85+,overall_sex,2020-01-01,W.P. Putrajaya,bumi_other,0.0
overall_age,male,2020-01-01,W.P. Putrajaya,bumi_other,1.0
0-4,male,2020-01-01,W.P. Putrajaya,bumi_other,0.1
5-9,male,2020-01-01,W.P. Putrajaya,bumi_other,0.1
10-14,male,2020-01-01,W.P. Putrajaya,bumi_other,0.1
15-19,male,2020-01-01,W.P. Putrajaya,bumi_other,0.0
20-24,male,2020-01-01,W.P. Putrajaya,bumi_other,0.0
25-29,male,2020-01-01,W.P. Putrajaya,bumi_other,0.1
30-34,male,2020-01-01,W.P. Putrajaya,bumi_other,0.1
35-39,male,2020-01-01,W.P. Putrajaya,bumi_other,0.2
40-44,male,2020-01-01,W.P. Putrajaya,bumi_other,0.1
45-49,male,2020-01-01,W.P. Putrajaya,bumi_other,0.1
50-54,male,2020-01-01,W.P. Putrajaya,bumi_other,0.0
55-59,male,2020-01-01,W.P. Putrajaya,bumi_other,0.0
60-64,male,2020-01-01,W.P. Putrajaya,bumi_other,0.0
65-69,male,2020-01-01,W.P. Putrajaya,bumi_other,0.0
70-74,male,2020-01-01,W.P. Putrajaya,bumi_other,0.0
75-79,male,2020-01-01,W.P. Putrajaya,bumi_other,0.0
80-84,male,2020-01-01,W.P. Putrajaya,bumi_other,0.0
85+,male,2020-01-01,W.P. Putrajaya,bumi_other,0.0
overall_age,female,2020-01-01,W.P. Putrajaya,bumi_other,1.3
0-4,female,2020-01-01,W.P. Putrajaya,bumi_other,0.1
5-9,female,2020-01-01,W.P. Putrajaya,bumi_other,0.1
10-14,female,2020-01-01,W.P. Putrajaya,bumi_other,0.1
15-19,female,2020-01-01,W.P. Putrajaya,bumi_other,0.0
20-24,female,2020-01-01,W.P. Putrajaya,bumi_other,0.1
25-29,female,2020-01-01,W.P. Putrajaya,bumi_other,0.1
30-34,female,2020-01-01,W.P. Putrajaya,bumi_other,0.2
35-39,female,2020-01-01,W.P. Putrajaya,bumi_other,0.3
40-44,female,2020-01-01,W.P. Putrajaya,bumi_other,0.1
45-49,female,2020-01-01,W.P. Putrajaya,bumi_other,0.1
50-54,female,2020-01-01,W.P. Putrajaya,bumi_other,0.0
55-59,female,2020-01-01,W.P. Putrajaya,bumi_other,0.0
60-64,female,2020-01-01,W.P. Putrajaya,bumi_other,0.0
65-69,female,2020-01-01,W.P. Putrajaya,bumi_other,0.0
70-74,female,2020-01-01,W.P. Putrajaya,bumi_other,0.0
75-79,female,2020-01-01,W.P. Putrajaya,bumi_other,0.0
80-84,female,2020-01-01,W.P. Putrajaya,bumi_other,0.0
85+,female,2020-01-01,W.P. Putrajaya,bumi_other,0.0
overall_age,overall_sex,2020-01-01,Johor,chinese,1208.7
0-4,overall_sex,2020-01-01,Johor,chinese,82.7
5-9,overall_sex,2020-01-01,Johor,chinese,95.5
10-14,overall_sex,2020-01-01,Johor,chinese,102.7
15-19,overall_sex,2020-01-01,Johor,chinese,98.5
20-24,overall_sex,2020-01-01,Johor,chinese,103.1
25-29,overall_sex,2020-01-01,Johor,chinese,96.3
30-34,overall_sex,2020-01-01,Johor,chinese,91.4
35-39,overall_sex,2020-01-01,Johor,chinese,90.7
40-44,overall_sex,2020-01-01,Johor,chinese,85.0
45-49,overall_sex,2020-01-01,Johor,chinese,82.4
50-54,overall_sex,2020-01-01,Johor,chinese,76.9
55-59,overall_sex,2020-01-01,Johor,chinese,68.6
60-64,overall_sex,2020-01-01,Johor,chinese,60.0
65-69,overall_sex,2020-01-01,Johor,chinese,27.3
70-74,overall_sex,2020-01-01,Johor,chinese,21.1
75-79,overall_sex,2020-01-01,Johor,chinese,13.1
80-84,overall_sex,2020-01-01,Johor,chinese,8.3
85+,overall_sex,2020-01-01,Johor,chinese,4.9
overall_age,male,2020-01-01,Johor,chinese,619.5
0-4,male,2020-01-01,Johor,chinese,40.4
5-9,male,2020-01-01,Johor,chinese,49.0
10-14,male,2020-01-01,Johor,chinese,53.5
15-19,male,2020-01-01,Johor,chinese,50.2
20-24,male,2020-01-01,Johor,chinese,54.1
25-29,male,2020-01-01,Johor,chinese,49.1
30-34,male,2020-01-01,Johor,chinese,46.8
35-39,male,2020-01-01,Johor,chinese,47.1
40-44,male,2020-01-01,Johor,chinese,44.1
45-49,male,2020-01-01,Johor,chinese,42.4
50-54,male,2020-01-01,Johor,chinese,38.8
55-59,male,2020-01-01,Johor,chinese,36.3
60-64,male,2020-01-01,Johor,chinese,29.9
65-69,male,2020-01-01,Johor,chinese,13.7
70-74,male,2020-01-01,Johor,chinese,10.6
75-79,male,2020-01-01,Johor,chinese,6.5
80-84,male,2020-01-01,Johor,chinese,4.3
85+,male,2020-01-01,Johor,chinese,2.9
overall_age,female,2020-01-01,Johor,chinese,589.1
0-4,female,2020-01-01,Johor,chinese,42.3
5-9,female,2020-01-01,Johor,chinese,46.5
10-14,female,2020-01-01,Johor,chinese,49.3
15-19,female,2020-01-01,Johor,chinese,48.3
20-24,female,2020-01-01,Johor,chinese,49.0
25-29,female,2020-01-01,Johor,chinese,47.3
30-34,female,2020-01-01,Johor,chinese,44.6
35-39,female,2020-01-01,Johor,chinese,43.6
40-44,female,2020-01-01,Johor,chinese,40.9
45-49,female,2020-01-01,Johor,chinese,40.0
50-54,female,2020-01-01,Johor,chinese,38.1
55-59,female,2020-01-01,Johor,chinese,32.3
60-64,female,2020-01-01,Johor,chinese,30.1
65-69,female,2020-01-01,Johor,chinese,13.6
70-74,female,2020-01-01,Johor,chinese,10.5
75-79,female,2020-01-01,Johor,chinese,6.6
80-84,female,2020-01-01,Johor,chinese,4.1
85+,female,2020-01-01,Johor,chinese,2.0
overall_age,overall_sex,2020-01-01,Kedah,chinese,250.6
0-4,overall_sex,2020-01-01,Kedah,chinese,16.6
5-9,overall_sex,2020-01-01,Kedah,chinese,20.8
10-14,overall_sex,2020-01-01,Kedah,chinese,24.4
15-19,overall_sex,2020-01-01,Kedah,chinese,18.0
20-24,overall_sex,2020-01-01,Kedah,chinese,20.8
25-29,overall_sex,2020-01-01,Kedah,chinese,20.9
30-34,overall_sex,2020-01-01,Kedah,chinese,17.7
35-39,overall_sex,2020-01-01,Kedah,chinese,13.6
40-44,overall_sex,2020-01-01,Kedah,chinese,15.0
45-49,overall_sex,2020-01-01,Kedah,chinese,15.2
50-54,overall_sex,2020-01-01,Kedah,chinese,15.8
55-59,overall_sex,2020-01-01,Kedah,chinese,16.1
60-64,overall_sex,2020-01-01,Kedah,chinese,15.2
65-69,overall_sex,2020-01-01,Kedah,chinese,7.2
70-74,overall_sex,2020-01-01,Kedah,chinese,5.9
75-79,overall_sex,2020-01-01,Kedah,chinese,3.5
80-84,overall_sex,2020-01-01,Kedah,chinese,2.5
85+,overall_sex,2020-01-01,Kedah,chinese,1.4
overall_age,male,2020-01-01,Kedah,chinese,125.0
0-4,male,2020-01-01,Kedah,chinese,7.7
5-9,male,2020-01-01,Kedah,chinese,10.5
10-14,male,2020-01-01,Kedah,chinese,12.3
15-19,male,2020-01-01,Kedah,chinese,9.1
20-24,male,2020-01-01,Kedah,chinese,11.6
25-29,male,2020-01-01,Kedah,chinese,10.5
30-34,male,2020-01-01,Kedah,chinese,8.0
35-39,male,2020-01-01,Kedah,chinese,7.9
40-44,male,2020-01-01,Kedah,chinese,7.3
45-49,male,2020-01-01,Kedah,chinese,7.4
50-54,male,2020-01-01,Kedah,chinese,7.4
55-59,male,2020-01-01,Kedah,chinese,7.9
60-64,male,2020-01-01,Kedah,chinese,7.4
65-69,male,2020-01-01,Kedah,chinese,3.5
70-74,male,2020-01-01,Kedah,chinese,3.0
75-79,male,2020-01-01,Kedah,chinese,1.7
80-84,male,2020-01-01,Kedah,chinese,1.1
85+,male,2020-01-01,Kedah,chinese,0.7
overall_age,female,2020-01-01,Kedah,chinese,125.6
0-4,female,2020-01-01,Kedah,chinese,8.9
5-9,female,2020-01-01,Kedah,chinese,10.3
10-14,female,2020-01-01,Kedah,chinese,12.2
15-19,female,2020-01-01,Kedah,chinese,8.9
20-24,female,2020-01-01,Kedah,chinese,9.2
25-29,female,2020-01-01,Kedah,chinese,10.5
30-34,female,2020-01-01,Kedah,chinese,9.7
35-39,female,2020-01-01,Kedah,chinese,5.7
40-44,female,2020-01-01,Kedah,chinese,7.6
45-49,female,2020-01-01,Kedah,chinese,7.8
50-54,female,2020-01-01,Kedah,chinese,8.4
55-59,female,2020-01-01,Kedah,chinese,8.2
60-64,female,2020-01-01,Kedah,chinese,7.8
65-69,female,2020-01-01,Kedah,chinese,3.6
70-74,female,2020-01-01,Kedah,chinese,2.8
75-79,female,2020-01-01,Kedah,chinese,1.8
80-84,female,2020-01-01,Kedah,chinese,1.4
85+,female,2020-01-01,Kedah,chinese,0.7
overall_age,overall_sex,2020-01-01,Kelantan,chinese,44.7
0-4,overall_sex,2020-01-01,Kelantan,chinese,2.6
5-9,overall_sex,2020-01-01,Kelantan,chinese,3.1
10-14,overall_sex,2020-01-01,Kelantan,chinese,3.1
15-19,overall_sex,2020-01-01,Kelantan,chinese,3.6
20-24,overall_sex,2020-01-01,Kelantan,chinese,3.4
25-29,overall_sex,2020-01-01,Kelantan,chinese,2.7
30-34,overall_sex,2020-01-01,Kelantan,chinese,2.8
35-39,overall_sex,2020-01-01,Kelantan,chinese,2.7
40-44,overall_sex,2020-01-01,Kelantan,chinese,2.6
45-49,overall_sex,2020-01-01,Kelantan,chinese,2.7
50-54,overall_sex,2020-01-01,Kelantan,chinese,2.9
55-59,overall_sex,2020-01-01,Kelantan,chinese,3.4
60-64,overall_sex,2020-01-01,Kelantan,chinese,2.9
65-69,overall_sex,2020-01-01,Kelantan,chinese,2.3
70-74,overall_sex,2020-01-01,Kelantan,chinese,1.7
75-79,overall_sex,2020-01-01,Kelantan,chinese,1.0
80-84,overall_sex,2020-01-01,Kelantan,chinese,0.7
85+,overall_sex,2020-01-01,Kelantan,chinese,0.4
overall_age,male,2020-01-01,Kelantan,chinese,22.9
0-4,male,2020-01-01,Kelantan,chinese,1.3
5-9,male,2020-01-01,Kelantan,chinese,1.7
10-14,male,2020-01-01,Kelantan,chinese,1.6
15-19,male,2020-01-01,Kelantan,chinese,1.8
20-24,male,2020-01-01,Kelantan,chinese,1.7
25-29,male,2020-01-01,Kelantan,chinese,1.4
30-34,male,2020-01-01,Kelantan,chinese,1.5
35-39,male,2020-01-01,Kelantan,chinese,1.4
40-44,male,2020-01-01,Kelantan,chinese,1.4
45-49,male,2020-01-01,Kelantan,chinese,1.3
50-54,male,2020-01-01,Kelantan,chinese,1.5
55-59,male,2020-01-01,Kelantan,chinese,1.7
60-64,male,2020-01-01,Kelantan,chinese,1.5
65-69,male,2020-01-01,Kelantan,chinese,1.3
70-74,male,2020-01-01,Kelantan,chinese,0.9
75-79,male,2020-01-01,Kelantan,chinese,0.5
80-84,male,2020-01-01,Kelantan,chinese,0.3
85+,male,2020-01-01,Kelantan,chinese,0.1
overall_age,female,2020-01-01,Kelantan,chinese,21.8
0-4,female,2020-01-01,Kelantan,chinese,1.3
5-9,female,2020-01-01,Kelantan,chinese,1.4
10-14,female,2020-01-01,Kelantan,chinese,1.4
15-19,female,2020-01-01,Kelantan,chinese,1.8
20-24,female,2020-01-01,Kelantan,chinese,1.8
25-29,female,2020-01-01,Kelantan,chinese,1.3
30-34,female,2020-01-01,Kelantan,chinese,1.3
35-39,female,2020-01-01,Kelantan,chinese,1.3
40-44,female,2020-01-01,Kelantan,chinese,1.2
45-49,female,2020-01-01,Kelantan,chinese,1.3
50-54,female,2020-01-01,Kelantan,chinese,1.4
55-59,female,2020-01-01,Kelantan,chinese,1.7
60-64,female,2020-01-01,Kelantan,chinese,1.4
65-69,female,2020-01-01,Kelantan,chinese,1.1
70-74,female,2020-01-01,Kelantan,chinese,0.8
75-79,female,2020-01-01,Kelantan,chinese,0.5
80-84,female,2020-01-01,Kelantan,chinese,0.4
85+,female,2020-01-01,Kelantan,chinese,0.3
overall_age,overall_sex,2020-01-01,Melaka,chinese,205.2
0-4,overall_sex,2020-01-01,Melaka,chinese,14.7
5-9,overall_sex,2020-01-01,Melaka,chinese,13.8
10-14,overall_sex,2020-01-01,Melaka,chinese,13.3
15-19,overall_sex,2020-01-01,Melaka,chinese,17.2
20-24,overall_sex,2020-01-01,Melaka,chinese,13.3
25-29,overall_sex,2020-01-01,Melaka,chinese,14.3
30-34,overall_sex,2020-01-01,Melaka,chinese,14.1
35-39,overall_sex,2020-01-01,Melaka,chinese,13.8
40-44,overall_sex,2020-01-01,Melaka,chinese,19.1
45-49,overall_sex,2020-01-01,Melaka,chinese,12.0
50-54,overall_sex,2020-01-01,Melaka,chinese,11.3
55-59,overall_sex,2020-01-01,Melaka,chinese,12.9
60-64,overall_sex,2020-01-01,Melaka,chinese,10.8
65-69,overall_sex,2020-01-01,Melaka,chinese,9.6
70-74,overall_sex,2020-01-01,Melaka,chinese,6.8
75-79,overall_sex,2020-01-01,Melaka,chinese,3.9
80-84,overall_sex,2020-01-01,Melaka,chinese,2.7
85+,overall_sex,2020-01-01,Melaka,chinese,1.6
overall_age,male,2020-01-01,Melaka,chinese,104.3
0-4,male,2020-01-01,Melaka,chinese,7.5
5-9,male,2020-01-01,Melaka,chinese,7.3
10-14,male,2020-01-01,Melaka,chinese,7.0
15-19,male,2020-01-01,Melaka,chinese,9.2
20-24,male,2020-01-01,Melaka,chinese,7.5
25-29,male,2020-01-01,Melaka,chinese,7.0
30-34,male,2020-01-01,Melaka,chinese,7.1
35-39,male,2020-01-01,Melaka,chinese,6.8
40-44,male,2020-01-01,Melaka,chinese,9.7
45-49,male,2020-01-01,Melaka,chinese,5.8
50-54,male,2020-01-01,Melaka,chinese,5.6
55-59,male,2020-01-01,Melaka,chinese,6.4
60-64,male,2020-01-01,Melaka,chinese,5.4
65-69,male,2020-01-01,Melaka,chinese,4.7
70-74,male,2020-01-01,Melaka,chinese,3.5
75-79,male,2020-01-01,Melaka,chinese,2.0
80-84,male,2020-01-01,Melaka,chinese,1.2
85+,male,2020-01-01,Melaka,chinese,0.6
overall_age,female,2020-01-01,Melaka,chinese,100.9
0-4,female,2020-01-01,Melaka,chinese,7.2
5-9,female,2020-01-01,Melaka,chinese,6.6
10-14,female,2020-01-01,Melaka,chinese,6.2
15-19,female,2020-01-01,Melaka,chinese,8.0
20-24,female,2020-01-01,Melaka,chinese,5.9
25-29,female,2020-01-01,Melaka,chinese,7.4
30-34,female,2020-01-01,Melaka,chinese,7.0
35-39,female,2020-01-01,Melaka,chinese,7.0
40-44,female,2020-01-01,Melaka,chinese,9.4
45-49,female,2020-01-01,Melaka,chinese,6.2
50-54,female,2020-01-01,Melaka,chinese,5.7
55-59,female,2020-01-01,Melaka,chinese,6.5
60-64,female,2020-01-01,Melaka,chinese,5.4
65-69,female,2020-01-01,Melaka,chinese,4.9
70-74,female,2020-01-01,Melaka,chinese,3.4
75-79,female,2020-01-01,Melaka,chinese,2.0
80-84,female,2020-01-01,Melaka,chinese,1.5
85+,female,2020-01-01,Melaka,chinese,0.9
overall_age,overall_sex,2020-01-01,Negeri Sembilan,chinese,248.5
0-4,overall_sex,2020-01-01,Negeri Sembilan,chinese,16.8
5-9,overall_sex,2020-01-01,Negeri Sembilan,chinese,24.3
10-14,overall_sex,2020-01-01,Negeri Sembilan,chinese,19.5
15-19,overall_sex,2020-01-01,Negeri Sembilan,chinese,19.7
20-24,overall_sex,2020-01-01,Negeri Sembilan,chinese,14.5
25-29,overall_sex,2020-01-01,Negeri Sembilan,chinese,15.2
30-34,overall_sex,2020-01-01,Negeri Sembilan,chinese,17.5
35-39,overall_sex,2020-01-01,Negeri Sembilan,chinese,19.1
40-44,overall_sex,2020-01-01,Negeri Sembilan,chinese,16.3
45-49,overall_sex,2020-01-01,Negeri Sembilan,chinese,15.0
50-54,overall_sex,2020-01-01,Negeri Sembilan,chinese,13.6
55-59,overall_sex,2020-01-01,Negeri Sembilan,chinese,17.1
60-64,overall_sex,2020-01-01,Negeri Sembilan,chinese,12.2
65-69,overall_sex,2020-01-01,Negeri Sembilan,chinese,10.8
70-74,overall_sex,2020-01-01,Negeri Sembilan,chinese,8.0
75-79,overall_sex,2020-01-01,Negeri Sembilan,chinese,4.5
80-84,overall_sex,2020-01-01,Negeri Sembilan,chinese,3.0
85+,overall_sex,2020-01-01,Negeri Sembilan,chinese,1.4
overall_age,male,2020-01-01,Negeri Sembilan,chinese,126.4
0-4,male,2020-01-01,Negeri Sembilan,chinese,7.5
5-9,male,2020-01-01,Negeri Sembilan,chinese,12.5
10-14,male,2020-01-01,Negeri Sembilan,chinese,10.5
15-19,male,2020-01-01,Negeri Sembilan,chinese,10.6
20-24,male,2020-01-01,Negeri Sembilan,chinese,7.6
25-29,male,2020-01-01,Negeri Sembilan,chinese,7.8
30-34,male,2020-01-01,Negeri Sembilan,chinese,8.8
35-39,male,2020-01-01,Negeri Sembilan,chinese,9.8
40-44,male,2020-01-01,Negeri Sembilan,chinese,8.4
45-49,male,2020-01-01,Negeri Sembilan,chinese,7.7
50-54,male,2020-01-01,Negeri Sembilan,chinese,6.7
55-59,male,2020-01-01,Negeri Sembilan,chinese,8.7
60-64,male,2020-01-01,Negeri Sembilan,chinese,6.1
65-69,male,2020-01-01,Negeri Sembilan,chinese,5.5
70-74,male,2020-01-01,Negeri Sembilan,chinese,4.1
75-79,male,2020-01-01,Negeri Sembilan,chinese,2.2
80-84,male,2020-01-01,Negeri Sembilan,chinese,1.5
85+,male,2020-01-01,Negeri Sembilan,chinese,0.6
overall_age,female,2020-01-01,Negeri Sembilan,chinese,122.1
0-4,female,2020-01-01,Negeri Sembilan,chinese,9.3
5-9,female,2020-01-01,Negeri Sembilan,chinese,11.8
10-14,female,2020-01-01,Negeri Sembilan,chinese,9.0
15-19,female,2020-01-01,Negeri Sembilan,chinese,9.1
20-24,female,2020-01-01,Negeri Sembilan,chinese,6.9
25-29,female,2020-01-01,Negeri Sembilan,chinese,7.5
30-34,female,2020-01-01,Negeri Sembilan,chinese,8.7
35-39,female,2020-01-01,Negeri Sembilan,chinese,9.3
40-44,female,2020-01-01,Negeri Sembilan,chinese,7.9
45-49,female,2020-01-01,Negeri Sembilan,chinese,7.3
50-54,female,2020-01-01,Negeri Sembilan,chinese,6.9
55-59,female,2020-01-01,Negeri Sembilan,chinese,8.4
60-64,female,2020-01-01,Negeri Sembilan,chinese,6.2
65-69,female,2020-01-01,Negeri Sembilan,chinese,5.3
70-74,female,2020-01-01,Negeri Sembilan,chinese,3.9
75-79,female,2020-01-01,Negeri Sembilan,chinese,2.3
80-84,female,2020-01-01,Negeri Sembilan,chinese,1.5
85+,female,2020-01-01,Negeri Sembilan,chinese,0.9
overall_age,overall_sex,2020-01-01,Pahang,chinese,221.7
0-4,overall_sex,2020-01-01,Pahang,chinese,13.1
5-9,overall_sex,2020-01-01,Pahang,chinese,19.6
10-14,overall_sex,2020-01-01,Pahang,chinese,27.1
15-19,overall_sex,2020-01-01,Pahang,chinese,22.7
20-24,overall_sex,2020-01-01,Pahang,chinese,13.0
25-29,overall_sex,2020-01-01,Pahang,chinese,12.5
30-34,overall_sex,2020-01-01,Pahang,chinese,14.2
35-39,overall_sex,2020-01-01,Pahang,chinese,16.2
40-44,overall_sex,2020-01-01,Pahang,chinese,18.6
45-49,overall_sex,2020-01-01,Pahang,chinese,14.8
50-54,overall_sex,2020-01-01,Pahang,chinese,12.4
55-59,overall_sex,2020-01-01,Pahang,chinese,12.7
60-64,overall_sex,2020-01-01,Pahang,chinese,9.4
65-69,overall_sex,2020-01-01,Pahang,chinese,5.3
70-74,overall_sex,2020-01-01,Pahang,chinese,4.7
75-79,overall_sex,2020-01-01,Pahang,chinese,2.7
80-84,overall_sex,2020-01-01,Pahang,chinese,1.8
85+,overall_sex,2020-01-01,Pahang,chinese,1.0
overall_age,male,2020-01-01,Pahang,chinese,115.8
0-4,male,2020-01-01,Pahang,chinese,6.8
5-9,male,2020-01-01,Pahang,chinese,9.9
10-14,male,2020-01-01,Pahang,chinese,14.5
15-19,male,2020-01-01,Pahang,chinese,12.2
20-24,male,2020-01-01,Pahang,chinese,7.0
25-29,male,2020-01-01,Pahang,chinese,6.3
30-34,male,2020-01-01,Pahang,chinese,7.2
35-39,male,2020-01-01,Pahang,chinese,8.4
40-44,male,2020-01-01,Pahang,chinese,9.4
45-49,male,2020-01-01,Pahang,chinese,7.8
50-54,male,2020-01-01,Pahang,chinese,6.7
55-59,male,2020-01-01,Pahang,chinese,6.8
60-64,male,2020-01-01,Pahang,chinese,4.9
65-69,male,2020-01-01,Pahang,chinese,2.8
70-74,male,2020-01-01,Pahang,chinese,2.3
75-79,male,2020-01-01,Pahang,chinese,1.4
80-84,male,2020-01-01,Pahang,chinese,0.9
85+,male,2020-01-01,Pahang,chinese,0.6
overall_age,female,2020-01-01,Pahang,chinese,105.9
0-4,female,2020-01-01,Pahang,chinese,6.3
5-9,female,2020-01-01,Pahang,chinese,9.7
10-14,female,2020-01-01,Pahang,chinese,12.6
15-19,female,2020-01-01,Pahang,chinese,10.4
20-24,female,2020-01-01,Pahang,chinese,5.9
25-29,female,2020-01-01,Pahang,chinese,6.2
30-34,female,2020-01-01,Pahang,chinese,7.1
35-39,female,2020-01-01,Pahang,chinese,7.8
40-44,female,2020-01-01,Pahang,chinese,9.2
45-49,female,2020-01-01,Pahang,chinese,7.0
50-54,female,2020-01-01,Pahang,chinese,5.8
55-59,female,2020-01-01,Pahang,chinese,5.9
60-64,female,2020-01-01,Pahang,chinese,4.5
65-69,female,2020-01-01,Pahang,chinese,2.5
70-74,female,2020-01-01,Pahang,chinese,2.4
75-79,female,2020-01-01,Pahang,chinese,1.3
80-84,female,2020-01-01,Pahang,chinese,0.9
85+,female,2020-01-01,Pahang,chinese,0.5
overall_age,overall_sex,2020-01-01,Perak,chinese,643.6
0-4,overall_sex,2020-01-01,Perak,chinese,33.6
5-9,overall_sex,2020-01-01,Perak,chinese,45.5
10-14,overall_sex,2020-01-01,Perak,chinese,45.7
15-19,overall_sex,2020-01-01,Perak,chinese,52.9
20-24,overall_sex,2020-01-01,Perak,chinese,43.0
25-29,overall_sex,2020-01-01,Perak,chinese,32.3
30-34,overall_sex,2020-01-01,Perak,chinese,33.7
35-39,overall_sex,2020-01-01,Perak,chinese,40.6
40-44,overall_sex,2020-01-01,Perak,chinese,43.0
45-49,overall_sex,2020-01-01,Perak,chinese,41.4
50-54,overall_sex,2020-01-01,Perak,chinese,41.8
55-59,overall_sex,2020-01-01,Perak,chinese,48.2
60-64,overall_sex,2020-01-01,Perak,chinese,40.4
65-69,overall_sex,2020-01-01,Perak,chinese,36.4
70-74,overall_sex,2020-01-01,Perak,chinese,29.0
75-79,overall_sex,2020-01-01,Perak,chinese,17.5
80-84,overall_sex,2020-01-01,Perak,chinese,11.7
85+,overall_sex,2020-01-01,Perak,chinese,6.9
overall_age,male,2020-01-01,Perak,chinese,326.5
0-4,male,2020-01-01,Perak,chinese,17.1
5-9,male,2020-01-01,Perak,chinese,24.2
10-14,male,2020-01-01,Perak,chinese,24.6
15-19,male,2020-01-01,Perak,chinese,28.2
20-24,male,2020-01-01,Perak,chinese,22.0
25-29,male,2020-01-01,Perak,chinese,16.4
30-34,male,2020-01-01,Perak,chinese,16.7
35-39,male,2020-01-01,Perak,chinese,20.7
40-44,male,2020-01-01,Perak,chinese,22.1
45-49,male,2020-01-01,Perak,chinese,20.5
50-54,male,2020-01-01,Perak,chinese,20.9
55-59,male,2020-01-01,Perak,chinese,24.2
60-64,male,2020-01-01,Perak,chinese,20.0
65-69,male,2020-01-01,Perak,chinese,18.1
70-74,male,2020-01-01,Perak,chinese,14.3
75-79,male,2020-01-01,Perak,chinese,8.5
80-84,male,2020-01-01,Perak,chinese,5.3
85+,male,2020-01-01,Perak,chinese,2.6
overall_age,female,2020-01-01,Perak,chinese,317.1
0-4,female,2020-01-01,Perak,chinese,16.5
5-9,female,2020-01-01,Perak,chinese,21.4
10-14,female,2020-01-01,Perak,chinese,21.1
15-19,female,2020-01-01,Perak,chinese,24.7
20-24,female,2020-01-01,Perak,chinese,21.0
25-29,female,2020-01-01,Perak,chinese,15.9
30-34,female,2020-01-01,Perak,chinese,16.9
35-39,female,2020-01-01,Perak,chinese,20.0
40-44,female,2020-01-01,Perak,chinese,20.9
45-49,female,2020-01-01,Perak,chinese,20.9
50-54,female,2020-01-01,Perak,chinese,20.9
55-59,female,2020-01-01,Perak,chinese,24.0
60-64,female,2020-01-01,Perak,chinese,20.4
65-69,female,2020-01-01,Perak,chinese,18.3
70-74,female,2020-01-01,Perak,chinese,14.7
75-79,female,2020-01-01,Perak,chinese,9.0
80-84,female,2020-01-01,Perak,chinese,6.4
85+,female,2020-01-01,Perak,chinese,4.3
overall_age,overall_sex,2020-01-01,Perlis,chinese,20.5
0-4,overall_sex,2020-01-01,Perlis,chinese,0.8
5-9,overall_sex,2020-01-01,Perlis,chinese,1.0
10-14,overall_sex,2020-01-01,Perlis,chinese,1.2
15-19,overall_sex,2020-01-01,Perlis,chinese,2.2
20-24,overall_sex,2020-01-01,Perlis,chinese,2.6
25-29,overall_sex,2020-01-01,Perlis,chinese,1.0
30-34,overall_sex,2020-01-01,Perlis,chinese,1.0
35-39,overall_sex,2020-01-01,Perlis,chinese,1.2
40-44,overall_sex,2020-01-01,Perlis,chinese,2.2
45-49,overall_sex,2020-01-01,Perlis,chinese,1.1
50-54,overall_sex,2020-01-01,Perlis,chinese,1.0
55-59,overall_sex,2020-01-01,Perlis,chinese,1.3
60-64,overall_sex,2020-01-01,Perlis,chinese,1.1
65-69,overall_sex,2020-01-01,Perlis,chinese,1.1
70-74,overall_sex,2020-01-01,Perlis,chinese,0.8
75-79,overall_sex,2020-01-01,Perlis,chinese,0.4
80-84,overall_sex,2020-01-01,Perlis,chinese,0.3
85+,overall_sex,2020-01-01,Perlis,chinese,0.2
overall_age,male,2020-01-01,Perlis,chinese,10.7
0-4,male,2020-01-01,Perlis,chinese,0.4
5-9,male,2020-01-01,Perlis,chinese,0.5
10-14,male,2020-01-01,Perlis,chinese,0.7
15-19,male,2020-01-01,Perlis,chinese,1.2
20-24,male,2020-01-01,Perlis,chinese,1.3
25-29,male,2020-01-01,Perlis,chinese,0.5
30-34,male,2020-01-01,Perlis,chinese,0.5
35-39,male,2020-01-01,Perlis,chinese,0.7
40-44,male,2020-01-01,Perlis,chinese,1.2
45-49,male,2020-01-01,Perlis,chinese,0.5
50-54,male,2020-01-01,Perlis,chinese,0.5
55-59,male,2020-01-01,Perlis,chinese,0.7
60-64,male,2020-01-01,Perlis,chinese,0.6
65-69,male,2020-01-01,Perlis,chinese,0.5
70-74,male,2020-01-01,Perlis,chinese,0.4
75-79,male,2020-01-01,Perlis,chinese,0.2
80-84,male,2020-01-01,Perlis,chinese,0.1
85+,male,2020-01-01,Perlis,chinese,0.1
overall_age,female,2020-01-01,Perlis,chinese,9.8
0-4,female,2020-01-01,Perlis,chinese,0.4
5-9,female,2020-01-01,Perlis,chinese,0.4
10-14,female,2020-01-01,Perlis,chinese,0.5
15-19,female,2020-01-01,Perlis,chinese,1.0
20-24,female,2020-01-01,Perlis,chinese,1.2
25-29,female,2020-01-01,Perlis,chinese,0.5
30-34,female,2020-01-01,Perlis,chinese,0.5
35-39,female,2020-01-01,Perlis,chinese,0.5
40-44,female,2020-01-01,Perlis,chinese,1.1
45-49,female,2020-01-01,Perlis,chinese,0.6
50-54,female,2020-01-01,Perlis,chinese,0.5
55-59,female,2020-01-01,Perlis,chinese,0.6
60-64,female,2020-01-01,Perlis,chinese,0.5
65-69,female,2020-01-01,Perlis,chinese,0.6
70-74,female,2020-01-01,Perlis,chinese,0.3
75-79,female,2020-01-01,Perlis,chinese,0.2
80-84,female,2020-01-01,Perlis,chinese,0.1
85+,female,2020-01-01,Perlis,chinese,0.1
overall_age,overall_sex,2020-01-01,Pulau Pinang,chinese,718.4
0-4,overall_sex,2020-01-01,Pulau Pinang,chinese,38.9
5-9,overall_sex,2020-01-01,Pulau Pinang,chinese,47.5
10-14,overall_sex,2020-01-01,Pulau Pinang,chinese,50.0
15-19,overall_sex,2020-01-01,Pulau Pinang,chinese,47.1
20-24,overall_sex,2020-01-01,Pulau Pinang,chinese,51.3
25-29,overall_sex,2020-01-01,Pulau Pinang,chinese,56.0
30-34,overall_sex,2020-01-01,Pulau Pinang,chinese,48.9
35-39,overall_sex,2020-01-01,Pulau Pinang,chinese,54.9
40-44,overall_sex,2020-01-01,Pulau Pinang,chinese,52.2
45-49,overall_sex,2020-01-01,Pulau Pinang,chinese,53.4
50-54,overall_sex,2020-01-01,Pulau Pinang,chinese,53.7
55-59,overall_sex,2020-01-01,Pulau Pinang,chinese,48.0
60-64,overall_sex,2020-01-01,Pulau Pinang,chinese,43.7
65-69,overall_sex,2020-01-01,Pulau Pinang,chinese,30.7
70-74,overall_sex,2020-01-01,Pulau Pinang,chinese,20.4
75-79,overall_sex,2020-01-01,Pulau Pinang,chinese,11.1
80-84,overall_sex,2020-01-01,Pulau Pinang,chinese,6.6
85+,overall_sex,2020-01-01,Pulau Pinang,chinese,3.8
overall_age,male,2020-01-01,Pulau Pinang,chinese,364.0
0-4,male,2020-01-01,Pulau Pinang,chinese,20.7
5-9,male,2020-01-01,Pulau Pinang,chinese,25.9
10-14,male,2020-01-01,Pulau Pinang,chinese,26.8
15-19,male,2020-01-01,Pulau Pinang,chinese,24.1
20-24,male,2020-01-01,Pulau Pinang,chinese,25.2
25-29,male,2020-01-01,Pulau Pinang,chinese,28.5
30-34,male,2020-01-01,Pulau Pinang,chinese,23.7
35-39,male,2020-01-01,Pulau Pinang,chinese,27.2
40-44,male,2020-01-01,Pulau Pinang,chinese,27.0
45-49,male,2020-01-01,Pulau Pinang,chinese,27.1
50-54,male,2020-01-01,Pulau Pinang,chinese,26.7
55-59,male,2020-01-01,Pulau Pinang,chinese,24.5
60-64,male,2020-01-01,Pulau Pinang,chinese,22.3
65-69,male,2020-01-01,Pulau Pinang,chinese,15.0
70-74,male,2020-01-01,Pulau Pinang,chinese,10.0
75-79,male,2020-01-01,Pulau Pinang,chinese,5.2
80-84,male,2020-01-01,Pulau Pinang,chinese,2.8
85+,male,2020-01-01,Pulau Pinang,chinese,1.3
overall_age,female,2020-01-01,Pulau Pinang,chinese,354.4
0-4,female,2020-01-01,Pulau Pinang,chinese,18.2
5-9,female,2020-01-01,Pulau Pinang,chinese,21.6
10-14,female,2020-01-01,Pulau Pinang,chinese,23.2
15-19,female,2020-01-01,Pulau Pinang,chinese,23.0
20-24,female,2020-01-01,Pulau Pinang,chinese,26.2
25-29,female,2020-01-01,Pulau Pinang,chinese,27.5
30-34,female,2020-01-01,Pulau Pinang,chinese,25.2
35-39,female,2020-01-01,Pulau Pinang,chinese,27.7
40-44,female,2020-01-01,Pulau Pinang,chinese,25.2
45-49,female,2020-01-01,Pulau Pinang,chinese,26.3
50-54,female,2020-01-01,Pulau Pinang,chinese,27.0
55-59,female,2020-01-01,Pulau Pinang,chinese,23.5
60-64,female,2020-01-01,Pulau Pinang,chinese,21.5
65-69,female,2020-01-01,Pulau Pinang,chinese,15.7
70-74,female,2020-01-01,Pulau Pinang,chinese,10.4
75-79,female,2020-01-01,Pulau Pinang,chinese,5.9
80-84,female,2020-01-01,Pulau Pinang,chinese,3.8
85+,female,2020-01-01,Pulau Pinang,chinese,2.5
overall_age,overall_sex,2020-01-01,Sabah,chinese,248.9
0-4,overall_sex,2020-01-01,Sabah,chinese,14.2
5-9,overall_sex,2020-01-01,Sabah,chinese,19.0
10-14,overall_sex,2020-01-01,Sabah,chinese,31.2
15-19,overall_sex,2020-01-01,Sabah,chinese,16.7
20-24,overall_sex,2020-01-01,Sabah,chinese,19.2
25-29,overall_sex,2020-01-01,Sabah,chinese,20.8
30-34,overall_sex,2020-01-01,Sabah,chinese,20.5
35-39,overall_sex,2020-01-01,Sabah,chinese,20.8
40-44,overall_sex,2020-01-01,Sabah,chinese,16.4
45-49,overall_sex,2020-01-01,Sabah,chinese,14.7
50-54,overall_sex,2020-01-01,Sabah,chinese,13.9
55-59,overall_sex,2020-01-01,Sabah,chinese,14.3
60-64,overall_sex,2020-01-01,Sabah,chinese,12.4
65-69,overall_sex,2020-01-01,Sabah,chinese,6.4
70-74,overall_sex,2020-01-01,Sabah,chinese,4.3
75-79,overall_sex,2020-01-01,Sabah,chinese,2.5
80-84,overall_sex,2020-01-01,Sabah,chinese,1.3
85+,overall_sex,2020-01-01,Sabah,chinese,0.5
overall_age,male,2020-01-01,Sabah,chinese,131.7
0-4,male,2020-01-01,Sabah,chinese,7.3
5-9,male,2020-01-01,Sabah,chinese,9.9
10-14,male,2020-01-01,Sabah,chinese,16.4
15-19,male,2020-01-01,Sabah,chinese,9.1
20-24,male,2020-01-01,Sabah,chinese,10.0
25-29,male,2020-01-01,Sabah,chinese,10.8
30-34,male,2020-01-01,Sabah,chinese,10.5
35-39,male,2020-01-01,Sabah,chinese,10.9
40-44,male,2020-01-01,Sabah,chinese,8.7
45-49,male,2020-01-01,Sabah,chinese,8.0
50-54,male,2020-01-01,Sabah,chinese,7.4
55-59,male,2020-01-01,Sabah,chinese,8.0
60-64,male,2020-01-01,Sabah,chinese,6.9
65-69,male,2020-01-01,Sabah,chinese,3.4
70-74,male,2020-01-01,Sabah,chinese,2.2
75-79,male,2020-01-01,Sabah,chinese,1.2
80-84,male,2020-01-01,Sabah,chinese,0.6
85+,male,2020-01-01,Sabah,chinese,0.2
overall_age,female,2020-01-01,Sabah,chinese,117.3
0-4,female,2020-01-01,Sabah,chinese,6.9
5-9,female,2020-01-01,Sabah,chinese,9.1
10-14,female,2020-01-01,Sabah,chinese,14.7
15-19,female,2020-01-01,Sabah,chinese,7.6
20-24,female,2020-01-01,Sabah,chinese,9.2
25-29,female,2020-01-01,Sabah,chinese,10.0
30-34,female,2020-01-01,Sabah,chinese,10.0
35-39,female,2020-01-01,Sabah,chinese,9.9
40-44,female,2020-01-01,Sabah,chinese,7.7
45-49,female,2020-01-01,Sabah,chinese,6.7
50-54,female,2020-01-01,Sabah,chinese,6.5
55-59,female,2020-01-01,Sabah,chinese,6.3
60-64,female,2020-01-01,Sabah,chinese,5.5
65-69,female,2020-01-01,Sabah,chinese,3.0
70-74,female,2020-01-01,Sabah,chinese,2.0
75-79,female,2020-01-01,Sabah,chinese,1.2
80-84,female,2020-01-01,Sabah,chinese,0.7
85+,female,2020-01-01,Sabah,chinese,0.2
overall_age,overall_sex,2020-01-01,Sarawak,chinese,554.6
0-4,overall_sex,2020-01-01,Sarawak,chinese,27.9
5-9,overall_sex,2020-01-01,Sarawak,chinese,36.0
10-14,overall_sex,2020-01-01,Sarawak,chinese,40.0
15-19,overall_sex,2020-01-01,Sarawak,chinese,44.4
20-24,overall_sex,2020-01-01,Sarawak,chinese,41.8
25-29,overall_sex,2020-01-01,Sarawak,chinese,41.1
30-34,overall_sex,2020-01-01,Sarawak,chinese,41.5
35-39,overall_sex,2020-01-01,Sarawak,chinese,40.5
40-44,overall_sex,2020-01-01,Sarawak,chinese,37.8
45-49,overall_sex,2020-01-01,Sarawak,chinese,36.7
50-54,overall_sex,2020-01-01,Sarawak,chinese,35.2
55-59,overall_sex,2020-01-01,Sarawak,chinese,35.9
60-64,overall_sex,2020-01-01,Sarawak,chinese,30.7
65-69,overall_sex,2020-01-01,Sarawak,chinese,26.8
70-74,overall_sex,2020-01-01,Sarawak,chinese,17.5
75-79,overall_sex,2020-01-01,Sarawak,chinese,10.3
80-84,overall_sex,2020-01-01,Sarawak,chinese,6.6
85+,overall_sex,2020-01-01,Sarawak,chinese,4.1
overall_age,male,2020-01-01,Sarawak,chinese,285.4
0-4,male,2020-01-01,Sarawak,chinese,14.4
5-9,male,2020-01-01,Sarawak,chinese,18.8
10-14,male,2020-01-01,Sarawak,chinese,21.3
15-19,male,2020-01-01,Sarawak,chinese,23.4
20-24,male,2020-01-01,Sarawak,chinese,21.7
25-29,male,2020-01-01,Sarawak,chinese,21.1
30-34,male,2020-01-01,Sarawak,chinese,21.2
35-39,male,2020-01-01,Sarawak,chinese,20.9
40-44,male,2020-01-01,Sarawak,chinese,19.3
45-49,male,2020-01-01,Sarawak,chinese,18.8
50-54,male,2020-01-01,Sarawak,chinese,17.9
55-59,male,2020-01-01,Sarawak,chinese,18.8
60-64,male,2020-01-01,Sarawak,chinese,15.6
65-69,male,2020-01-01,Sarawak,chinese,13.4
70-74,male,2020-01-01,Sarawak,chinese,8.9
75-79,male,2020-01-01,Sarawak,chinese,5.1
80-84,male,2020-01-01,Sarawak,chinese,3.1
85+,male,2020-01-01,Sarawak,chinese,1.6
overall_age,female,2020-01-01,Sarawak,chinese,269.2
0-4,female,2020-01-01,Sarawak,chinese,13.4
5-9,female,2020-01-01,Sarawak,chinese,17.2
10-14,female,2020-01-01,Sarawak,chinese,18.7
15-19,female,2020-01-01,Sarawak,chinese,21.0
20-24,female,2020-01-01,Sarawak,chinese,20.1
25-29,female,2020-01-01,Sarawak,chinese,20.0
30-34,female,2020-01-01,Sarawak,chinese,20.3
35-39,female,2020-01-01,Sarawak,chinese,19.6
40-44,female,2020-01-01,Sarawak,chinese,18.4
45-49,female,2020-01-01,Sarawak,chinese,17.9
50-54,female,2020-01-01,Sarawak,chinese,17.3
55-59,female,2020-01-01,Sarawak,chinese,17.1
60-64,female,2020-01-01,Sarawak,chinese,15.1
65-69,female,2020-01-01,Sarawak,chinese,13.3
70-74,female,2020-01-01,Sarawak,chinese,8.6
75-79,female,2020-01-01,Sarawak,chinese,5.1
80-84,female,2020-01-01,Sarawak,chinese,3.5
85+,female,2020-01-01,Sarawak,chinese,2.5
overall_age,overall_sex,2020-01-01,Selangor,chinese,1756.2
0-4,overall_sex,2020-01-01,Selangor,chinese,106.9
5-9,overall_sex,2020-01-01,Selangor,chinese,138.7
10-14,overall_sex,2020-01-01,Selangor,chinese,139.9
15-19,overall_sex,2020-01-01,Selangor,chinese,114.7
20-24,overall_sex,2020-01-01,Selangor,chinese,114.7
25-29,overall_sex,2020-01-01,Selangor,chinese,120.6
30-34,overall_sex,2020-01-01,Selangor,chinese,153.8
35-39,overall_sex,2020-01-01,Selangor,chinese,171.9
40-44,overall_sex,2020-01-01,Selangor,chinese,140.7
45-49,overall_sex,2020-01-01,Selangor,chinese,131.6
50-54,overall_sex,2020-01-01,Selangor,chinese,116.3
55-59,overall_sex,2020-01-01,Selangor,chinese,101.1
60-64,overall_sex,2020-01-01,Selangor,chinese,82.4
65-69,overall_sex,2020-01-01,Selangor,chinese,47.2
70-74,overall_sex,2020-01-01,Selangor,chinese,38.5
75-79,overall_sex,2020-01-01,Selangor,chinese,20.2
80-84,overall_sex,2020-01-01,Selangor,chinese,11.6
85+,overall_sex,2020-01-01,Selangor,chinese,5.2
overall_age,male,2020-01-01,Selangor,chinese,894.0
0-4,male,2020-01-01,Selangor,chinese,54.3
5-9,male,2020-01-01,Selangor,chinese,71.4
10-14,male,2020-01-01,Selangor,chinese,71.1
15-19,male,2020-01-01,Selangor,chinese,58.8
20-24,male,2020-01-01,Selangor,chinese,58.1
25-29,male,2020-01-01,Selangor,chinese,61.7
30-34,male,2020-01-01,Selangor,chinese,76.3
35-39,male,2020-01-01,Selangor,chinese,84.3
40-44,male,2020-01-01,Selangor,chinese,73.2
45-49,male,2020-01-01,Selangor,chinese,68.8
50-54,male,2020-01-01,Selangor,chinese,59.5
55-59,male,2020-01-01,Selangor,chinese,53.7
60-64,male,2020-01-01,Selangor,chinese,43.4
65-69,male,2020-01-01,Selangor,chinese,23.4
70-74,male,2020-01-01,Selangor,chinese,18.0
75-79,male,2020-01-01,Selangor,chinese,9.7
80-84,male,2020-01-01,Selangor,chinese,5.3
85+,male,2020-01-01,Selangor,chinese,3.1
overall_age,female,2020-01-01,Selangor,chinese,862.2
0-4,female,2020-01-01,Selangor,chinese,52.6
5-9,female,2020-01-01,Selangor,chinese,67.3
10-14,female,2020-01-01,Selangor,chinese,68.8
15-19,female,2020-01-01,Selangor,chinese,55.9
20-24,female,2020-01-01,Selangor,chinese,56.6
25-29,female,2020-01-01,Selangor,chinese,58.9
30-34,female,2020-01-01,Selangor,chinese,77.5
35-39,female,2020-01-01,Selangor,chinese,87.7
40-44,female,2020-01-01,Selangor,chinese,67.5
45-49,female,2020-01-01,Selangor,chinese,62.8
50-54,female,2020-01-01,Selangor,chinese,56.8
55-59,female,2020-01-01,Selangor,chinese,47.4
60-64,female,2020-01-01,Selangor,chinese,39.0
65-69,female,2020-01-01,Selangor,chinese,23.8
70-74,female,2020-01-01,Selangor,chinese,20.5
75-79,female,2020-01-01,Selangor,chinese,10.5
80-84,female,2020-01-01,Selangor,chinese,6.3
85+,female,2020-01-01,Selangor,chinese,2.1
overall_age,overall_sex,2020-01-01,Terengganu,chinese,23.2
0-4,overall_sex,2020-01-01,Terengganu,chinese,1.3
5-9,overall_sex,2020-01-01,Terengganu,chinese,1.9
10-14,overall_sex,2020-01-01,Terengganu,chinese,1.7
15-19,overall_sex,2020-01-01,Terengganu,chinese,1.6
20-24,overall_sex,2020-01-01,Terengganu,chinese,1.8
25-29,overall_sex,2020-01-01,Terengganu,chinese,1.5
30-34,overall_sex,2020-01-01,Terengganu,chinese,1.5
35-39,overall_sex,2020-01-01,Terengganu,chinese,1.9
40-44,overall_sex,2020-01-01,Terengganu,chinese,1.5
45-49,overall_sex,2020-01-01,Terengganu,chinese,1.5
50-54,overall_sex,2020-01-01,Terengganu,chinese,1.5
55-59,overall_sex,2020-01-01,Terengganu,chinese,1.6
60-64,overall_sex,2020-01-01,Terengganu,chinese,1.3
65-69,overall_sex,2020-01-01,Terengganu,chinese,1.0
70-74,overall_sex,2020-01-01,Terengganu,chinese,0.7
75-79,overall_sex,2020-01-01,Terengganu,chinese,0.5
80-84,overall_sex,2020-01-01,Terengganu,chinese,0.3
85+,overall_sex,2020-01-01,Terengganu,chinese,0.1
overall_age,male,2020-01-01,Terengganu,chinese,12.0
0-4,male,2020-01-01,Terengganu,chinese,0.7
5-9,male,2020-01-01,Terengganu,chinese,0.9
10-14,male,2020-01-01,Terengganu,chinese,0.9
15-19,male,2020-01-01,Terengganu,chinese,0.9
20-24,male,2020-01-01,Terengganu,chinese,0.9
25-29,male,2020-01-01,Terengganu,chinese,0.8
30-34,male,2020-01-01,Terengganu,chinese,0.8
35-39,male,2020-01-01,Terengganu,chinese,1.0
40-44,male,2020-01-01,Terengganu,chinese,0.8
45-49,male,2020-01-01,Terengganu,chinese,0.8
50-54,male,2020-01-01,Terengganu,chinese,0.7
55-59,male,2020-01-01,Terengganu,chinese,0.8
60-64,male,2020-01-01,Terengganu,chinese,0.7
65-69,male,2020-01-01,Terengganu,chinese,0.5
70-74,male,2020-01-01,Terengganu,chinese,0.4
75-79,male,2020-01-01,Terengganu,chinese,0.2
80-84,male,2020-01-01,Terengganu,chinese,0.1
85+,male,2020-01-01,Terengganu,chinese,0.1
overall_age,female,2020-01-01,Terengganu,chinese,11.1
0-4,female,2020-01-01,Terengganu,chinese,0.6
5-9,female,2020-01-01,Terengganu,chinese,1.0
10-14,female,2020-01-01,Terengganu,chinese,0.8
15-19,female,2020-01-01,Terengganu,chinese,0.7
20-24,female,2020-01-01,Terengganu,chinese,0.9
25-29,female,2020-01-01,Terengganu,chinese,0.7
30-34,female,2020-01-01,Terengganu,chinese,0.7
35-39,female,2020-01-01,Terengganu,chinese,0.9
40-44,female,2020-01-01,Terengganu,chinese,0.7
45-49,female,2020-01-01,Terengganu,chinese,0.7
50-54,female,2020-01-01,Terengganu,chinese,0.7
55-59,female,2020-01-01,Terengganu,chinese,0.8
60-64,female,2020-01-01,Terengganu,chinese,0.6
65-69,female,2020-01-01,Terengganu,chinese,0.5
70-74,female,2020-01-01,Terengganu,chinese,0.4
75-79,female,2020-01-01,Terengganu,chinese,0.2
80-84,female,2020-01-01,Terengganu,chinese,0.2
85+,female,2020-01-01,Terengganu,chinese,0.1
overall_age,overall_sex,2020-01-01,W.P. Kuala Lumpur,chinese,737.2
0-4,overall_sex,2020-01-01,W.P. Kuala Lumpur,chinese,41.5
5-9,overall_sex,2020-01-01,W.P. Kuala Lumpur,chinese,45.1
10-14,overall_sex,2020-01-01,W.P. Kuala Lumpur,chinese,64.0
15-19,overall_sex,2020-01-01,W.P. Kuala Lumpur,chinese,53.7
20-24,overall_sex,2020-01-01,W.P. Kuala Lumpur,chinese,41.5
25-29,overall_sex,2020-01-01,W.P. Kuala Lumpur,chinese,52.4
30-34,overall_sex,2020-01-01,W.P. Kuala Lumpur,chinese,69.6
35-39,overall_sex,2020-01-01,W.P. Kuala Lumpur,chinese,89.2
40-44,overall_sex,2020-01-01,W.P. Kuala Lumpur,chinese,73.7
45-49,overall_sex,2020-01-01,W.P. Kuala Lumpur,chinese,59.0
50-54,overall_sex,2020-01-01,W.P. Kuala Lumpur,chinese,38.9
55-59,overall_sex,2020-01-01,W.P. Kuala Lumpur,chinese,35.1
60-64,overall_sex,2020-01-01,W.P. Kuala Lumpur,chinese,23.9
65-69,overall_sex,2020-01-01,W.P. Kuala Lumpur,chinese,19.1
70-74,overall_sex,2020-01-01,W.P. Kuala Lumpur,chinese,14.4
75-79,overall_sex,2020-01-01,W.P. Kuala Lumpur,chinese,8.8
80-84,overall_sex,2020-01-01,W.P. Kuala Lumpur,chinese,5.1
85+,overall_sex,2020-01-01,W.P. Kuala Lumpur,chinese,2.2
overall_age,male,2020-01-01,W.P. Kuala Lumpur,chinese,374.9
0-4,male,2020-01-01,W.P. Kuala Lumpur,chinese,21.6
5-9,male,2020-01-01,W.P. Kuala Lumpur,chinese,23.8
10-14,male,2020-01-01,W.P. Kuala Lumpur,chinese,33.0
15-19,male,2020-01-01,W.P. Kuala Lumpur,chinese,28.6
20-24,male,2020-01-01,W.P. Kuala Lumpur,chinese,21.3
25-29,male,2020-01-01,W.P. Kuala Lumpur,chinese,25.5
30-34,male,2020-01-01,W.P. Kuala Lumpur,chinese,33.7
35-39,male,2020-01-01,W.P. Kuala Lumpur,chinese,44.6
40-44,male,2020-01-01,W.P. Kuala Lumpur,chinese,37.2
45-49,male,2020-01-01,W.P. Kuala Lumpur,chinese,31.5
50-54,male,2020-01-01,W.P. Kuala Lumpur,chinese,19.9
55-59,male,2020-01-01,W.P. Kuala Lumpur,chinese,17.9
60-64,male,2020-01-01,W.P. Kuala Lumpur,chinese,11.8
65-69,male,2020-01-01,W.P. Kuala Lumpur,chinese,9.4
70-74,male,2020-01-01,W.P. Kuala Lumpur,chinese,7.2
75-79,male,2020-01-01,W.P. Kuala Lumpur,chinese,4.0
80-84,male,2020-01-01,W.P. Kuala Lumpur,chinese,2.6
85+,male,2020-01-01,W.P. Kuala Lumpur,chinese,1.3
overall_age,female,2020-01-01,W.P. Kuala Lumpur,chinese,362.3
0-4,female,2020-01-01,W.P. Kuala Lumpur,chinese,19.9
5-9,female,2020-01-01,W.P. Kuala Lumpur,chinese,21.3
10-14,female,2020-01-01,W.P. Kuala Lumpur,chinese,31.0
15-19,female,2020-01-01,W.P. Kuala Lumpur,chinese,25.1
20-24,female,2020-01-01,W.P. Kuala Lumpur,chinese,20.2
25-29,female,2020-01-01,W.P. Kuala Lumpur,chinese,26.9
30-34,female,2020-01-01,W.P. Kuala Lumpur,chinese,35.9
35-39,female,2020-01-01,W.P. Kuala Lumpur,chinese,44.6
40-44,female,2020-01-01,W.P. Kuala Lumpur,chinese,36.4
45-49,female,2020-01-01,W.P. Kuala Lumpur,chinese,27.5
50-54,female,2020-01-01,W.P. Kuala Lumpur,chinese,18.9
55-59,female,2020-01-01,W.P. Kuala Lumpur,chinese,17.3
60-64,female,2020-01-01,W.P. Kuala Lumpur,chinese,12.1
65-69,female,2020-01-01,W.P. Kuala Lumpur,chinese,9.8
70-74,female,2020-01-01,W.P. Kuala Lumpur,chinese,7.2
75-79,female,2020-01-01,W.P. Kuala Lumpur,chinese,4.8
80-84,female,2020-01-01,W.P. Kuala Lumpur,chinese,2.4
85+,female,2020-01-01,W.P. Kuala Lumpur,chinese,0.9
overall_age,overall_sex,2020-01-01,W.P. Labuan,chinese,9.8
0-4,overall_sex,2020-01-01,W.P. Labuan,chinese,0.7
5-9,overall_sex,2020-01-01,W.P. Labuan,chinese,0.5
10-14,overall_sex,2020-01-01,W.P. Labuan,chinese,0.6
15-19,overall_sex,2020-01-01,W.P. Labuan,chinese,0.8
20-24,overall_sex,2020-01-01,W.P. Labuan,chinese,0.9
25-29,overall_sex,2020-01-01,W.P. Labuan,chinese,0.6
30-34,overall_sex,2020-01-01,W.P. Labuan,chinese,0.8
35-39,overall_sex,2020-01-01,W.P. Labuan,chinese,1.0
40-44,overall_sex,2020-01-01,W.P. Labuan,chinese,0.5
45-49,overall_sex,2020-01-01,W.P. Labuan,chinese,0.5
50-54,overall_sex,2020-01-01,W.P. Labuan,chinese,0.6
55-59,overall_sex,2020-01-01,W.P. Labuan,chinese,0.6
60-64,overall_sex,2020-01-01,W.P. Labuan,chinese,0.5
65-69,overall_sex,2020-01-01,W.P. Labuan,chinese,0.4
70-74,overall_sex,2020-01-01,W.P. Labuan,chinese,0.4
75-79,overall_sex,2020-01-01,W.P. Labuan,chinese,0.2
80-84,overall_sex,2020-01-01,W.P. Labuan,chinese,0.2
85+,overall_sex,2020-01-01,W.P. Labuan,chinese,0.1
overall_age,male,2020-01-01,W.P. Labuan,chinese,4.4
0-4,male,2020-01-01,W.P. Labuan,chinese,0.4
5-9,male,2020-01-01,W.P. Labuan,chinese,0.2
10-14,male,2020-01-01,W.P. Labuan,chinese,0.3
15-19,male,2020-01-01,W.P. Labuan,chinese,0.3
20-24,male,2020-01-01,W.P. Labuan,chinese,0.3
25-29,male,2020-01-01,W.P. Labuan,chinese,0.2
30-34,male,2020-01-01,W.P. Labuan,chinese,0.3
35-39,male,2020-01-01,W.P. Labuan,chinese,0.4
40-44,male,2020-01-01,W.P. Labuan,chinese,0.2
45-49,male,2020-01-01,W.P. Labuan,chinese,0.2
50-54,male,2020-01-01,W.P. Labuan,chinese,0.3
55-59,male,2020-01-01,W.P. Labuan,chinese,0.3
60-64,male,2020-01-01,W.P. Labuan,chinese,0.3
65-69,male,2020-01-01,W.P. Labuan,chinese,0.2
70-74,male,2020-01-01,W.P. Labuan,chinese,0.2
75-79,male,2020-01-01,W.P. Labuan,chinese,0.1
80-84,male,2020-01-01,W.P. Labuan,chinese,0.1
85+,male,2020-01-01,W.P. Labuan,chinese,0.1
overall_age,female,2020-01-01,W.P. Labuan,chinese,5.5
0-4,female,2020-01-01,W.P. Labuan,chinese,0.3
5-9,female,2020-01-01,W.P. Labuan,chinese,0.2
10-14,female,2020-01-01,W.P. Labuan,chinese,0.3
15-19,female,2020-01-01,W.P. Labuan,chinese,0.5
20-24,female,2020-01-01,W.P. Labuan,chinese,0.6
25-29,female,2020-01-01,W.P. Labuan,chinese,0.4
30-34,female,2020-01-01,W.P. Labuan,chinese,0.5
35-39,female,2020-01-01,W.P. Labuan,chinese,0.6
40-44,female,2020-01-01,W.P. Labuan,chinese,0.3
45-49,female,2020-01-01,W.P. Labuan,chinese,0.3
50-54,female,2020-01-01,W.P. Labuan,chinese,0.3
55-59,female,2020-01-01,W.P. Labuan,chinese,0.3
60-64,female,2020-01-01,W.P. Labuan,chinese,0.3
65-69,female,2020-01-01,W.P. Labuan,chinese,0.2
70-74,female,2020-01-01,W.P. Labuan,chinese,0.2
75-79,female,2020-01-01,W.P. Labuan,chinese,0.1
80-84,female,2020-01-01,W.P. Labuan,chinese,0.1
85+,female,2020-01-01,W.P. Labuan,chinese,0.1
overall_age,overall_sex,2020-01-01,W.P. Putrajaya,chinese,0.7
0-4,overall_sex,2020-01-01,W.P. Putrajaya,chinese,0.0
5-9,overall_sex,2020-01-01,W.P. Putrajaya,chinese,0.0
10-14,overall_sex,2020-01-01,W.P. Putrajaya,chinese,0.0
15-19,overall_sex,2020-01-01,W.P. Putrajaya,chinese,0.1
20-24,overall_sex,2020-01-01,W.P. Putrajaya,chinese,0.1
25-29,overall_sex,2020-01-01,W.P. Putrajaya,chinese,0.0
30-34,overall_sex,2020-01-01,W.P. Putrajaya,chinese,0.1
35-39,overall_sex,2020-01-01,W.P. Putrajaya,chinese,0.1
40-44,overall_sex,2020-01-01,W.P. Putrajaya,chinese,0.1
45-49,overall_sex,2020-01-01,W.P. Putrajaya,chinese,0.0
50-54,overall_sex,2020-01-01,W.P. Putrajaya,chinese,0.0
55-59,overall_sex,2020-01-01,W.P. Putrajaya,chinese,0.0
60-64,overall_sex,2020-01-01,W.P. Putrajaya,chinese,0.0
65-69,overall_sex,2020-01-01,W.P. Putrajaya,chinese,0.0
70-74,overall_sex,2020-01-01,W.P. Putrajaya,chinese,0.0
75-79,overall_sex,2020-01-01,W.P. Putrajaya,chinese,0.0
80-84,overall_sex,2020-01-01,W.P. Putrajaya,chinese,0.0
85+,overall_sex,2020-01-01,W.P. Putrajaya,chinese,0.0
overall_age,male,2020-01-01,W.P. Putrajaya,chinese,0.3
0-4,male,2020-01-01,W.P. Putrajaya,chinese,0.0
5-9,male,2020-01-01,W.P. Putrajaya,chinese,0.0
10-14,male,2020-01-01,W.P. Putrajaya,chinese,0.0
15-19,male,2020-01-01,W.P. Putrajaya,chinese,0.0
20-24,male,2020-01-01,W.P. Putrajaya,chinese,0.1
25-29,male,2020-01-01,W.P. Putrajaya,chinese,0.0
30-34,male,2020-01-01,W.P. Putrajaya,chinese,0.0
35-39,male,2020-01-01,W.P. Putrajaya,chinese,0.0
40-44,male,2020-01-01,W.P. Putrajaya,chinese,0.0
45-49,male,2020-01-01,W.P. Putrajaya,chinese,0.0
50-54,male,2020-01-01,W.P. Putrajaya,chinese,0.0
55-59,male,2020-01-01,W.P. Putrajaya,chinese,0.0
60-64,male,2020-01-01,W.P. Putrajaya,chinese,0.0
65-69,male,2020-01-01,W.P. Putrajaya,chinese,0.0
70-74,male,2020-01-01,W.P. Putrajaya,chinese,0.0
75-79,male,2020-01-01,W.P. Putrajaya,chinese,0.0
80-84,male,2020-01-01,W.P. Putrajaya,chinese,0.0
85+,male,2020-01-01,W.P. Putrajaya,chinese,0.0
overall_age,female,2020-01-01,W.P. Putrajaya,chinese,0.4
0-4,female,2020-01-01,W.P. Putrajaya,chinese,0.0
5-9,female,2020-01-01,W.P. Putrajaya,chinese,0.0
10-14,female,2020-01-01,W.P. Putrajaya,chinese,0.0
15-19,female,2020-01-01,W.P. Putrajaya,chinese,0.0
20-24,female,2020-01-01,W.P. Putrajaya,chinese,0.0
25-29,female,2020-01-01,W.P. Putrajaya,chinese,0.0
30-34,female,2020-01-01,W.P. Putrajaya,chinese,0.0
35-39,female,2020-01-01,W.P. Putrajaya,chinese,0.1
40-44,female,2020-01-01,W.P. Putrajaya,chinese,0.0
45-49,female,2020-01-01,W.P. Putrajaya,chinese,0.0
50-54,female,2020-01-01,W.P. Putrajaya,chinese,0.0
55-59,female,2020-01-01,W.P. Putrajaya,chinese,0.0
60-64,female,2020-01-01,W.P. Putrajaya,chinese,0.0
65-69,female,2020-01-01,W.P. Putrajaya,chinese,0.0
70-74,female,2020-01-01,W.P. Putrajaya,chinese,0.0
75-79,female,2020-01-01,W.P. Putrajaya,chinese,0.0
80-84,female,2020-01-01,W.P. Putrajaya,chinese,0.0
85+,female,2020-01-01,W.P. Putrajaya,chinese,0.0
overall_age,overall_sex,2020-01-01,Johor,indian,244.3
0-4,overall_sex,2020-01-01,Johor,indian,18.2
5-9,overall_sex,2020-01-01,Johor,indian,20.7
10-14,overall_sex,2020-01-01,Johor,indian,22.2
15-19,overall_sex,2020-01-01,Johor,indian,21.3
20-24,overall_sex,2020-01-01,Johor,indian,20.7
25-29,overall_sex,2020-01-01,Johor,indian,19.6
30-34,overall_sex,2020-01-01,Johor,indian,17.7
35-39,overall_sex,2020-01-01,Johor,indian,20.5
40-44,overall_sex,2020-01-01,Johor,indian,18.7
45-49,overall_sex,2020-01-01,Johor,indian,15.4
50-54,overall_sex,2020-01-01,Johor,indian,13.6
55-59,overall_sex,2020-01-01,Johor,indian,11.6
60-64,overall_sex,2020-01-01,Johor,indian,9.3
65-69,overall_sex,2020-01-01,Johor,indian,6.4
70-74,overall_sex,2020-01-01,Johor,indian,3.8
75-79,overall_sex,2020-01-01,Johor,indian,2.1
80-84,overall_sex,2020-01-01,Johor,indian,1.0
85+,overall_sex,2020-01-01,Johor,indian,1.3
overall_age,male,2020-01-01,Johor,indian,122.8
0-4,male,2020-01-01,Johor,indian,8.7
5-9,male,2020-01-01,Johor,indian,10.5
10-14,male,2020-01-01,Johor,indian,11.4
15-19,male,2020-01-01,Johor,indian,10.9
20-24,male,2020-01-01,Johor,indian,10.6
25-29,male,2020-01-01,Johor,indian,9.6
30-34,male,2020-01-01,Johor,indian,9.5
35-39,male,2020-01-01,Johor,indian,10.6
40-44,male,2020-01-01,Johor,indian,9.7
45-49,male,2020-01-01,Johor,indian,7.5
50-54,male,2020-01-01,Johor,indian,6.8
55-59,male,2020-01-01,Johor,indian,6.0
60-64,male,2020-01-01,Johor,indian,4.3
65-69,male,2020-01-01,Johor,indian,2.9
70-74,male,2020-01-01,Johor,indian,1.7
75-79,male,2020-01-01,Johor,indian,1.0
80-84,male,2020-01-01,Johor,indian,0.5
85+,male,2020-01-01,Johor,indian,0.7
overall_age,female,2020-01-01,Johor,indian,121.5
0-4,female,2020-01-01,Johor,indian,9.5
5-9,female,2020-01-01,Johor,indian,10.2
10-14,female,2020-01-01,Johor,indian,10.8
15-19,female,2020-01-01,Johor,indian,10.4
20-24,female,2020-01-01,Johor,indian,10.1
25-29,female,2020-01-01,Johor,indian,10.0
30-34,female,2020-01-01,Johor,indian,8.2
35-39,female,2020-01-01,Johor,indian,9.9
40-44,female,2020-01-01,Johor,indian,9.0
45-49,female,2020-01-01,Johor,indian,7.9
50-54,female,2020-01-01,Johor,indian,6.8
55-59,female,2020-01-01,Johor,indian,5.6
60-64,female,2020-01-01,Johor,indian,5.0
65-69,female,2020-01-01,Johor,indian,3.5
70-74,female,2020-01-01,Johor,indian,2.1
75-79,female,2020-01-01,Johor,indian,1.2
80-84,female,2020-01-01,Johor,indian,0.6
85+,female,2020-01-01,Johor,indian,0.6
overall_age,overall_sex,2020-01-01,Kedah,indian,129.1
0-4,overall_sex,2020-01-01,Kedah,indian,7.9
5-9,overall_sex,2020-01-01,Kedah,indian,10.1
10-14,overall_sex,2020-01-01,Kedah,indian,13.2
15-19,overall_sex,2020-01-01,Kedah,indian,10.3
20-24,overall_sex,2020-01-01,Kedah,indian,12.5
25-29,overall_sex,2020-01-01,Kedah,indian,10.9
30-34,overall_sex,2020-01-01,Kedah,indian,10.1
35-39,overall_sex,2020-01-01,Kedah,indian,8.7
40-44,overall_sex,2020-01-01,Kedah,indian,8.0
45-49,overall_sex,2020-01-01,Kedah,indian,6.8
50-54,overall_sex,2020-01-01,Kedah,indian,7.1
55-59,overall_sex,2020-01-01,Kedah,indian,7.0
60-64,overall_sex,2020-01-01,Kedah,indian,6.0
65-69,overall_sex,2020-01-01,Kedah,indian,4.6
70-74,overall_sex,2020-01-01,Kedah,indian,2.8
75-79,overall_sex,2020-01-01,Kedah,indian,1.3
80-84,overall_sex,2020-01-01,Kedah,indian,0.9
85+,overall_sex,2020-01-01,Kedah,indian,0.8
overall_age,male,2020-01-01,Kedah,indian,62.4
0-4,male,2020-01-01,Kedah,indian,3.9
5-9,male,2020-01-01,Kedah,indian,4.8
10-14,male,2020-01-01,Kedah,indian,6.5
15-19,male,2020-01-01,Kedah,indian,5.3
20-24,male,2020-01-01,Kedah,indian,6.8
25-29,male,2020-01-01,Kedah,indian,5.5
30-34,male,2020-01-01,Kedah,indian,5.0
35-39,male,2020-01-01,Kedah,indian,4.2
40-44,male,2020-01-01,Kedah,indian,4.0
45-49,male,2020-01-01,Kedah,indian,3.1
50-54,male,2020-01-01,Kedah,indian,3.1
55-59,male,2020-01-01,Kedah,indian,3.0
60-64,male,2020-01-01,Kedah,indian,2.6
65-69,male,2020-01-01,Kedah,indian,2.1
70-74,male,2020-01-01,Kedah,indian,1.2
75-79,male,2020-01-01,Kedah,indian,0.6
80-84,male,2020-01-01,Kedah,indian,0.4
85+,male,2020-01-01,Kedah,indian,0.3
overall_age,female,2020-01-01,Kedah,indian,66.6
0-4,female,2020-01-01,Kedah,indian,4.1
5-9,female,2020-01-01,Kedah,indian,5.3
10-14,female,2020-01-01,Kedah,indian,6.7
15-19,female,2020-01-01,Kedah,indian,5.0
20-24,female,2020-01-01,Kedah,indian,5.8
25-29,female,2020-01-01,Kedah,indian,5.3
30-34,female,2020-01-01,Kedah,indian,5.2
35-39,female,2020-01-01,Kedah,indian,4.4
40-44,female,2020-01-01,Kedah,indian,4.0
45-49,female,2020-01-01,Kedah,indian,3.7
50-54,female,2020-01-01,Kedah,indian,3.9
55-59,female,2020-01-01,Kedah,indian,3.9
60-64,female,2020-01-01,Kedah,indian,3.4
65-69,female,2020-01-01,Kedah,indian,2.5
70-74,female,2020-01-01,Kedah,indian,1.6
75-79,female,2020-01-01,Kedah,indian,0.7
80-84,female,2020-01-01,Kedah,indian,0.6
85+,female,2020-01-01,Kedah,indian,0.5
overall_age,overall_sex,2020-01-01,Kelantan,indian,4.7
0-4,overall_sex,2020-01-01,Kelantan,indian,0.3
5-9,overall_sex,2020-01-01,Kelantan,indian,0.4
10-14,overall_sex,2020-01-01,Kelantan,indian,0.4
15-19,overall_sex,2020-01-01,Kelantan,indian,0.4
20-24,overall_sex,2020-01-01,Kelantan,indian,1.0
25-29,overall_sex,2020-01-01,Kelantan,indian,0.4
30-34,overall_sex,2020-01-01,Kelantan,indian,0.4
35-39,overall_sex,2020-01-01,Kelantan,indian,0.3
40-44,overall_sex,2020-01-01,Kelantan,indian,0.2
45-49,overall_sex,2020-01-01,Kelantan,indian,0.2
50-54,overall_sex,2020-01-01,Kelantan,indian,0.2
55-59,overall_sex,2020-01-01,Kelantan,indian,0.2
60-64,overall_sex,2020-01-01,Kelantan,indian,0.2
65-69,overall_sex,2020-01-01,Kelantan,indian,0.1
70-74,overall_sex,2020-01-01,Kelantan,indian,0.1
75-79,overall_sex,2020-01-01,Kelantan,indian,0.0
80-84,overall_sex,2020-01-01,Kelantan,indian,0.0
85+,overall_sex,2020-01-01,Kelantan,indian,0.0
overall_age,male,2020-01-01,Kelantan,indian,2.3
0-4,male,2020-01-01,Kelantan,indian,0.1
5-9,male,2020-01-01,Kelantan,indian,0.2
10-14,male,2020-01-01,Kelantan,indian,0.2
15-19,male,2020-01-01,Kelantan,indian,0.2
20-24,male,2020-01-01,Kelantan,indian,0.4
25-29,male,2020-01-01,Kelantan,indian,0.2
30-34,male,2020-01-01,Kelantan,indian,0.2
35-39,male,2020-01-01,Kelantan,indian,0.2
40-44,male,2020-01-01,Kelantan,indian,0.1
45-49,male,2020-01-01,Kelantan,indian,0.1
50-54,male,2020-01-01,Kelantan,indian,0.1
55-59,male,2020-01-01,Kelantan,indian,0.1
60-64,male,2020-01-01,Kelantan,indian,0.1
65-69,male,2020-01-01,Kelantan,indian,0.1
70-74,male,2020-01-01,Kelantan,indian,0.0
75-79,male,2020-01-01,Kelantan,indian,0.0
80-84,male,2020-01-01,Kelantan,indian,0.0
85+,male,2020-01-01,Kelantan,indian,0.0
overall_age,female,2020-01-01,Kelantan,indian,2.4
0-4,female,2020-01-01,Kelantan,indian,0.2
5-9,female,2020-01-01,Kelantan,indian,0.2
10-14,female,2020-01-01,Kelantan,indian,0.2
15-19,female,2020-01-01,Kelantan,indian,0.2
20-24,female,2020-01-01,Kelantan,indian,0.7
25-29,female,2020-01-01,Kelantan,indian,0.2
30-34,female,2020-01-01,Kelantan,indian,0.2
35-39,female,2020-01-01,Kelantan,indian,0.1
40-44,female,2020-01-01,Kelantan,indian,0.1
45-49,female,2020-01-01,Kelantan,indian,0.1
50-54,female,2020-01-01,Kelantan,indian,0.1
55-59,female,2020-01-01,Kelantan,indian,0.1
60-64,female,2020-01-01,Kelantan,indian,0.1
65-69,female,2020-01-01,Kelantan,indian,0.1
70-74,female,2020-01-01,Kelantan,indian,0.0
75-79,female,2020-01-01,Kelantan,indian,0.0
80-84,female,2020-01-01,Kelantan,indian,0.0
85+,female,2020-01-01,Kelantan,indian,0.0
overall_age,overall_sex,2020-01-01,Melaka,indian,52.4
0-4,overall_sex,2020-01-01,Melaka,indian,3.8
5-9,overall_sex,2020-01-01,Melaka,indian,3.2
10-14,overall_sex,2020-01-01,Melaka,indian,3.9
15-19,overall_sex,2020-01-01,Melaka,indian,6.5
20-24,overall_sex,2020-01-01,Melaka,indian,4.5
25-29,overall_sex,2020-01-01,Melaka,indian,4.3
30-34,overall_sex,2020-01-01,Melaka,indian,3.7
35-39,overall_sex,2020-01-01,Melaka,indian,3.6
40-44,overall_sex,2020-01-01,Melaka,indian,5.4
45-49,overall_sex,2020-01-01,Melaka,indian,2.8
50-54,overall_sex,2020-01-01,Melaka,indian,2.4
55-59,overall_sex,2020-01-01,Melaka,indian,2.6
60-64,overall_sex,2020-01-01,Melaka,indian,2.1
65-69,overall_sex,2020-01-01,Melaka,indian,1.8
70-74,overall_sex,2020-01-01,Melaka,indian,1.0
75-79,overall_sex,2020-01-01,Melaka,indian,0.4
80-84,overall_sex,2020-01-01,Melaka,indian,0.3
85+,overall_sex,2020-01-01,Melaka,indian,0.2
overall_age,male,2020-01-01,Melaka,indian,26.1
0-4,male,2020-01-01,Melaka,indian,1.9
5-9,male,2020-01-01,Melaka,indian,1.6
10-14,male,2020-01-01,Melaka,indian,2.0
15-19,male,2020-01-01,Melaka,indian,3.4
20-24,male,2020-01-01,Melaka,indian,2.4
25-29,male,2020-01-01,Melaka,indian,2.2
30-34,male,2020-01-01,Melaka,indian,1.8
35-39,male,2020-01-01,Melaka,indian,1.8
40-44,male,2020-01-01,Melaka,indian,2.7
45-49,male,2020-01-01,Melaka,indian,1.4
50-54,male,2020-01-01,Melaka,indian,1.1
55-59,male,2020-01-01,Melaka,indian,1.2
60-64,male,2020-01-01,Melaka,indian,1.0
65-69,male,2020-01-01,Melaka,indian,0.8
70-74,male,2020-01-01,Melaka,indian,0.5
75-79,male,2020-01-01,Melaka,indian,0.2
80-84,male,2020-01-01,Melaka,indian,0.1
85+,male,2020-01-01,Melaka,indian,0.0
overall_age,female,2020-01-01,Melaka,indian,26.3
0-4,female,2020-01-01,Melaka,indian,1.9
5-9,female,2020-01-01,Melaka,indian,1.6
10-14,female,2020-01-01,Melaka,indian,1.9
15-19,female,2020-01-01,Melaka,indian,3.0
20-24,female,2020-01-01,Melaka,indian,2.1
25-29,female,2020-01-01,Melaka,indian,2.1
30-34,female,2020-01-01,Melaka,indian,1.9
35-39,female,2020-01-01,Melaka,indian,1.8
40-44,female,2020-01-01,Melaka,indian,2.7
45-49,female,2020-01-01,Melaka,indian,1.5
50-54,female,2020-01-01,Melaka,indian,1.3
55-59,female,2020-01-01,Melaka,indian,1.4
60-64,female,2020-01-01,Melaka,indian,1.1
65-69,female,2020-01-01,Melaka,indian,1.0
70-74,female,2020-01-01,Melaka,indian,0.6
75-79,female,2020-01-01,Melaka,indian,0.2
80-84,female,2020-01-01,Melaka,indian,0.2
85+,female,2020-01-01,Melaka,indian,0.1
overall_age,overall_sex,2020-01-01,Negeri Sembilan,indian,161.6
0-4,overall_sex,2020-01-01,Negeri Sembilan,indian,11.1
5-9,overall_sex,2020-01-01,Negeri Sembilan,indian,15.9
10-14,overall_sex,2020-01-01,Negeri Sembilan,indian,12.9
15-19,overall_sex,2020-01-01,Negeri Sembilan,indian,14.0
20-24,overall_sex,2020-01-01,Negeri Sembilan,indian,11.3
25-29,overall_sex,2020-01-01,Negeri Sembilan,indian,12.9
30-34,overall_sex,2020-01-01,Negeri Sembilan,indian,14.4
35-39,overall_sex,2020-01-01,Negeri Sembilan,indian,13.7
40-44,overall_sex,2020-01-01,Negeri Sembilan,indian,11.3
45-49,overall_sex,2020-01-01,Negeri Sembilan,indian,9.3
50-54,overall_sex,2020-01-01,Negeri Sembilan,indian,8.0
55-59,overall_sex,2020-01-01,Negeri Sembilan,indian,9.4
60-64,overall_sex,2020-01-01,Negeri Sembilan,indian,6.4
65-69,overall_sex,2020-01-01,Negeri Sembilan,indian,5.1
70-74,overall_sex,2020-01-01,Negeri Sembilan,indian,3.3
75-79,overall_sex,2020-01-01,Negeri Sembilan,indian,1.4
80-84,overall_sex,2020-01-01,Negeri Sembilan,indian,0.9
85+,overall_sex,2020-01-01,Negeri Sembilan,indian,0.5
overall_age,male,2020-01-01,Negeri Sembilan,indian,81.9
0-4,male,2020-01-01,Negeri Sembilan,indian,5.2
5-9,male,2020-01-01,Negeri Sembilan,indian,8.1
10-14,male,2020-01-01,Negeri Sembilan,indian,6.8
15-19,male,2020-01-01,Negeri Sembilan,indian,7.6
20-24,male,2020-01-01,Negeri Sembilan,indian,6.0
25-29,male,2020-01-01,Negeri Sembilan,indian,6.6
30-34,male,2020-01-01,Negeri Sembilan,indian,7.6
35-39,male,2020-01-01,Negeri Sembilan,indian,7.0
40-44,male,2020-01-01,Negeri Sembilan,indian,5.7
45-49,male,2020-01-01,Negeri Sembilan,indian,4.6
50-54,male,2020-01-01,Negeri Sembilan,indian,3.8
55-59,male,2020-01-01,Negeri Sembilan,indian,4.6
60-64,male,2020-01-01,Negeri Sembilan,indian,3.0
65-69,male,2020-01-01,Negeri Sembilan,indian,2.4
70-74,male,2020-01-01,Negeri Sembilan,indian,1.6
75-79,male,2020-01-01,Negeri Sembilan,indian,0.6
80-84,male,2020-01-01,Negeri Sembilan,indian,0.4
85+,male,2020-01-01,Negeri Sembilan,indian,0.2
overall_age,female,2020-01-01,Negeri Sembilan,indian,79.8
0-4,female,2020-01-01,Negeri Sembilan,indian,5.8
5-9,female,2020-01-01,Negeri Sembilan,indian,7.7
10-14,female,2020-01-01,Negeri Sembilan,indian,6.1
15-19,female,2020-01-01,Negeri Sembilan,indian,6.3
20-24,female,2020-01-01,Negeri Sembilan,indian,5.3
25-29,female,2020-01-01,Negeri Sembilan,indian,6.3
30-34,female,2020-01-01,Negeri Sembilan,indian,6.8
35-39,female,2020-01-01,Negeri Sembilan,indian,6.7
40-44,female,2020-01-01,Negeri Sembilan,indian,5.6
45-49,female,2020-01-01,Negeri Sembilan,indian,4.7
50-54,female,2020-01-01,Negeri Sembilan,indian,4.2
55-59,female,2020-01-01,Negeri Sembilan,indian,4.8
60-64,female,2020-01-01,Negeri Sembilan,indian,3.4
65-69,female,2020-01-01,Negeri Sembilan,indian,2.7
70-74,female,2020-01-01,Negeri Sembilan,indian,1.8
75-79,female,2020-01-01,Negeri Sembilan,indian,0.8
80-84,female,2020-01-01,Negeri Sembilan,indian,0.5
85+,female,2020-01-01,Negeri Sembilan,indian,0.3
overall_age,overall_sex,2020-01-01,Pahang,indian,55.9
0-4,overall_sex,2020-01-01,Pahang,indian,3.4
5-9,overall_sex,2020-01-01,Pahang,indian,4.6
10-14,overall_sex,2020-01-01,Pahang,indian,5.8
15-19,overall_sex,2020-01-01,Pahang,indian,6.0
20-24,overall_sex,2020-01-01,Pahang,indian,4.7
25-29,overall_sex,2020-01-01,Pahang,indian,3.9
30-34,overall_sex,2020-01-01,Pahang,indian,4.0
35-39,overall_sex,2020-01-01,Pahang,indian,4.6
40-44,overall_sex,2020-01-01,Pahang,indian,4.4
45-49,overall_sex,2020-01-01,Pahang,indian,3.6
50-54,overall_sex,2020-01-01,Pahang,indian,2.7
55-59,overall_sex,2020-01-01,Pahang,indian,2.6
60-64,overall_sex,2020-01-01,Pahang,indian,2.0
65-69,overall_sex,2020-01-01,Pahang,indian,1.4
70-74,overall_sex,2020-01-01,Pahang,indian,1.0
75-79,overall_sex,2020-01-01,Pahang,indian,0.5
80-84,overall_sex,2020-01-01,Pahang,indian,0.4
85+,overall_sex,2020-01-01,Pahang,indian,0.3
overall_age,male,2020-01-01,Pahang,indian,28.5
0-4,male,2020-01-01,Pahang,indian,1.5
5-9,male,2020-01-01,Pahang,indian,2.3
10-14,male,2020-01-01,Pahang,indian,3.2
15-19,male,2020-01-01,Pahang,indian,3.1
20-24,male,2020-01-01,Pahang,indian,2.5
25-29,male,2020-01-01,Pahang,indian,2.1
30-34,male,2020-01-01,Pahang,indian,2.1
35-39,male,2020-01-01,Pahang,indian,2.4
40-44,male,2020-01-01,Pahang,indian,2.2
45-49,male,2020-01-01,Pahang,indian,1.8
50-54,male,2020-01-01,Pahang,indian,1.4
55-59,male,2020-01-01,Pahang,indian,1.3
60-64,male,2020-01-01,Pahang,indian,1.0
65-69,male,2020-01-01,Pahang,indian,0.7
70-74,male,2020-01-01,Pahang,indian,0.4
75-79,male,2020-01-01,Pahang,indian,0.3
80-84,male,2020-01-01,Pahang,indian,0.1
85+,male,2020-01-01,Pahang,indian,0.1
overall_age,female,2020-01-01,Pahang,indian,27.4
0-4,female,2020-01-01,Pahang,indian,1.8
5-9,female,2020-01-01,Pahang,indian,2.3
10-14,female,2020-01-01,Pahang,indian,2.6
15-19,female,2020-01-01,Pahang,indian,2.9
20-24,female,2020-01-01,Pahang,indian,2.2
25-29,female,2020-01-01,Pahang,indian,1.8
30-34,female,2020-01-01,Pahang,indian,1.9
35-39,female,2020-01-01,Pahang,indian,2.2
40-44,female,2020-01-01,Pahang,indian,2.3
45-49,female,2020-01-01,Pahang,indian,1.8
50-54,female,2020-01-01,Pahang,indian,1.3
55-59,female,2020-01-01,Pahang,indian,1.3
60-64,female,2020-01-01,Pahang,indian,1.1
65-69,female,2020-01-01,Pahang,indian,0.7
70-74,female,2020-01-01,Pahang,indian,0.6
75-79,female,2020-01-01,Pahang,indian,0.2
80-84,female,2020-01-01,Pahang,indian,0.2
85+,female,2020-01-01,Pahang,indian,0.1
overall_age,overall_sex,2020-01-01,Perak,indian,270.8
0-4,overall_sex,2020-01-01,Perak,indian,14.8
5-9,overall_sex,2020-01-01,Perak,indian,20.9
10-14,overall_sex,2020-01-01,Perak,indian,21.9
15-19,overall_sex,2020-01-01,Perak,indian,25.8
20-24,overall_sex,2020-01-01,Perak,indian,21.8
25-29,overall_sex,2020-01-01,Perak,indian,19.3
30-34,overall_sex,2020-01-01,Perak,indian,18.9
35-39,overall_sex,2020-01-01,Perak,indian,20.3
40-44,overall_sex,2020-01-01,Perak,indian,20.6
45-49,overall_sex,2020-01-01,Perak,indian,15.7
50-54,overall_sex,2020-01-01,Perak,indian,15.2
55-59,overall_sex,2020-01-01,Perak,indian,17.0
60-64,overall_sex,2020-01-01,Perak,indian,14.3
65-69,overall_sex,2020-01-01,Perak,indian,10.9
70-74,overall_sex,2020-01-01,Perak,indian,7.0
75-79,overall_sex,2020-01-01,Perak,indian,3.1
80-84,overall_sex,2020-01-01,Perak,indian,1.9
85+,overall_sex,2020-01-01,Perak,indian,1.2
overall_age,male,2020-01-01,Perak,indian,132.7
0-4,male,2020-01-01,Perak,indian,7.5
5-9,male,2020-01-01,Perak,indian,10.9
10-14,male,2020-01-01,Perak,indian,11.5
15-19,male,2020-01-01,Perak,indian,13.5
20-24,male,2020-01-01,Perak,indian,11.1
25-29,male,2020-01-01,Perak,indian,9.7
30-34,male,2020-01-01,Perak,indian,9.3
35-39,male,2020-01-01,Perak,indian,10.1
40-44,male,2020-01-01,Perak,indian,10.1
45-49,male,2020-01-01,Perak,indian,7.3
50-54,male,2020-01-01,Perak,indian,7.0
55-59,male,2020-01-01,Perak,indian,7.9
60-64,male,2020-01-01,Perak,indian,6.4
65-69,male,2020-01-01,Perak,indian,4.9
70-74,male,2020-01-01,Perak,indian,3.1
75-79,male,2020-01-01,Perak,indian,1.4
80-84,male,2020-01-01,Perak,indian,0.8
85+,male,2020-01-01,Perak,indian,0.4
overall_age,female,2020-01-01,Perak,indian,138.1
0-4,female,2020-01-01,Perak,indian,7.3
5-9,female,2020-01-01,Perak,indian,10.0
10-14,female,2020-01-01,Perak,indian,10.4
15-19,female,2020-01-01,Perak,indian,12.4
20-24,female,2020-01-01,Perak,indian,10.8
25-29,female,2020-01-01,Perak,indian,9.6
30-34,female,2020-01-01,Perak,indian,9.6
35-39,female,2020-01-01,Perak,indian,10.2
40-44,female,2020-01-01,Perak,indian,10.5
45-49,female,2020-01-01,Perak,indian,8.5
50-54,female,2020-01-01,Perak,indian,8.2
55-59,female,2020-01-01,Perak,indian,9.2
60-64,female,2020-01-01,Perak,indian,7.8
65-69,female,2020-01-01,Perak,indian,6.0
70-74,female,2020-01-01,Perak,indian,3.9
75-79,female,2020-01-01,Perak,indian,1.7
80-84,female,2020-01-01,Perak,indian,1.2
85+,female,2020-01-01,Perak,indian,0.8
overall_age,overall_sex,2020-01-01,Perlis,indian,5.1
0-4,overall_sex,2020-01-01,Perlis,indian,0.2
5-9,overall_sex,2020-01-01,Perlis,indian,0.2
10-14,overall_sex,2020-01-01,Perlis,indian,0.3
15-19,overall_sex,2020-01-01,Perlis,indian,0.7
20-24,overall_sex,2020-01-01,Perlis,indian,1.3
25-29,overall_sex,2020-01-01,Perlis,indian,0.4
30-34,overall_sex,2020-01-01,Perlis,indian,0.2
35-39,overall_sex,2020-01-01,Perlis,indian,0.2
40-44,overall_sex,2020-01-01,Perlis,indian,0.6
45-49,overall_sex,2020-01-01,Perlis,indian,0.2
50-54,overall_sex,2020-01-01,Perlis,indian,0.1
55-59,overall_sex,2020-01-01,Perlis,indian,0.2
60-64,overall_sex,2020-01-01,Perlis,indian,0.1
65-69,overall_sex,2020-01-01,Perlis,indian,0.1
70-74,overall_sex,2020-01-01,Perlis,indian,0.1
75-79,overall_sex,2020-01-01,Perlis,indian,0.0
80-84,overall_sex,2020-01-01,Perlis,indian,0.0
85+,overall_sex,2020-01-01,Perlis,indian,0.0
overall_age,male,2020-01-01,Perlis,indian,2.6
0-4,male,2020-01-01,Perlis,indian,0.1
5-9,male,2020-01-01,Perlis,indian,0.1
10-14,male,2020-01-01,Perlis,indian,0.1
15-19,male,2020-01-01,Perlis,indian,0.4
20-24,male,2020-01-01,Perlis,indian,0.7
25-29,male,2020-01-01,Perlis,indian,0.2
30-34,male,2020-01-01,Perlis,indian,0.1
35-39,male,2020-01-01,Perlis,indian,0.1
40-44,male,2020-01-01,Perlis,indian,0.3
45-49,male,2020-01-01,Perlis,indian,0.1
50-54,male,2020-01-01,Perlis,indian,0.1
55-59,male,2020-01-01,Perlis,indian,0.1
60-64,male,2020-01-01,Perlis,indian,0.1
65-69,male,2020-01-01,Perlis,indian,0.1
70-74,male,2020-01-01,Perlis,indian,0.0
75-79,male,2020-01-01,Perlis,indian,0.0
80-84,male,2020-01-01,Perlis,indian,0.0
85+,male,2020-01-01,Perlis,indian,0.0
overall_age,female,2020-01-01,Perlis,indian,2.5
0-4,female,2020-01-01,Perlis,indian,0.1
5-9,female,2020-01-01,Perlis,indian,0.1
10-14,female,2020-01-01,Perlis,indian,0.1
15-19,female,2020-01-01,Perlis,indian,0.3
20-24,female,2020-01-01,Perlis,indian,0.7
25-29,female,2020-01-01,Perlis,indian,0.2
30-34,female,2020-01-01,Perlis,indian,0.1
35-39,female,2020-01-01,Perlis,indian,0.1
40-44,female,2020-01-01,Perlis,indian,0.3
45-49,female,2020-01-01,Perlis,indian,0.1
50-54,female,2020-01-01,Perlis,indian,0.1
55-59,female,2020-01-01,Perlis,indian,0.1
60-64,female,2020-01-01,Perlis,indian,0.1
65-69,female,2020-01-01,Perlis,indian,0.1
70-74,female,2020-01-01,Perlis,indian,0.0
75-79,female,2020-01-01,Perlis,indian,0.0
80-84,female,2020-01-01,Perlis,indian,0.0
85+,female,2020-01-01,Perlis,indian,0.0
overall_age,overall_sex,2020-01-01,Pulau Pinang,indian,155.5
0-4,overall_sex,2020-01-01,Pulau Pinang,indian,8.7
5-9,overall_sex,2020-01-01,Pulau Pinang,indian,10.2
10-14,overall_sex,2020-01-01,Pulau Pinang,indian,12.1
15-19,overall_sex,2020-01-01,Pulau Pinang,indian,13.2
20-24,overall_sex,2020-01-01,Pulau Pinang,indian,13.3
25-29,overall_sex,2020-01-01,Pulau Pinang,indian,13.4
30-34,overall_sex,2020-01-01,Pulau Pinang,indian,12.2
35-39,overall_sex,2020-01-01,Pulau Pinang,indian,12.8
40-44,overall_sex,2020-01-01,Pulau Pinang,indian,10.9
45-49,overall_sex,2020-01-01,Pulau Pinang,indian,10.9
50-54,overall_sex,2020-01-01,Pulau Pinang,indian,10.1
55-59,overall_sex,2020-01-01,Pulau Pinang,indian,9.6
60-64,overall_sex,2020-01-01,Pulau Pinang,indian,8.1
65-69,overall_sex,2020-01-01,Pulau Pinang,indian,4.9
70-74,overall_sex,2020-01-01,Pulau Pinang,indian,2.8
75-79,overall_sex,2020-01-01,Pulau Pinang,indian,1.3
80-84,overall_sex,2020-01-01,Pulau Pinang,indian,0.6
85+,overall_sex,2020-01-01,Pulau Pinang,indian,0.3
overall_age,male,2020-01-01,Pulau Pinang,indian,78.5
0-4,male,2020-01-01,Pulau Pinang,indian,4.8
5-9,male,2020-01-01,Pulau Pinang,indian,5.4
10-14,male,2020-01-01,Pulau Pinang,indian,6.5
15-19,male,2020-01-01,Pulau Pinang,indian,6.8
20-24,male,2020-01-01,Pulau Pinang,indian,6.8
25-29,male,2020-01-01,Pulau Pinang,indian,6.7
30-34,male,2020-01-01,Pulau Pinang,indian,6.1
35-39,male,2020-01-01,Pulau Pinang,indian,6.8
40-44,male,2020-01-01,Pulau Pinang,indian,5.6
45-49,male,2020-01-01,Pulau Pinang,indian,5.4
50-54,male,2020-01-01,Pulau Pinang,indian,4.8
55-59,male,2020-01-01,Pulau Pinang,indian,4.6
60-64,male,2020-01-01,Pulau Pinang,indian,3.7
65-69,male,2020-01-01,Pulau Pinang,indian,2.3
70-74,male,2020-01-01,Pulau Pinang,indian,1.3
75-79,male,2020-01-01,Pulau Pinang,indian,0.6
80-84,male,2020-01-01,Pulau Pinang,indian,0.3
85+,male,2020-01-01,Pulau Pinang,indian,0.1
overall_age,female,2020-01-01,Pulau Pinang,indian,77.0
0-4,female,2020-01-01,Pulau Pinang,indian,4.0
5-9,female,2020-01-01,Pulau Pinang,indian,4.8
10-14,female,2020-01-01,Pulau Pinang,indian,5.6
15-19,female,2020-01-01,Pulau Pinang,indian,6.4
20-24,female,2020-01-01,Pulau Pinang,indian,6.5
25-29,female,2020-01-01,Pulau Pinang,indian,6.7
30-34,female,2020-01-01,Pulau Pinang,indian,6.1
35-39,female,2020-01-01,Pulau Pinang,indian,6.1
40-44,female,2020-01-01,Pulau Pinang,indian,5.3
45-49,female,2020-01-01,Pulau Pinang,indian,5.6
50-54,female,2020-01-01,Pulau Pinang,indian,5.3
55-59,female,2020-01-01,Pulau Pinang,indian,5.0
60-64,female,2020-01-01,Pulau Pinang,indian,4.4
65-69,female,2020-01-01,Pulau Pinang,indian,2.5
70-74,female,2020-01-01,Pulau Pinang,indian,1.5
75-79,female,2020-01-01,Pulau Pinang,indian,0.7
80-84,female,2020-01-01,Pulau Pinang,indian,0.4
85+,female,2020-01-01,Pulau Pinang,indian,0.2
overall_age,overall_sex,2020-01-01,Sabah,indian,6.0
0-4,overall_sex,2020-01-01,Sabah,indian,0.5
5-9,overall_sex,2020-01-01,Sabah,indian,0.6
10-14,overall_sex,2020-01-01,Sabah,indian,0.5
15-19,overall_sex,2020-01-01,Sabah,indian,0.7
20-24,overall_sex,2020-01-01,Sabah,indian,0.6
25-29,overall_sex,2020-01-01,Sabah,indian,0.7
30-34,overall_sex,2020-01-01,Sabah,indian,0.5
35-39,overall_sex,2020-01-01,Sabah,indian,0.4
40-44,overall_sex,2020-01-01,Sabah,indian,0.3
45-49,overall_sex,2020-01-01,Sabah,indian,0.2
50-54,overall_sex,2020-01-01,Sabah,indian,0.2
55-59,overall_sex,2020-01-01,Sabah,indian,0.2
60-64,overall_sex,2020-01-01,Sabah,indian,0.2
65-69,overall_sex,2020-01-01,Sabah,indian,0.2
70-74,overall_sex,2020-01-01,Sabah,indian,0.1
75-79,overall_sex,2020-01-01,Sabah,indian,0.0
80-84,overall_sex,2020-01-01,Sabah,indian,0.0
85+,overall_sex,2020-01-01,Sabah,indian,0.0
overall_age,male,2020-01-01,Sabah,indian,3.4
0-4,male,2020-01-01,Sabah,indian,0.3
5-9,male,2020-01-01,Sabah,indian,0.3
10-14,male,2020-01-01,Sabah,indian,0.3
15-19,male,2020-01-01,Sabah,indian,0.4
20-24,male,2020-01-01,Sabah,indian,0.4
25-29,male,2020-01-01,Sabah,indian,0.4
30-34,male,2020-01-01,Sabah,indian,0.3
35-39,male,2020-01-01,Sabah,indian,0.2
40-44,male,2020-01-01,Sabah,indian,0.2
45-49,male,2020-01-01,Sabah,indian,0.1
50-54,male,2020-01-01,Sabah,indian,0.1
55-59,male,2020-01-01,Sabah,indian,0.1
60-64,male,2020-01-01,Sabah,indian,0.1
65-69,male,2020-01-01,Sabah,indian,0.1
70-74,male,2020-01-01,Sabah,indian,0.0
75-79,male,2020-01-01,Sabah,indian,0.0
80-84,male,2020-01-01,Sabah,indian,0.0
85+,male,2020-01-01,Sabah,indian,0.0
overall_age,female,2020-01-01,Sabah,indian,2.6
0-4,female,2020-01-01,Sabah,indian,0.2
5-9,female,2020-01-01,Sabah,indian,0.3
10-14,female,2020-01-01,Sabah,indian,0.3
15-19,female,2020-01-01,Sabah,indian,0.3
20-24,female,2020-01-01,Sabah,indian,0.2
25-29,female,2020-01-01,Sabah,indian,0.3
30-34,female,2020-01-01,Sabah,indian,0.2
35-39,female,2020-01-01,Sabah,indian,0.2
40-44,female,2020-01-01,Sabah,indian,0.1
45-49,female,2020-01-01,Sabah,indian,0.1
50-54,female,2020-01-01,Sabah,indian,0.1
55-59,female,2020-01-01,Sabah,indian,0.1
60-64,female,2020-01-01,Sabah,indian,0.1
65-69,female,2020-01-01,Sabah,indian,0.1
70-74,female,2020-01-01,Sabah,indian,0.0
75-79,female,2020-01-01,Sabah,indian,0.0
80-84,female,2020-01-01,Sabah,indian,0.0
85+,female,2020-01-01,Sabah,indian,0.0
overall_age,overall_sex,2020-01-01,Sarawak,indian,5.1
0-4,overall_sex,2020-01-01,Sarawak,indian,0.3
5-9,overall_sex,2020-01-01,Sarawak,indian,0.3
10-14,overall_sex,2020-01-01,Sarawak,indian,0.3
15-19,overall_sex,2020-01-01,Sarawak,indian,0.3
20-24,overall_sex,2020-01-01,Sarawak,indian,0.8
25-29,overall_sex,2020-01-01,Sarawak,indian,0.6
30-34,overall_sex,2020-01-01,Sarawak,indian,0.5
35-39,overall_sex,2020-01-01,Sarawak,indian,0.3
40-44,overall_sex,2020-01-01,Sarawak,indian,0.3
45-49,overall_sex,2020-01-01,Sarawak,indian,0.2
50-54,overall_sex,2020-01-01,Sarawak,indian,0.2
55-59,overall_sex,2020-01-01,Sarawak,indian,0.3
60-64,overall_sex,2020-01-01,Sarawak,indian,0.2
65-69,overall_sex,2020-01-01,Sarawak,indian,0.1
70-74,overall_sex,2020-01-01,Sarawak,indian,0.1
75-79,overall_sex,2020-01-01,Sarawak,indian,0.0
80-84,overall_sex,2020-01-01,Sarawak,indian,0.0
85+,overall_sex,2020-01-01,Sarawak,indian,0.0
overall_age,male,2020-01-01,Sarawak,indian,2.8
0-4,male,2020-01-01,Sarawak,indian,0.2
5-9,male,2020-01-01,Sarawak,indian,0.2
10-14,male,2020-01-01,Sarawak,indian,0.1
15-19,male,2020-01-01,Sarawak,indian,0.2
20-24,male,2020-01-01,Sarawak,indian,0.3
25-29,male,2020-01-01,Sarawak,indian,0.3
30-34,male,2020-01-01,Sarawak,indian,0.3
35-39,male,2020-01-01,Sarawak,indian,0.2
40-44,male,2020-01-01,Sarawak,indian,0.2
45-49,male,2020-01-01,Sarawak,indian,0.1
50-54,male,2020-01-01,Sarawak,indian,0.2
55-59,male,2020-01-01,Sarawak,indian,0.2
60-64,male,2020-01-01,Sarawak,indian,0.1
65-69,male,2020-01-01,Sarawak,indian,0.1
70-74,male,2020-01-01,Sarawak,indian,0.1
75-79,male,2020-01-01,Sarawak,indian,0.0
80-84,male,2020-01-01,Sarawak,indian,0.0
85+,male,2020-01-01,Sarawak,indian,0.0
overall_age,female,2020-01-01,Sarawak,indian,2.3
0-4,female,2020-01-01,Sarawak,indian,0.1
5-9,female,2020-01-01,Sarawak,indian,0.2
10-14,female,2020-01-01,Sarawak,indian,0.1
15-19,female,2020-01-01,Sarawak,indian,0.2
20-24,female,2020-01-01,Sarawak,indian,0.5
25-29,female,2020-01-01,Sarawak,indian,0.3
30-34,female,2020-01-01,Sarawak,indian,0.2
35-39,female,2020-01-01,Sarawak,indian,0.2
40-44,female,2020-01-01,Sarawak,indian,0.1
45-49,female,2020-01-01,Sarawak,indian,0.1
50-54,female,2020-01-01,Sarawak,indian,0.1
55-59,female,2020-01-01,Sarawak,indian,0.1
60-64,female,2020-01-01,Sarawak,indian,0.1
65-69,female,2020-01-01,Sarawak,indian,0.1
70-74,female,2020-01-01,Sarawak,indian,0.1
75-79,female,2020-01-01,Sarawak,indian,0.0
80-84,female,2020-01-01,Sarawak,indian,0.0
85+,female,2020-01-01,Sarawak,indian,0.0
overall_age,overall_sex,2020-01-01,Selangor,indian,726.0
0-4,overall_sex,2020-01-01,Selangor,indian,44.8
5-9,overall_sex,2020-01-01,Selangor,indian,54.0
10-14,overall_sex,2020-01-01,Selangor,indian,61.4
15-19,overall_sex,2020-01-01,Selangor,indian,52.7
20-24,overall_sex,2020-01-01,Selangor,indian,54.7
25-29,overall_sex,2020-01-01,Selangor,indian,60.0
30-34,overall_sex,2020-01-01,Selangor,indian,69.0
35-39,overall_sex,2020-01-01,Selangor,indian,69.0
40-44,overall_sex,2020-01-01,Selangor,indian,52.4
45-49,overall_sex,2020-01-01,Selangor,indian,46.8
50-54,overall_sex,2020-01-01,Selangor,indian,42.6
55-59,overall_sex,2020-01-01,Selangor,indian,38.5
60-64,overall_sex,2020-01-01,Selangor,indian,30.1
65-69,overall_sex,2020-01-01,Selangor,indian,21.6
70-74,overall_sex,2020-01-01,Selangor,indian,15.0
75-79,overall_sex,2020-01-01,Selangor,indian,6.7
80-84,overall_sex,2020-01-01,Selangor,indian,3.9
85+,overall_sex,2020-01-01,Selangor,indian,3.0
overall_age,male,2020-01-01,Selangor,indian,370.1
0-4,male,2020-01-01,Selangor,indian,22.7
5-9,male,2020-01-01,Selangor,indian,28.7
10-14,male,2020-01-01,Selangor,indian,30.5
15-19,male,2020-01-01,Selangor,indian,27.1
20-24,male,2020-01-01,Selangor,indian,28.2
25-29,male,2020-01-01,Selangor,indian,30.0
30-34,male,2020-01-01,Selangor,indian,34.6
35-39,male,2020-01-01,Selangor,indian,36.0
40-44,male,2020-01-01,Selangor,indian,28.0
45-49,male,2020-01-01,Selangor,indian,24.0
50-54,male,2020-01-01,Selangor,indian,21.8
55-59,male,2020-01-01,Selangor,indian,19.8
60-64,male,2020-01-01,Selangor,indian,14.7
65-69,male,2020-01-01,Selangor,indian,10.5
70-74,male,2020-01-01,Selangor,indian,6.9
75-79,male,2020-01-01,Selangor,indian,3.2
80-84,male,2020-01-01,Selangor,indian,2.0
85+,male,2020-01-01,Selangor,indian,1.4
overall_age,female,2020-01-01,Selangor,indian,356.0
0-4,female,2020-01-01,Selangor,indian,22.1
5-9,female,2020-01-01,Selangor,indian,25.3
10-14,female,2020-01-01,Selangor,indian,31.0
15-19,female,2020-01-01,Selangor,indian,25.6
20-24,female,2020-01-01,Selangor,indian,26.5
25-29,female,2020-01-01,Selangor,indian,30.0
30-34,female,2020-01-01,Selangor,indian,34.3
35-39,female,2020-01-01,Selangor,indian,32.9
40-44,female,2020-01-01,Selangor,indian,24.4
45-49,female,2020-01-01,Selangor,indian,22.8
50-54,female,2020-01-01,Selangor,indian,20.8
55-59,female,2020-01-01,Selangor,indian,18.8
60-64,female,2020-01-01,Selangor,indian,15.4
65-69,female,2020-01-01,Selangor,indian,11.0
70-74,female,2020-01-01,Selangor,indian,8.1
75-79,female,2020-01-01,Selangor,indian,3.5
80-84,female,2020-01-01,Selangor,indian,1.9
85+,female,2020-01-01,Selangor,indian,1.6
overall_age,overall_sex,2020-01-01,Terengganu,indian,2.1
0-4,overall_sex,2020-01-01,Terengganu,indian,0.1
5-9,overall_sex,2020-01-01,Terengganu,indian,0.1
10-14,overall_sex,2020-01-01,Terengganu,indian,0.1
15-19,overall_sex,2020-01-01,Terengganu,indian,0.2
20-24,overall_sex,2020-01-01,Terengganu,indian,0.6
25-29,overall_sex,2020-01-01,Terengganu,indian,0.1
30-34,overall_sex,2020-01-01,Terengganu,indian,0.1
35-39,overall_sex,2020-01-01,Terengganu,indian,0.1
40-44,overall_sex,2020-01-01,Terengganu,indian,0.1
45-49,overall_sex,2020-01-01,Terengganu,indian,0.1
50-54,overall_sex,2020-01-01,Terengganu,indian,0.1
55-59,overall_sex,2020-01-01,Terengganu,indian,0.1
60-64,overall_sex,2020-01-01,Terengganu,indian,0.1
65-69,overall_sex,2020-01-01,Terengganu,indian,0.0
70-74,overall_sex,2020-01-01,Terengganu,indian,0.0
75-79,overall_sex,2020-01-01,Terengganu,indian,0.0
80-84,overall_sex,2020-01-01,Terengganu,indian,0.0
85+,overall_sex,2020-01-01,Terengganu,indian,0.0
overall_age,male,2020-01-01,Terengganu,indian,1.0
0-4,male,2020-01-01,Terengganu,indian,0.0
5-9,male,2020-01-01,Terengganu,indian,0.1
10-14,male,2020-01-01,Terengganu,indian,0.1
15-19,male,2020-01-01,Terengganu,indian,0.1
20-24,male,2020-01-01,Terengganu,indian,0.2
25-29,male,2020-01-01,Terengganu,indian,0.1
30-34,male,2020-01-01,Terengganu,indian,0.1
35-39,male,2020-01-01,Terengganu,indian,0.1
40-44,male,2020-01-01,Terengganu,indian,0.1
45-49,male,2020-01-01,Terengganu,indian,0.0
50-54,male,2020-01-01,Terengganu,indian,0.1
55-59,male,2020-01-01,Terengganu,indian,0.1
60-64,male,2020-01-01,Terengganu,indian,0.0
65-69,male,2020-01-01,Terengganu,indian,0.0
70-74,male,2020-01-01,Terengganu,indian,0.0
75-79,male,2020-01-01,Terengganu,indian,0.0
80-84,male,2020-01-01,Terengganu,indian,0.0
85+,male,2020-01-01,Terengganu,indian,0.0
overall_age,female,2020-01-01,Terengganu,indian,1.1
0-4,female,2020-01-01,Terengganu,indian,0.0
5-9,female,2020-01-01,Terengganu,indian,0.1
10-14,female,2020-01-01,Terengganu,indian,0.1
15-19,female,2020-01-01,Terengganu,indian,0.1
20-24,female,2020-01-01,Terengganu,indian,0.4
25-29,female,2020-01-01,Terengganu,indian,0.1
30-34,female,2020-01-01,Terengganu,indian,0.0
35-39,female,2020-01-01,Terengganu,indian,0.0
40-44,female,2020-01-01,Terengganu,indian,0.1
45-49,female,2020-01-01,Terengganu,indian,0.1
50-54,female,2020-01-01,Terengganu,indian,0.0
55-59,female,2020-01-01,Terengganu,indian,0.0
60-64,female,2020-01-01,Terengganu,indian,0.0
65-69,female,2020-01-01,Terengganu,indian,0.0
70-74,female,2020-01-01,Terengganu,indian,0.0
75-79,female,2020-01-01,Terengganu,indian,0.0
80-84,female,2020-01-01,Terengganu,indian,0.0
85+,female,2020-01-01,Terengganu,indian,0.0
overall_age,overall_sex,2020-01-01,W.P. Kuala Lumpur,indian,178.1
0-4,overall_sex,2020-01-01,W.P. Kuala Lumpur,indian,10.7
5-9,overall_sex,2020-01-01,W.P. Kuala Lumpur,indian,11.0
10-14,overall_sex,2020-01-01,W.P. Kuala Lumpur,indian,13.9
15-19,overall_sex,2020-01-01,W.P. Kuala Lumpur,indian,14.7
20-24,overall_sex,2020-01-01,W.P. Kuala Lumpur,indian,11.2
25-29,overall_sex,2020-01-01,W.P. Kuala Lumpur,indian,13.6
30-34,overall_sex,2020-01-01,W.P. Kuala Lumpur,indian,17.0
35-39,overall_sex,2020-01-01,W.P. Kuala Lumpur,indian,20.0
40-44,overall_sex,2020-01-01,W.P. Kuala Lumpur,indian,16.3
45-49,overall_sex,2020-01-01,W.P. Kuala Lumpur,indian,14.2
50-54,overall_sex,2020-01-01,W.P. Kuala Lumpur,indian,9.3
55-59,overall_sex,2020-01-01,W.P. Kuala Lumpur,indian,8.8
60-64,overall_sex,2020-01-01,W.P. Kuala Lumpur,indian,5.8
65-69,overall_sex,2020-01-01,W.P. Kuala Lumpur,indian,4.6
70-74,overall_sex,2020-01-01,W.P. Kuala Lumpur,indian,3.5
75-79,overall_sex,2020-01-01,W.P. Kuala Lumpur,indian,1.8
80-84,overall_sex,2020-01-01,W.P. Kuala Lumpur,indian,1.1
85+,overall_sex,2020-01-01,W.P. Kuala Lumpur,indian,0.7
overall_age,male,2020-01-01,W.P. Kuala Lumpur,indian,91.5
0-4,male,2020-01-01,W.P. Kuala Lumpur,indian,5.3
5-9,male,2020-01-01,W.P. Kuala Lumpur,indian,5.8
10-14,male,2020-01-01,W.P. Kuala Lumpur,indian,7.7
15-19,male,2020-01-01,W.P. Kuala Lumpur,indian,8.1
20-24,male,2020-01-01,W.P. Kuala Lumpur,indian,6.0
25-29,male,2020-01-01,W.P. Kuala Lumpur,indian,6.7
30-34,male,2020-01-01,W.P. Kuala Lumpur,indian,8.5
35-39,male,2020-01-01,W.P. Kuala Lumpur,indian,10.1
40-44,male,2020-01-01,W.P. Kuala Lumpur,indian,8.3
45-49,male,2020-01-01,W.P. Kuala Lumpur,indian,7.4
50-54,male,2020-01-01,W.P. Kuala Lumpur,indian,4.7
55-59,male,2020-01-01,W.P. Kuala Lumpur,indian,4.4
60-64,male,2020-01-01,W.P. Kuala Lumpur,indian,2.8
65-69,male,2020-01-01,W.P. Kuala Lumpur,indian,2.3
70-74,male,2020-01-01,W.P. Kuala Lumpur,indian,1.6
75-79,male,2020-01-01,W.P. Kuala Lumpur,indian,0.8
80-84,male,2020-01-01,W.P. Kuala Lumpur,indian,0.6
85+,male,2020-01-01,W.P. Kuala Lumpur,indian,0.3
overall_age,female,2020-01-01,W.P. Kuala Lumpur,indian,86.6
0-4,female,2020-01-01,W.P. Kuala Lumpur,indian,5.4
5-9,female,2020-01-01,W.P. Kuala Lumpur,indian,5.1
10-14,female,2020-01-01,W.P. Kuala Lumpur,indian,6.2
15-19,female,2020-01-01,W.P. Kuala Lumpur,indian,6.7
20-24,female,2020-01-01,W.P. Kuala Lumpur,indian,5.2
25-29,female,2020-01-01,W.P. Kuala Lumpur,indian,6.9
30-34,female,2020-01-01,W.P. Kuala Lumpur,indian,8.5
35-39,female,2020-01-01,W.P. Kuala Lumpur,indian,9.9
40-44,female,2020-01-01,W.P. Kuala Lumpur,indian,8.0
45-49,female,2020-01-01,W.P. Kuala Lumpur,indian,6.8
50-54,female,2020-01-01,W.P. Kuala Lumpur,indian,4.5
55-59,female,2020-01-01,W.P. Kuala Lumpur,indian,4.4
60-64,female,2020-01-01,W.P. Kuala Lumpur,indian,3.0
65-69,female,2020-01-01,W.P. Kuala Lumpur,indian,2.3
70-74,female,2020-01-01,W.P. Kuala Lumpur,indian,1.8
75-79,female,2020-01-01,W.P. Kuala Lumpur,indian,1.0
80-84,female,2020-01-01,W.P. Kuala Lumpur,indian,0.5
85+,female,2020-01-01,W.P. Kuala Lumpur,indian,0.4
overall_age,overall_sex,2020-01-01,W.P. Labuan,indian,0.9
0-4,overall_sex,2020-01-01,W.P. Labuan,indian,0.1
5-9,overall_sex,2020-01-01,W.P. Labuan,indian,0.0
10-14,overall_sex,2020-01-01,W.P. Labuan,indian,0.1
15-19,overall_sex,2020-01-01,W.P. Labuan,indian,0.1
20-24,overall_sex,2020-01-01,W.P. Labuan,indian,0.1
25-29,overall_sex,2020-01-01,W.P. Labuan,indian,0.1
30-34,overall_sex,2020-01-01,W.P. Labuan,indian,0.1
35-39,overall_sex,2020-01-01,W.P. Labuan,indian,0.1
40-44,overall_sex,2020-01-01,W.P. Labuan,indian,0.0
45-49,overall_sex,2020-01-01,W.P. Labuan,indian,0.0
50-54,overall_sex,2020-01-01,W.P. Labuan,indian,0.0
55-59,overall_sex,2020-01-01,W.P. Labuan,indian,0.0
60-64,overall_sex,2020-01-01,W.P. Labuan,indian,0.0
65-69,overall_sex,2020-01-01,W.P. Labuan,indian,0.0
70-74,overall_sex,2020-01-01,W.P. Labuan,indian,0.0
75-79,overall_sex,2020-01-01,W.P. Labuan,indian,0.0
80-84,overall_sex,2020-01-01,W.P. Labuan,indian,0.0
85+,overall_sex,2020-01-01,W.P. Labuan,indian,0.0
overall_age,male,2020-01-01,W.P. Labuan,indian,0.4
0-4,male,2020-01-01,W.P. Labuan,indian,0.1
5-9,male,2020-01-01,W.P. Labuan,indian,0.0
10-14,male,2020-01-01,W.P. Labuan,indian,0.0
15-19,male,2020-01-01,W.P. Labuan,indian,0.1
20-24,male,2020-01-01,W.P. Labuan,indian,0.0
25-29,male,2020-01-01,W.P. Labuan,indian,0.0
30-34,male,2020-01-01,W.P. Labuan,indian,0.0
35-39,male,2020-01-01,W.P. Labuan,indian,0.1
40-44,male,2020-01-01,W.P. Labuan,indian,0.0
45-49,male,2020-01-01,W.P. Labuan,indian,0.0
50-54,male,2020-01-01,W.P. Labuan,indian,0.0
55-59,male,2020-01-01,W.P. Labuan,indian,0.0
60-64,male,2020-01-01,W.P. Labuan,indian,0.0
65-69,male,2020-01-01,W.P. Labuan,indian,0.0
70-74,male,2020-01-01,W.P. Labuan,indian,0.0
75-79,male,2020-01-01,W.P. Labuan,indian,0.0
80-84,male,2020-01-01,W.P. Labuan,indian,0.0
85+,male,2020-01-01,W.P. Labuan,indian,0.0
overall_age,female,2020-01-01,W.P. Labuan,indian,0.5
0-4,female,2020-01-01,W.P. Labuan,indian,0.0
5-9,female,2020-01-01,W.P. Labuan,indian,0.0
10-14,female,2020-01-01,W.P. Labuan,indian,0.0
15-19,female,2020-01-01,W.P. Labuan,indian,0.1
20-24,female,2020-01-01,W.P. Labuan,indian,0.1
25-29,female,2020-01-01,W.P. Labuan,indian,0.0
30-34,female,2020-01-01,W.P. Labuan,indian,0.0
35-39,female,2020-01-01,W.P. Labuan,indian,0.1
40-44,female,2020-01-01,W.P. Labuan,indian,0.0
45-49,female,2020-01-01,W.P. Labuan,indian,0.0
50-54,female,2020-01-01,W.P. Labuan,indian,0.0
55-59,female,2020-01-01,W.P. Labuan,indian,0.0
60-64,female,2020-01-01,W.P. Labuan,indian,0.0
65-69,female,2020-01-01,W.P. Labuan,indian,0.0
70-74,female,2020-01-01,W.P. Labuan,indian,0.0
75-79,female,2020-01-01,W.P. Labuan,indian,0.0
80-84,female,2020-01-01,W.P. Labuan,indian,0.0
85+,female,2020-01-01,W.P. Labuan,indian,0.0
overall_age,overall_sex,2020-01-01,W.P. Putrajaya,indian,1.3
0-4,overall_sex,2020-01-01,W.P. Putrajaya,indian,0.1
5-9,overall_sex,2020-01-01,W.P. Putrajaya,indian,0.1
10-14,overall_sex,2020-01-01,W.P. Putrajaya,indian,0.1
15-19,overall_sex,2020-01-01,W.P. Putrajaya,indian,0.1
20-24,overall_sex,2020-01-01,W.P. Putrajaya,indian,0.1
25-29,overall_sex,2020-01-01,W.P. Putrajaya,indian,0.1
30-34,overall_sex,2020-01-01,W.P. Putrajaya,indian,0.1
35-39,overall_sex,2020-01-01,W.P. Putrajaya,indian,0.3
40-44,overall_sex,2020-01-01,W.P. Putrajaya,indian,0.1
45-49,overall_sex,2020-01-01,W.P. Putrajaya,indian,0.1
50-54,overall_sex,2020-01-01,W.P. Putrajaya,indian,0.0
55-59,overall_sex,2020-01-01,W.P. Putrajaya,indian,0.0
60-64,overall_sex,2020-01-01,W.P. Putrajaya,indian,0.0
65-69,overall_sex,2020-01-01,W.P. Putrajaya,indian,0.0
70-74,overall_sex,2020-01-01,W.P. Putrajaya,indian,0.0
75-79,overall_sex,2020-01-01,W.P. Putrajaya,indian,0.0
80-84,overall_sex,2020-01-01,W.P. Putrajaya,indian,0.0
85+,overall_sex,2020-01-01,W.P. Putrajaya,indian,0.0
overall_age,male,2020-01-01,W.P. Putrajaya,indian,0.6
0-4,male,2020-01-01,W.P. Putrajaya,indian,0.1
5-9,male,2020-01-01,W.P. Putrajaya,indian,0.1
10-14,male,2020-01-01,W.P. Putrajaya,indian,0.0
15-19,male,2020-01-01,W.P. Putrajaya,indian,0.0
20-24,male,2020-01-01,W.P. Putrajaya,indian,0.0
25-29,male,2020-01-01,W.P. Putrajaya,indian,0.0
30-34,male,2020-01-01,W.P. Putrajaya,indian,0.1
35-39,male,2020-01-01,W.P. Putrajaya,indian,0.1
40-44,male,2020-01-01,W.P. Putrajaya,indian,0.1
45-49,male,2020-01-01,W.P. Putrajaya,indian,0.0
50-54,male,2020-01-01,W.P. Putrajaya,indian,0.0
55-59,male,2020-01-01,W.P. Putrajaya,indian,0.0
60-64,male,2020-01-01,W.P. Putrajaya,indian,0.0
65-69,male,2020-01-01,W.P. Putrajaya,indian,0.0
70-74,male,2020-01-01,W.P. Putrajaya,indian,0.0
75-79,male,2020-01-01,W.P. Putrajaya,indian,0.0
80-84,male,2020-01-01,W.P. Putrajaya,indian,0.0
85+,male,2020-01-01,W.P. Putrajaya,indian,0.0
overall_age,female,2020-01-01,W.P. Putrajaya,indian,0.7
0-4,female,2020-01-01,W.P. Putrajaya,indian,0.1
5-9,female,2020-01-01,W.P. Putrajaya,indian,0.1
10-14,female,2020-01-01,W.P. Putrajaya,indian,0.0
15-19,female,2020-01-01,W.P. Putrajaya,indian,0.0
20-24,female,2020-01-01,W.P. Putrajaya,indian,0.0
25-29,female,2020-01-01,W.P. Putrajaya,indian,0.1
30-34,female,2020-01-01,W.P. Putrajaya,indian,0.1
35-39,female,2020-01-01,W.P. Putrajaya,indian,0.2
40-44,female,2020-01-01,W.P. Putrajaya,indian,0.1
45-49,female,2020-01-01,W.P. Putrajaya,indian,0.0
50-54,female,2020-01-01,W.P. Putrajaya,indian,0.0
55-59,female,2020-01-01,W.P. Putrajaya,indian,0.0
60-64,female,2020-01-01,W.P. Putrajaya,indian,0.0
65-69,female,2020-01-01,W.P. Putrajaya,indian,0.0
70-74,female,2020-01-01,W.P. Putrajaya,indian,0.0
75-79,female,2020-01-01,W.P. Putrajaya,indian,0.0
80-84,female,2020-01-01,W.P. Putrajaya,indian,0.0
85+,female,2020-01-01,W.P. Putrajaya,indian,0.0
overall_age,overall_sex,2020-01-01,Johor,other_citizen,18.4
0-4,overall_sex,2020-01-01,Johor,other_citizen,1.2
5-9,overall_sex,2020-01-01,Johor,other_citizen,1.1
10-14,overall_sex,2020-01-01,Johor,other_citizen,1.1
15-19,overall_sex,2020-01-01,Johor,other_citizen,4.3
20-24,overall_sex,2020-01-01,Johor,other_citizen,2.5
25-29,overall_sex,2020-01-01,Johor,other_citizen,1.1
30-34,overall_sex,2020-01-01,Johor,other_citizen,0.9
35-39,overall_sex,2020-01-01,Johor,other_citizen,0.5
40-44,overall_sex,2020-01-01,Johor,other_citizen,1.5
45-49,overall_sex,2020-01-01,Johor,other_citizen,1.1
50-54,overall_sex,2020-01-01,Johor,other_citizen,0.7
55-59,overall_sex,2020-01-01,Johor,other_citizen,0.6
60-64,overall_sex,2020-01-01,Johor,other_citizen,0.8
65-69,overall_sex,2020-01-01,Johor,other_citizen,1.0
70-74,overall_sex,2020-01-01,Johor,other_citizen,0.1
75-79,overall_sex,2020-01-01,Johor,other_citizen,0.1
80-84,overall_sex,2020-01-01,Johor,other_citizen,0.0
85+,overall_sex,2020-01-01,Johor,other_citizen,0.0
overall_age,male,2020-01-01,Johor,other_citizen,11.1
0-4,male,2020-01-01,Johor,other_citizen,0.6
5-9,male,2020-01-01,Johor,other_citizen,0.5
10-14,male,2020-01-01,Johor,other_citizen,0.6
15-19,male,2020-01-01,Johor,other_citizen,2.9
20-24,male,2020-01-01,Johor,other_citizen,1.3
25-29,male,2020-01-01,Johor,other_citizen,0.3
30-34,male,2020-01-01,Johor,other_citizen,0.7
35-39,male,2020-01-01,Johor,other_citizen,0.3
40-44,male,2020-01-01,Johor,other_citizen,1.1
45-49,male,2020-01-01,Johor,other_citizen,0.8
50-54,male,2020-01-01,Johor,other_citizen,0.4
55-59,male,2020-01-01,Johor,other_citizen,0.3
60-64,male,2020-01-01,Johor,other_citizen,0.6
65-69,male,2020-01-01,Johor,other_citizen,0.5
70-74,male,2020-01-01,Johor,other_citizen,0.1
75-79,male,2020-01-01,Johor,other_citizen,0.0
80-84,male,2020-01-01,Johor,other_citizen,0.0
85+,male,2020-01-01,Johor,other_citizen,0.0
overall_age,female,2020-01-01,Johor,other_citizen,7.3
0-4,female,2020-01-01,Johor,other_citizen,0.6
5-9,female,2020-01-01,Johor,other_citizen,0.6
10-14,female,2020-01-01,Johor,other_citizen,0.5
15-19,female,2020-01-01,Johor,other_citizen,1.3
20-24,female,2020-01-01,Johor,other_citizen,1.2
25-29,female,2020-01-01,Johor,other_citizen,0.8
30-34,female,2020-01-01,Johor,other_citizen,0.2
35-39,female,2020-01-01,Johor,other_citizen,0.3
40-44,female,2020-01-01,Johor,other_citizen,0.3
45-49,female,2020-01-01,Johor,other_citizen,0.2
50-54,female,2020-01-01,Johor,other_citizen,0.3
55-59,female,2020-01-01,Johor,other_citizen,0.2
60-64,female,2020-01-01,Johor,other_citizen,0.1
65-69,female,2020-01-01,Johor,other_citizen,0.4
70-74,female,2020-01-01,Johor,other_citizen,0.1
75-79,female,2020-01-01,Johor,other_citizen,0.0
80-84,female,2020-01-01,Johor,other_citizen,0.0
85+,female,2020-01-01,Johor,other_citizen,0.0
overall_age,overall_sex,2020-01-01,Kedah,other_citizen,25.7
0-4,overall_sex,2020-01-01,Kedah,other_citizen,2.3
5-9,overall_sex,2020-01-01,Kedah,other_citizen,2.7
10-14,overall_sex,2020-01-01,Kedah,other_citizen,1.8
15-19,overall_sex,2020-01-01,Kedah,other_citizen,2.1
20-24,overall_sex,2020-01-01,Kedah,other_citizen,2.7
25-29,overall_sex,2020-01-01,Kedah,other_citizen,1.8
30-34,overall_sex,2020-01-01,Kedah,other_citizen,2.2
35-39,overall_sex,2020-01-01,Kedah,other_citizen,1.8
40-44,overall_sex,2020-01-01,Kedah,other_citizen,1.4
45-49,overall_sex,2020-01-01,Kedah,other_citizen,1.3
50-54,overall_sex,2020-01-01,Kedah,other_citizen,1.4
55-59,overall_sex,2020-01-01,Kedah,other_citizen,1.3
60-64,overall_sex,2020-01-01,Kedah,other_citizen,1.0
65-69,overall_sex,2020-01-01,Kedah,other_citizen,0.9
70-74,overall_sex,2020-01-01,Kedah,other_citizen,0.6
75-79,overall_sex,2020-01-01,Kedah,other_citizen,0.3
80-84,overall_sex,2020-01-01,Kedah,other_citizen,0.1
85+,overall_sex,2020-01-01,Kedah,other_citizen,0.1
overall_age,male,2020-01-01,Kedah,other_citizen,13.5
0-4,male,2020-01-01,Kedah,other_citizen,1.2
5-9,male,2020-01-01,Kedah,other_citizen,1.4
10-14,male,2020-01-01,Kedah,other_citizen,1.0
15-19,male,2020-01-01,Kedah,other_citizen,1.2
20-24,male,2020-01-01,Kedah,other_citizen,1.7
25-29,male,2020-01-01,Kedah,other_citizen,1.0
30-34,male,2020-01-01,Kedah,other_citizen,1.1
35-39,male,2020-01-01,Kedah,other_citizen,0.9
40-44,male,2020-01-01,Kedah,other_citizen,0.6
45-49,male,2020-01-01,Kedah,other_citizen,0.6
50-54,male,2020-01-01,Kedah,other_citizen,0.7
55-59,male,2020-01-01,Kedah,other_citizen,0.7
60-64,male,2020-01-01,Kedah,other_citizen,0.5
65-69,male,2020-01-01,Kedah,other_citizen,0.4
70-74,male,2020-01-01,Kedah,other_citizen,0.3
75-79,male,2020-01-01,Kedah,other_citizen,0.1
80-84,male,2020-01-01,Kedah,other_citizen,0.0
85+,male,2020-01-01,Kedah,other_citizen,0.0
overall_age,female,2020-01-01,Kedah,other_citizen,12.2
0-4,female,2020-01-01,Kedah,other_citizen,1.1
5-9,female,2020-01-01,Kedah,other_citizen,1.3
10-14,female,2020-01-01,Kedah,other_citizen,0.8
15-19,female,2020-01-01,Kedah,other_citizen,0.8
20-24,female,2020-01-01,Kedah,other_citizen,1.0
25-29,female,2020-01-01,Kedah,other_citizen,0.8
30-34,female,2020-01-01,Kedah,other_citizen,1.2
35-39,female,2020-01-01,Kedah,other_citizen,0.9
40-44,female,2020-01-01,Kedah,other_citizen,0.8
45-49,female,2020-01-01,Kedah,other_citizen,0.7
50-54,female,2020-01-01,Kedah,other_citizen,0.6
55-59,female,2020-01-01,Kedah,other_citizen,0.6
60-64,female,2020-01-01,Kedah,other_citizen,0.5
65-69,female,2020-01-01,Kedah,other_citizen,0.5
70-74,female,2020-01-01,Kedah,other_citizen,0.3
75-79,female,2020-01-01,Kedah,other_citizen,0.2
80-84,female,2020-01-01,Kedah,other_citizen,0.1
85+,female,2020-01-01,Kedah,other_citizen,0.0
overall_age,overall_sex,2020-01-01,Kelantan,other_citizen,11.0
0-4,overall_sex,2020-01-01,Kelantan,other_citizen,0.8
5-9,overall_sex,2020-01-01,Kelantan,other_citizen,0.9
10-14,overall_sex,2020-01-01,Kelantan,other_citizen,0.9
15-19,overall_sex,2020-01-01,Kelantan,other_citizen,0.8
20-24,overall_sex,2020-01-01,Kelantan,other_citizen,0.8
25-29,overall_sex,2020-01-01,Kelantan,other_citizen,0.7
30-34,overall_sex,2020-01-01,Kelantan,other_citizen,0.7
35-39,overall_sex,2020-01-01,Kelantan,other_citizen,0.8
40-44,overall_sex,2020-01-01,Kelantan,other_citizen,0.7
45-49,overall_sex,2020-01-01,Kelantan,other_citizen,0.7
50-54,overall_sex,2020-01-01,Kelantan,other_citizen,0.7
55-59,overall_sex,2020-01-01,Kelantan,other_citizen,0.7
60-64,overall_sex,2020-01-01,Kelantan,other_citizen,0.6
65-69,overall_sex,2020-01-01,Kelantan,other_citizen,0.5
70-74,overall_sex,2020-01-01,Kelantan,other_citizen,0.3
75-79,overall_sex,2020-01-01,Kelantan,other_citizen,0.2
80-84,overall_sex,2020-01-01,Kelantan,other_citizen,0.1
85+,overall_sex,2020-01-01,Kelantan,other_citizen,0.1
overall_age,male,2020-01-01,Kelantan,other_citizen,5.4
0-4,male,2020-01-01,Kelantan,other_citizen,0.4
5-9,male,2020-01-01,Kelantan,other_citizen,0.5
10-14,male,2020-01-01,Kelantan,other_citizen,0.5
15-19,male,2020-01-01,Kelantan,other_citizen,0.4
20-24,male,2020-01-01,Kelantan,other_citizen,0.4
25-29,male,2020-01-01,Kelantan,other_citizen,0.4
30-34,male,2020-01-01,Kelantan,other_citizen,0.4
35-39,male,2020-01-01,Kelantan,other_citizen,0.4
40-44,male,2020-01-01,Kelantan,other_citizen,0.3
45-49,male,2020-01-01,Kelantan,other_citizen,0.3
50-54,male,2020-01-01,Kelantan,other_citizen,0.3
55-59,male,2020-01-01,Kelantan,other_citizen,0.3
60-64,male,2020-01-01,Kelantan,other_citizen,0.3
65-69,male,2020-01-01,Kelantan,other_citizen,0.2
70-74,male,2020-01-01,Kelantan,other_citizen,0.2
75-79,male,2020-01-01,Kelantan,other_citizen,0.1
80-84,male,2020-01-01,Kelantan,other_citizen,0.1
85+,male,2020-01-01,Kelantan,other_citizen,0.0
overall_age,female,2020-01-01,Kelantan,other_citizen,5.5
0-4,female,2020-01-01,Kelantan,other_citizen,0.4
5-9,female,2020-01-01,Kelantan,other_citizen,0.4
10-14,female,2020-01-01,Kelantan,other_citizen,0.4
15-19,female,2020-01-01,Kelantan,other_citizen,0.4
20-24,female,2020-01-01,Kelantan,other_citizen,0.4
25-29,female,2020-01-01,Kelantan,other_citizen,0.3
30-34,female,2020-01-01,Kelantan,other_citizen,0.3
35-39,female,2020-01-01,Kelantan,other_citizen,0.4
40-44,female,2020-01-01,Kelantan,other_citizen,0.4
45-49,female,2020-01-01,Kelantan,other_citizen,0.4
50-54,female,2020-01-01,Kelantan,other_citizen,0.4
55-59,female,2020-01-01,Kelantan,other_citizen,0.4
60-64,female,2020-01-01,Kelantan,other_citizen,0.3
65-69,female,2020-01-01,Kelantan,other_citizen,0.3
70-74,female,2020-01-01,Kelantan,other_citizen,0.2
75-79,female,2020-01-01,Kelantan,other_citizen,0.1
80-84,female,2020-01-01,Kelantan,other_citizen,0.1
85+,female,2020-01-01,Kelantan,other_citizen,0.1
overall_age,overall_sex,2020-01-01,Melaka,other_citizen,5.1
0-4,overall_sex,2020-01-01,Melaka,other_citizen,0.3
5-9,overall_sex,2020-01-01,Melaka,other_citizen,0.3
10-14,overall_sex,2020-01-01,Melaka,other_citizen,0.2
15-19,overall_sex,2020-01-01,Melaka,other_citizen,0.4
20-24,overall_sex,2020-01-01,Melaka,other_citizen,0.5
25-29,overall_sex,2020-01-01,Melaka,other_citizen,0.6
30-34,overall_sex,2020-01-01,Melaka,other_citizen,0.6
35-39,overall_sex,2020-01-01,Melaka,other_citizen,0.5
40-44,overall_sex,2020-01-01,Melaka,other_citizen,0.4
45-49,overall_sex,2020-01-01,Melaka,other_citizen,0.3
50-54,overall_sex,2020-01-01,Melaka,other_citizen,0.3
55-59,overall_sex,2020-01-01,Melaka,other_citizen,0.3
60-64,overall_sex,2020-01-01,Melaka,other_citizen,0.2
65-69,overall_sex,2020-01-01,Melaka,other_citizen,0.1
70-74,overall_sex,2020-01-01,Melaka,other_citizen,0.1
75-79,overall_sex,2020-01-01,Melaka,other_citizen,0.1
80-84,overall_sex,2020-01-01,Melaka,other_citizen,0.0
85+,overall_sex,2020-01-01,Melaka,other_citizen,0.0
overall_age,male,2020-01-01,Melaka,other_citizen,2.8
0-4,male,2020-01-01,Melaka,other_citizen,0.2
5-9,male,2020-01-01,Melaka,other_citizen,0.1
10-14,male,2020-01-01,Melaka,other_citizen,0.1
15-19,male,2020-01-01,Melaka,other_citizen,0.2
20-24,male,2020-01-01,Melaka,other_citizen,0.3
25-29,male,2020-01-01,Melaka,other_citizen,0.4
30-34,male,2020-01-01,Melaka,other_citizen,0.4
35-39,male,2020-01-01,Melaka,other_citizen,0.2
40-44,male,2020-01-01,Melaka,other_citizen,0.2
45-49,male,2020-01-01,Melaka,other_citizen,0.1
50-54,male,2020-01-01,Melaka,other_citizen,0.1
55-59,male,2020-01-01,Melaka,other_citizen,0.1
60-64,male,2020-01-01,Melaka,other_citizen,0.1
65-69,male,2020-01-01,Melaka,other_citizen,0.1
70-74,male,2020-01-01,Melaka,other_citizen,0.1
75-79,male,2020-01-01,Melaka,other_citizen,0.0
80-84,male,2020-01-01,Melaka,other_citizen,0.0
85+,male,2020-01-01,Melaka,other_citizen,0.0
overall_age,female,2020-01-01,Melaka,other_citizen,2.3
0-4,female,2020-01-01,Melaka,other_citizen,0.1
5-9,female,2020-01-01,Melaka,other_citizen,0.1
10-14,female,2020-01-01,Melaka,other_citizen,0.1
15-19,female,2020-01-01,Melaka,other_citizen,0.2
20-24,female,2020-01-01,Melaka,other_citizen,0.2
25-29,female,2020-01-01,Melaka,other_citizen,0.2
30-34,female,2020-01-01,Melaka,other_citizen,0.2
35-39,female,2020-01-01,Melaka,other_citizen,0.2
40-44,female,2020-01-01,Melaka,other_citizen,0.2
45-49,female,2020-01-01,Melaka,other_citizen,0.2
50-54,female,2020-01-01,Melaka,other_citizen,0.1
55-59,female,2020-01-01,Melaka,other_citizen,0.1
60-64,female,2020-01-01,Melaka,other_citizen,0.1
65-69,female,2020-01-01,Melaka,other_citizen,0.1
70-74,female,2020-01-01,Melaka,other_citizen,0.1
75-79,female,2020-01-01,Melaka,other_citizen,0.0
80-84,female,2020-01-01,Melaka,other_citizen,0.0
85+,female,2020-01-01,Melaka,other_citizen,0.0
overall_age,overall_sex,2020-01-01,Negeri Sembilan,other_citizen,5.7
0-4,overall_sex,2020-01-01,Negeri Sembilan,other_citizen,0.4
5-9,overall_sex,2020-01-01,Negeri Sembilan,other_citizen,0.4
10-14,overall_sex,2020-01-01,Negeri Sembilan,other_citizen,0.4
15-19,overall_sex,2020-01-01,Negeri Sembilan,other_citizen,0.3
20-24,overall_sex,2020-01-01,Negeri Sembilan,other_citizen,0.5
25-29,overall_sex,2020-01-01,Negeri Sembilan,other_citizen,0.7
30-34,overall_sex,2020-01-01,Negeri Sembilan,other_citizen,0.8
35-39,overall_sex,2020-01-01,Negeri Sembilan,other_citizen,0.7
40-44,overall_sex,2020-01-01,Negeri Sembilan,other_citizen,0.4
45-49,overall_sex,2020-01-01,Negeri Sembilan,other_citizen,0.3
50-54,overall_sex,2020-01-01,Negeri Sembilan,other_citizen,0.2
55-59,overall_sex,2020-01-01,Negeri Sembilan,other_citizen,0.2
60-64,overall_sex,2020-01-01,Negeri Sembilan,other_citizen,0.2
65-69,overall_sex,2020-01-01,Negeri Sembilan,other_citizen,0.1
70-74,overall_sex,2020-01-01,Negeri Sembilan,other_citizen,0.1
75-79,overall_sex,2020-01-01,Negeri Sembilan,other_citizen,0.0
80-84,overall_sex,2020-01-01,Negeri Sembilan,other_citizen,0.0
85+,overall_sex,2020-01-01,Negeri Sembilan,other_citizen,0.0
overall_age,male,2020-01-01,Negeri Sembilan,other_citizen,3.5
0-4,male,2020-01-01,Negeri Sembilan,other_citizen,0.2
5-9,male,2020-01-01,Negeri Sembilan,other_citizen,0.2
10-14,male,2020-01-01,Negeri Sembilan,other_citizen,0.2
15-19,male,2020-01-01,Negeri Sembilan,other_citizen,0.2
20-24,male,2020-01-01,Negeri Sembilan,other_citizen,0.3
25-29,male,2020-01-01,Negeri Sembilan,other_citizen,0.5
30-34,male,2020-01-01,Negeri Sembilan,other_citizen,0.6
35-39,male,2020-01-01,Negeri Sembilan,other_citizen,0.4
40-44,male,2020-01-01,Negeri Sembilan,other_citizen,0.2
45-49,male,2020-01-01,Negeri Sembilan,other_citizen,0.1
50-54,male,2020-01-01,Negeri Sembilan,other_citizen,0.1
55-59,male,2020-01-01,Negeri Sembilan,other_citizen,0.1
60-64,male,2020-01-01,Negeri Sembilan,other_citizen,0.1
65-69,male,2020-01-01,Negeri Sembilan,other_citizen,0.1
70-74,male,2020-01-01,Negeri Sembilan,other_citizen,0.0
75-79,male,2020-01-01,Negeri Sembilan,other_citizen,0.0
80-84,male,2020-01-01,Negeri Sembilan,other_citizen,0.0
85+,male,2020-01-01,Negeri Sembilan,other_citizen,0.0
overall_age,female,2020-01-01,Negeri Sembilan,other_citizen,2.3
0-4,female,2020-01-01,Negeri Sembilan,other_citizen,0.2
5-9,female,2020-01-01,Negeri Sembilan,other_citizen,0.2
10-14,female,2020-01-01,Negeri Sembilan,other_citizen,0.2
15-19,female,2020-01-01,Negeri Sembilan,other_citizen,0.1
20-24,female,2020-01-01,Negeri Sembilan,other_citizen,0.2
25-29,female,2020-01-01,Negeri Sembilan,other_citizen,0.2
30-34,female,2020-01-01,Negeri Sembilan,other_citizen,0.2
35-39,female,2020-01-01,Negeri Sembilan,other_citizen,0.2
40-44,female,2020-01-01,Negeri Sembilan,other_citizen,0.2
45-49,female,2020-01-01,Negeri Sembilan,other_citizen,0.2
50-54,female,2020-01-01,Negeri Sembilan,other_citizen,0.1
55-59,female,2020-01-01,Negeri Sembilan,other_citizen,0.1
60-64,female,2020-01-01,Negeri Sembilan,other_citizen,0.1
65-69,female,2020-01-01,Negeri Sembilan,other_citizen,0.1
70-74,female,2020-01-01,Negeri Sembilan,other_citizen,0.0
75-79,female,2020-01-01,Negeri Sembilan,other_citizen,0.0
80-84,female,2020-01-01,Negeri Sembilan,other_citizen,0.0
85+,female,2020-01-01,Negeri Sembilan,other_citizen,0.0
overall_age,overall_sex,2020-01-01,Pahang,other_citizen,9.2
0-4,overall_sex,2020-01-01,Pahang,other_citizen,0.8
5-9,overall_sex,2020-01-01,Pahang,other_citizen,0.6
10-14,overall_sex,2020-01-01,Pahang,other_citizen,0.5
15-19,overall_sex,2020-01-01,Pahang,other_citizen,0.6
20-24,overall_sex,2020-01-01,Pahang,other_citizen,0.8
25-29,overall_sex,2020-01-01,Pahang,other_citizen,1.0
30-34,overall_sex,2020-01-01,Pahang,other_citizen,1.1
35-39,overall_sex,2020-01-01,Pahang,other_citizen,1.0
40-44,overall_sex,2020-01-01,Pahang,other_citizen,0.8
45-49,overall_sex,2020-01-01,Pahang,other_citizen,0.6
50-54,overall_sex,2020-01-01,Pahang,other_citizen,0.4
55-59,overall_sex,2020-01-01,Pahang,other_citizen,0.3
60-64,overall_sex,2020-01-01,Pahang,other_citizen,0.2
65-69,overall_sex,2020-01-01,Pahang,other_citizen,0.2
70-74,overall_sex,2020-01-01,Pahang,other_citizen,0.1
75-79,overall_sex,2020-01-01,Pahang,other_citizen,0.0
80-84,overall_sex,2020-01-01,Pahang,other_citizen,0.0
85+,overall_sex,2020-01-01,Pahang,other_citizen,0.1
overall_age,male,2020-01-01,Pahang,other_citizen,5.7
0-4,male,2020-01-01,Pahang,other_citizen,0.3
5-9,male,2020-01-01,Pahang,other_citizen,0.3
10-14,male,2020-01-01,Pahang,other_citizen,0.2
15-19,male,2020-01-01,Pahang,other_citizen,0.4
20-24,male,2020-01-01,Pahang,other_citizen,0.5
25-29,male,2020-01-01,Pahang,other_citizen,0.7
30-34,male,2020-01-01,Pahang,other_citizen,0.8
35-39,male,2020-01-01,Pahang,other_citizen,0.7
40-44,male,2020-01-01,Pahang,other_citizen,0.5
45-49,male,2020-01-01,Pahang,other_citizen,0.4
50-54,male,2020-01-01,Pahang,other_citizen,0.2
55-59,male,2020-01-01,Pahang,other_citizen,0.2
60-64,male,2020-01-01,Pahang,other_citizen,0.1
65-69,male,2020-01-01,Pahang,other_citizen,0.1
70-74,male,2020-01-01,Pahang,other_citizen,0.0
75-79,male,2020-01-01,Pahang,other_citizen,0.0
80-84,male,2020-01-01,Pahang,other_citizen,0.0
85+,male,2020-01-01,Pahang,other_citizen,0.0
overall_age,female,2020-01-01,Pahang,other_citizen,3.5
0-4,female,2020-01-01,Pahang,other_citizen,0.4
5-9,female,2020-01-01,Pahang,other_citizen,0.2
10-14,female,2020-01-01,Pahang,other_citizen,0.3
15-19,female,2020-01-01,Pahang,other_citizen,0.3
20-24,female,2020-01-01,Pahang,other_citizen,0.4
25-29,female,2020-01-01,Pahang,other_citizen,0.3
30-34,female,2020-01-01,Pahang,other_citizen,0.3
35-39,female,2020-01-01,Pahang,other_citizen,0.3
40-44,female,2020-01-01,Pahang,other_citizen,0.3
45-49,female,2020-01-01,Pahang,other_citizen,0.2
50-54,female,2020-01-01,Pahang,other_citizen,0.2
55-59,female,2020-01-01,Pahang,other_citizen,0.1
60-64,female,2020-01-01,Pahang,other_citizen,0.1
65-69,female,2020-01-01,Pahang,other_citizen,0.0
70-74,female,2020-01-01,Pahang,other_citizen,0.0
75-79,female,2020-01-01,Pahang,other_citizen,0.0
80-84,female,2020-01-01,Pahang,other_citizen,0.0
85+,female,2020-01-01,Pahang,other_citizen,0.1
overall_age,overall_sex,2020-01-01,Perak,other_citizen,10.7
0-4,overall_sex,2020-01-01,Perak,other_citizen,0.7
5-9,overall_sex,2020-01-01,Perak,other_citizen,0.8
10-14,overall_sex,2020-01-01,Perak,other_citizen,0.7
15-19,overall_sex,2020-01-01,Perak,other_citizen,0.7
20-24,overall_sex,2020-01-01,Perak,other_citizen,1.1
25-29,overall_sex,2020-01-01,Perak,other_citizen,1.0
30-34,overall_sex,2020-01-01,Perak,other_citizen,1.0
35-39,overall_sex,2020-01-01,Perak,other_citizen,0.9
40-44,overall_sex,2020-01-01,Perak,other_citizen,0.9
45-49,overall_sex,2020-01-01,Perak,other_citizen,0.8
50-54,overall_sex,2020-01-01,Perak,other_citizen,0.6
55-59,overall_sex,2020-01-01,Perak,other_citizen,0.5
60-64,overall_sex,2020-01-01,Perak,other_citizen,0.4
65-69,overall_sex,2020-01-01,Perak,other_citizen,0.3
70-74,overall_sex,2020-01-01,Perak,other_citizen,0.2
75-79,overall_sex,2020-01-01,Perak,other_citizen,0.1
80-84,overall_sex,2020-01-01,Perak,other_citizen,0.1
85+,overall_sex,2020-01-01,Perak,other_citizen,0.0
overall_age,male,2020-01-01,Perak,other_citizen,5.4
0-4,male,2020-01-01,Perak,other_citizen,0.3
5-9,male,2020-01-01,Perak,other_citizen,0.4
10-14,male,2020-01-01,Perak,other_citizen,0.4
15-19,male,2020-01-01,Perak,other_citizen,0.4
20-24,male,2020-01-01,Perak,other_citizen,0.5
25-29,male,2020-01-01,Perak,other_citizen,0.6
30-34,male,2020-01-01,Perak,other_citizen,0.6
35-39,male,2020-01-01,Perak,other_citizen,0.5
40-44,male,2020-01-01,Perak,other_citizen,0.4
45-49,male,2020-01-01,Perak,other_citizen,0.3
50-54,male,2020-01-01,Perak,other_citizen,0.3
55-59,male,2020-01-01,Perak,other_citizen,0.2
60-64,male,2020-01-01,Perak,other_citizen,0.2
65-69,male,2020-01-01,Perak,other_citizen,0.2
70-74,male,2020-01-01,Perak,other_citizen,0.1
75-79,male,2020-01-01,Perak,other_citizen,0.1
80-84,male,2020-01-01,Perak,other_citizen,0.0
85+,male,2020-01-01,Perak,other_citizen,0.0
overall_age,female,2020-01-01,Perak,other_citizen,5.4
0-4,female,2020-01-01,Perak,other_citizen,0.3
5-9,female,2020-01-01,Perak,other_citizen,0.4
10-14,female,2020-01-01,Perak,other_citizen,0.3
15-19,female,2020-01-01,Perak,other_citizen,0.4
20-24,female,2020-01-01,Perak,other_citizen,0.5
25-29,female,2020-01-01,Perak,other_citizen,0.4
30-34,female,2020-01-01,Perak,other_citizen,0.4
35-39,female,2020-01-01,Perak,other_citizen,0.5
40-44,female,2020-01-01,Perak,other_citizen,0.5
45-49,female,2020-01-01,Perak,other_citizen,0.5
50-54,female,2020-01-01,Perak,other_citizen,0.3
55-59,female,2020-01-01,Perak,other_citizen,0.3
60-64,female,2020-01-01,Perak,other_citizen,0.2
65-69,female,2020-01-01,Perak,other_citizen,0.2
70-74,female,2020-01-01,Perak,other_citizen,0.1
75-79,female,2020-01-01,Perak,other_citizen,0.1
80-84,female,2020-01-01,Perak,other_citizen,0.0
85+,female,2020-01-01,Perak,other_citizen,0.0
overall_age,overall_sex,2020-01-01,Perlis,other_citizen,5.6
0-4,overall_sex,2020-01-01,Perlis,other_citizen,0.3
5-9,overall_sex,2020-01-01,Perlis,other_citizen,0.4
10-14,overall_sex,2020-01-01,Perlis,other_citizen,0.3
15-19,overall_sex,2020-01-01,Perlis,other_citizen,0.5
20-24,overall_sex,2020-01-01,Perlis,other_citizen,0.5
25-29,overall_sex,2020-01-01,Perlis,other_citizen,0.4
30-34,overall_sex,2020-01-01,Perlis,other_citizen,0.4
35-39,overall_sex,2020-01-01,Perlis,other_citizen,0.4
40-44,overall_sex,2020-01-01,Perlis,other_citizen,0.4
45-49,overall_sex,2020-01-01,Perlis,other_citizen,0.4
50-54,overall_sex,2020-01-01,Perlis,other_citizen,0.4
55-59,overall_sex,2020-01-01,Perlis,other_citizen,0.4
60-64,overall_sex,2020-01-01,Perlis,other_citizen,0.3
65-69,overall_sex,2020-01-01,Perlis,other_citizen,0.2
70-74,overall_sex,2020-01-01,Perlis,other_citizen,0.1
75-79,overall_sex,2020-01-01,Perlis,other_citizen,0.1
80-84,overall_sex,2020-01-01,Perlis,other_citizen,0.0
85+,overall_sex,2020-01-01,Perlis,other_citizen,0.0
overall_age,male,2020-01-01,Perlis,other_citizen,2.7
0-4,male,2020-01-01,Perlis,other_citizen,0.2
5-9,male,2020-01-01,Perlis,other_citizen,0.2
10-14,male,2020-01-01,Perlis,other_citizen,0.2
15-19,male,2020-01-01,Perlis,other_citizen,0.3
20-24,male,2020-01-01,Perlis,other_citizen,0.3
25-29,male,2020-01-01,Perlis,other_citizen,0.2
30-34,male,2020-01-01,Perlis,other_citizen,0.2
35-39,male,2020-01-01,Perlis,other_citizen,0.2
40-44,male,2020-01-01,Perlis,other_citizen,0.2
45-49,male,2020-01-01,Perlis,other_citizen,0.2
50-54,male,2020-01-01,Perlis,other_citizen,0.2
55-59,male,2020-01-01,Perlis,other_citizen,0.2
60-64,male,2020-01-01,Perlis,other_citizen,0.1
65-69,male,2020-01-01,Perlis,other_citizen,0.1
70-74,male,2020-01-01,Perlis,other_citizen,0.1
75-79,male,2020-01-01,Perlis,other_citizen,0.0
80-84,male,2020-01-01,Perlis,other_citizen,0.0
85+,male,2020-01-01,Perlis,other_citizen,0.0
overall_age,female,2020-01-01,Perlis,other_citizen,2.9
0-4,female,2020-01-01,Perlis,other_citizen,0.2
5-9,female,2020-01-01,Perlis,other_citizen,0.2
